geo,nace_r2,time_period,gva_millions,hours_thousands,labor_productivity
AT,A,2008,4350.4,527584.0,8.245890701765028
AT,A,2009,4044.6,504012.0,8.024808933120639
AT,A,2010,3801.7,487378.0,7.800311052201782
AT,A,2011,4385.3,501351.0,8.746965698682162
AT,A,2012,4096.2,452804.0,9.046298177577937
AT,A,2013,3813.7,434137.0,8.784554184508577
AT,A,2014,4118.4,435834.0,9.449469293354808
AT,A,2015,3945.0,416177.0,9.47913988519308
AT,A,2016,4150.9,413752.0,10.032338212262419
AT,A,2017,4107.9,406137.0,10.114567251937153
AT,A,2018,4224.9,393352.0,10.740761455388556
AT,A,2019,4163.7,380631.0,10.93894086398638
AT,A,2020,4035.9,403537.0,10.001313386380927
AT,A,2021,4272.6,405195.0,10.54455262281124
AT,A,2022,4416.7,395438.0,11.169133972961628
AT,A,2023,4201.6,361630.0,11.618505101899732
AT,A,2024,4294.7,349165.0,12.29991551272321
BE,A,2008,2705.9,138806.0,19.494114087287294
BE,A,2009,2838.6,143176.0,19.825948482985975
BE,A,2010,3080.0,144216.0,21.356853608476175
BE,A,2011,3095.9,145406.0,21.291418510928022
BE,A,2012,3156.5,136503.0,23.124033904016763
BE,A,2013,2885.7,137549.0,20.979432783953353
BE,A,2014,3104.6,141150.0,21.995040736804814
BE,A,2015,3572.6,142077.0,25.1455196829888
BE,A,2016,3309.7,148117.0,22.34517307263852
BE,A,2017,3470.4,149450.0,23.221144195383072
BE,A,2018,3153.7,151377.0,20.833415908625486
BE,A,2019,3296.6,152917.0,21.558100145830743
BE,A,2020,3170.8,154819.0,20.480690354543047
BE,A,2021,3141.0,153845.0,20.416653124898435
BE,A,2022,3044.0,152472.0,19.964321318012487
BE,A,2023,3299.2,145044.0,22.746201152753645
BE,A,2024,3404.9,145524.0,23.39751518649845
BG,A,2008,1900.9,1101162.0,1.7262673430430764
BG,A,2009,1732.2,1101356.0,1.5727884535064047
BG,A,2010,1544.0,1062482.0,1.4532010895243401
BG,A,2011,1632.2,1030625.0,1.5836992116434203
BG,A,2012,1452.0,966622.0,1.502138374669726
BG,A,2013,1504.7,978677.0,1.5374837663498786
BG,A,2014,1610.5,993181.0,1.6215573999099862
BG,A,2015,1484.1,965831.0,1.5366042299325657
BG,A,2016,1594.9,930491.0,1.7140412964768064
BG,A,2017,1729.8,988592.0,1.749761276643954
BG,A,2018,1698.7,925656.0,1.8351309773825266
BG,A,2019,1732.5,830766.0,2.085424776651909
BG,A,2020,1686.2,835149.0,2.0190409136573235
BG,A,2021,2192.9,783686.0,2.798187028988651
BG,A,2022,2034.5,753642.0,2.6995576148887666
BG,A,2023,1722.7,727019.0,2.369539172978973
BG,A,2024,1847.8,683240.0,2.704466951583631
CH,A,2008,2963.1,316011.0,9.376572334507344
CH,A,2009,3104.9,311879.0,9.955463497061361
CH,A,2010,2999.6,333857.0,8.984685059771099
CH,A,2011,3306.0,332798.0,9.933953930011597
CH,A,2012,3184.5,332907.0,9.565734574520812
CH,A,2013,2975.0,334228.0,8.901109422310519
CH,A,2014,3301.3,337050.0,9.794689215249964
CH,A,2015,2989.9,329378.0,9.077412577646353
CH,A,2016,3018.0,326922.0,9.231559821608824
CH,A,2017,2923.7,313742.0,9.318803347973812
CH,A,2018,3172.8,303635.0,10.449388245755594
CH,A,2019,3051.9,270920.0,11.264949062453862
CH,A,2020,3019.4,276419.0,10.923272278678384
CH,A,2021,2805.2,256170.0,10.95054065659523
CH,A,2022,3115.3,244766.0,12.72766642425827
CH,A,2023,3056.3,253811.0,12.041637281284107
CY,A,2008,406.3,50666.0,8.019184462953461
CY,A,2009,371.9,50947.0,7.299742870041415
CY,A,2010,400.4,50367.0,7.949649572140489
CY,A,2011,420.1,51007.0,8.236124453506383
CY,A,2012,401.0,47343.0,8.470101176520288
CY,A,2013,381.3,47314.0,8.05892547660312
CY,A,2014,324.5,46696.0,6.949203357889327
CY,A,2015,334.0,46124.0,7.2413494059491805
CY,A,2016,389.1,47232.0,8.238058943089431
CY,A,2017,362.4,46357.0,7.817589576547231
CY,A,2018,353.3,43772.0,8.071369825459197
CY,A,2019,375.0,44855.0,8.360271987515327
CY,A,2020,366.8,44830.0,8.18202096810172
CY,A,2021,347.9,45293.0,7.681098624511514
CY,A,2022,292.8,45703.0,6.406581624838632
CY,A,2023,294.6,45996.0,6.404904774328203
CY,A,2024,298.0,46586.0,6.396771562271927
CZ,A,2008,2327.4,332274.0,7.004460174434353
CZ,A,2009,3019.7,325802.0,9.268512777699339
CZ,A,2010,2428.6,305682.0,7.944857727965663
CZ,A,2011,2259.3,326194.0,6.926246344200078
CZ,A,2012,2451.3,315195.0,7.77709037262647
CZ,A,2013,2413.1,324879.0,7.4276884624737205
CZ,A,2014,2583.1,323416.0,7.986927053701733
CZ,A,2015,2816.1,317333.0,8.87427402759877
CZ,A,2016,2961.8,315440.0,9.389424296221152
CZ,A,2017,2843.6,319808.0,8.891584950970582
CZ,A,2018,2938.9,326152.0,9.01082930658098
CZ,A,2019,3075.0,304896.0,10.085406171284633
CZ,A,2020,3286.9,287753.0,11.422643725695302
CZ,A,2021,2838.0,293729.0,9.661967323621434
CZ,A,2022,2874.3,304948.0,9.425541403780317
CZ,A,2023,3446.6,298934.0,11.52963530411395
CZ,A,2024,3485.1,302779.0,11.510375554447302
DE,A,2008,21316.0,1265949.0,16.837961086900023
DE,A,2009,20585.4,1242690.0,16.56519325012674
DE,A,2010,20294.0,1225437.0,16.56062286351726
DE,A,2011,21069.7,1226214.0,17.182726669243703
DE,A,2012,21102.6,1199660.0,17.590483970458294
DE,A,2013,20536.2,1169964.0,17.552847779931692
DE,A,2014,22965.9,1144881.0,20.059639386102138
DE,A,2015,20055.9,1127356.0,17.790210013518358
DE,A,2016,20821.4,1103561.0,18.867466320393707
DE,A,2017,21751.1,1060775.0,20.504913860149415
DE,A,2018,18861.6,1047303.0,18.009687740797073
DE,A,2019,20558.7,1016062.0,20.233706210841465
DE,A,2020,20521.8,971364.0,21.126786662878178
DE,A,2021,24240.3,980111.0,24.73219869994317
DE,A,2022,25067.4,969462.0,25.857021729577852
DE,A,2023,22060.9,951254.0,23.191387368673354
DE,A,2024,22021.9,937659.0,23.486043433700313
DK,A,2008,2294.2,121149.0,18.937011448711914
DK,A,2009,2184.9,112506.0,19.420297584128846
DK,A,2010,2893.0,109963.0,26.308849340232623
DK,A,2011,2505.1,108182.0,23.156347636390528
DK,A,2012,2810.4,106321.0,26.43315995899211
DK,A,2013,2675.1,105051.0,25.464774252505926
DK,A,2014,3169.7,106280.0,29.824049680090326
DK,A,2015,2706.5,107855.0,25.093876037272263
DK,A,2016,2299.4,101836.0,22.579441454888254
DK,A,2017,2651.7,102730.0,25.812323566630972
DK,A,2018,2640.7,100026.0,26.400135964649188
DK,A,2019,2730.7,94749.0,28.82035694308119
DK,A,2020,2799.1,95208.0,29.39984034955046
DK,A,2021,2973.1,97298.0,30.556640424263602
DK,A,2022,2672.6,94540.0,28.26951554897398
DK,A,2023,1939.2,95342.0,20.339409704012922
DK,A,2024,1955.8,94263.0,20.748331795083967
EA,A,2008,141073.7,10883531.0,12.962125986501993
EA,A,2009,142285.5,10806758.0,13.166344615101032
EA,A,2010,141635.2,10593286.0,13.370280005656415
EA,A,2011,146983.6,10437376.0,14.082428380466508
EA,A,2012,140319.0,10251088.0,13.688205583641464
EA,A,2013,142050.3,10169931.0,13.967675886886548
EA,A,2014,151384.9,10202228.0,14.838415687240081
EA,A,2015,152527.7,10279428.0,14.8381505274418
EA,A,2016,150405.2,10312817.0,14.584298354174228
EA,A,2017,152562.4,10226240.0,14.918718903526614
EA,A,2018,151883.2,10215772.0,14.867520535892933
EA,A,2019,153806.7,9893114.0,15.546843996743595
EA,A,2020,149739.5,9600314.0,15.59735441986585
EA,A,2021,154559.5,9766454.0,15.82554937544374
EA,A,2022,153739.3,9686486.0,15.871524513636832
EA,A,2023,151060.2,9723866.0,15.53499400341387
EA,A,2024,150221.9,9669636.0,15.535424497881822
EA12,A,2008,139907.8,10642093.0,13.146643240197204
EA12,A,2009,139899.9,10427172.0,13.416859336356971
EA12,A,2010,139461.7,10232727.0,13.628986681653874
EA12,A,2011,144088.8,10025444.0,14.372311091658382
EA12,A,2012,137517.3,9847397.0,13.964837611401265
EA12,A,2013,139042.6,9767167.0,14.2357144093062
EA12,A,2014,147021.3,9673371.0,15.198559013191987
EA12,A,2015,147242.3,9499927.0,15.499308573634302
EA12,A,2016,145159.8,9561558.0,15.181605340886913
EA12,A,2017,147514.1,9501105.0,15.52599408174102
EA12,A,2018,146687.5,9501995.0,15.437547588690585
EA12,A,2019,148477.8,9202995.0,16.133639103357112
EA12,A,2020,144054.6,8934636.0,16.123163831184616
EA12,A,2021,149038.9,9127986.0,16.327687180940025
EA12,A,2022,148840.2,9041394.0,16.462085381966542
EA12,A,2023,144353.9,8961428.0,16.108359069559004
EA12,A,2024,143602.2,8896782.0,16.140914771206038
EA19,A,2008,144558.0,11492217.0,12.578773965023458
EA19,A,2009,144387.0,11238602.0,12.84741643133194
EA19,A,2010,143674.8,10994272.0,13.068150396861201
EA19,A,2011,148639.8,10795044.0,13.769263006246199
EA19,A,2012,142159.3,10618038.0,13.38847158015445
EA19,A,2013,143806.9,10522590.0,13.66649275511067
EA19,A,2014,152428.1,10436228.0,14.605669787973204
EA19,A,2015,152527.7,10279428.0,14.8381505274418
EA19,A,2016,150405.2,10312817.0,14.584298354174228
EA19,A,2017,152562.4,10226240.0,14.918718903526614
EA19,A,2018,151883.2,10215772.0,14.867520535892933
EA19,A,2019,153806.7,9893114.0,15.546843996743595
EA19,A,2020,149739.5,9600314.0,15.59735441986585
EA19,A,2021,154559.5,9766454.0,15.82554937544374
EA19,A,2022,153739.3,9686486.0,15.871524513636832
EA19,A,2023,149500.5,9571834.0,15.618793639755976
EA19,A,2024,148672.5,9511410.0,15.630963232580656
EA20,A,2008,146458.0,11877463.0,12.330747736280046
EA20,A,2009,146248.3,11630461.0,12.574591841200448
EA20,A,2010,145350.6,11397885.0,12.752418540808229
EA20,A,2011,150270.2,11195439.0,13.422448195198063
EA20,A,2012,143489.5,10939159.0,13.117050405794448
EA20,A,2013,145206.8,10792203.0,13.454787683293207
EA20,A,2014,153629.7,10671115.0,14.396780467645602
EA20,A,2015,153759.9,10508833.0,14.631491432017237
EA20,A,2016,151721.3,10511826.0,14.433391496396533
EA20,A,2017,153848.1,10433073.0,14.746192229269363
EA20,A,2018,153247.1,10401049.0,14.733811945314363
EA20,A,2019,155188.2,10083506.0,15.390301746237867
EA20,A,2020,151148.4,9792416.0,15.43525111678262
EA20,A,2021,156096.4,9969494.0,15.657404478100895
EA20,A,2022,155298.0,9866333.0,15.740194457251746
EA20,A,2023,151060.2,9723866.0,15.53499400341387
EA20,A,2024,150221.9,9669636.0,15.535424497881822
EE,A,2008,526.0,53131.0,9.900058346351472
EE,A,2009,427.7,48215.0,8.870683397283003
EE,A,2010,467.5,48921.0,9.55622329878784
EE,A,2011,506.2,51826.0,9.767298267278973
EE,A,2012,514.6,52462.0,9.809004612862644
EE,A,2013,489.1,49562.0,9.868447600984625
EE,A,2014,549.1,47615.0,11.53208022681928
EE,A,2015,564.3,47643.0,11.844342295825198
EE,A,2016,430.1,47532.0,9.048640915593705
EE,A,2017,459.5,45870.0,10.01744059298016
EE,A,2018,411.3,42401.0,9.700242918799084
EE,A,2019,505.1,40903.0,12.348727477202162
EE,A,2020,442.3,36345.0,12.169486862016784
EE,A,2021,430.0,32833.0,13.096579660707215
EE,A,2022,310.4,31229.0,9.939479330109833
EE,A,2023,284.2,33491.0,8.485861873339106
EE,A,2024,365.4,34243.0,10.670794030896824
EL,A,2008,6851.3,1176717.0,5.822385501356741
EL,A,2009,6802.9,1203870.0,5.650859312051965
EL,A,2010,6515.9,1187842.0,5.485493861978276
EL,A,2011,6691.2,1175813.0,5.690700817221786
EL,A,2012,7065.3,1258211.0,5.615353863541171
EL,A,2013,6462.2,1317532.0,4.9047765063770745
EL,A,2014,6814.0,1285111.0,5.3022657186811095
EL,A,2015,6664.2,1163589.0,5.727279993193473
EL,A,2016,6117.9,1158644.0,5.280224124062266
EL,A,2017,6838.1,1202252.0,5.68774266959007
EL,A,2018,6652.7,1202158.0,5.533964753385162
EL,A,2019,6963.8,1070516.0,6.5050872663276404
EL,A,2020,6390.5,1071808.0,5.962355197945901
EL,A,2021,6206.0,1164126.0,5.331038049145882
EL,A,2022,7110.6,1191382.0,5.968362792118733
EL,A,2023,6111.5,1161920.0,5.259828559625448
EL,A,2024,6141.5,1215860.0,5.051157205599329
ES,A,2008,26233.3,1626880.0,16.124913945712038
ES,A,2009,25378.5,1555916.0,16.310970515117784
ES,A,2010,26039.0,1551831.0,16.779533338359656
ES,A,2011,27381.4,1532619.0,17.865757895471738
ES,A,2012,24866.6,1494593.0,16.637706720157258
ES,A,2013,28306.2,1468367.0,19.27733325524205
ES,A,2014,27977.4,1468763.0,19.04827395570286
ES,A,2015,29329.1,1467630.0,19.983987789838036
ES,A,2016,30650.1,1527666.0,20.063351544120245
ES,A,2017,29581.4,1562339.0,18.934046964199194
ES,A,2018,30821.9,1542424.0,19.982767384324934
ES,A,2019,29968.1,1506694.0,19.889971022649586
ES,A,2020,29374.9,1461849.0,20.094346269689964
ES,A,2021,31444.1,1515257.0,20.751661269342428
ES,A,2022,26139.9,1478600.0,17.67881780062221
ES,A,2023,27036.7,1447339.0,18.68028153735925
ES,A,2024,29957.8,1404833.0,21.324812273060214
EU27_2020,A,2008,179350.3,23224684.0,7.722400011987245
EU27_2020,A,2009,180370.9,22565839.0,7.993095226816073
EU27_2020,A,2010,177445.0,22099741.0,8.029279619159336
EU27_2020,A,2011,183820.5,21433075.0,8.576487508208691
EU27_2020,A,2012,173895.6,21104408.0,8.239776259063984
EU27_2020,A,2013,179094.0,20747585.0,8.6320407893256
EU27_2020,A,2014,190195.6,20480261.0,9.28677617926842
EU27_2020,A,2015,188427.6,19844472.0,9.495218618061495
EU27_2020,A,2016,187064.3,19220776.0,9.732401022726657
EU27_2020,A,2017,190540.7,18990946.0,10.03323899715159
EU27_2020,A,2018,189268.1,18609884.0,10.170299825619548
EU27_2020,A,2019,191580.3,17844708.0,10.735972816142466
EU27_2020,A,2020,187772.2,17452339.0,10.759142370544144
EU27_2020,A,2021,192857.1,17835712.0,10.812974553524974
EU27_2020,A,2022,189662.2,17623687.0,10.76177760079375
EU27_2020,A,2023,188992.9,17249648.0,10.956333717650354
EU27_2020,A,2024,187474.7,16449715.0,11.396835750649785
FI,A,2008,4221.2,234600.0,17.99317988064791
FI,A,2009,4523.3,229800.0,19.683637946040037
FI,A,2010,4453.0,225400.0,19.755989352262645
FI,A,2011,4388.0,225400.0,19.467613132209404
FI,A,2012,4163.5,213500.0,19.501170960187356
FI,A,2013,4175.1,208000.0,20.072596153846156
FI,A,2014,4412.1,204400.0,21.585616438356166
FI,A,2015,4542.1,198200.0,22.916750756811304
FI,A,2016,4544.2,195800.0,23.20837589376915
FI,A,2017,4590.4,194300.0,23.625321667524442
FI,A,2018,4525.4,194400.0,23.278806584362137
FI,A,2019,5046.6,192200.0,26.257023933402706
FI,A,2020,5013.0,184800.0,27.126623376623378
FI,A,2021,4950.1,183700.0,26.94665215024497
FI,A,2022,5151.5,183300.0,28.104200763775232
FI,A,2023,4775.0,172900.0,27.61711972238288
FI,A,2024,4682.7,171000.0,27.38421052631579
FR,A,2008,29061.2,1812756.0,16.031501205898643
FR,A,2009,30863.9,1787044.0,17.270923379614604
FR,A,2010,29958.7,1756774.0,17.053246461980883
FR,A,2011,31281.5,1716207.0,18.22711362906689
FR,A,2012,28584.1,1706963.0,16.74558851012002
FR,A,2013,28068.7,1682531.0,16.682426653654524
FR,A,2014,32257.2,1651928.0,19.52700117680674
FR,A,2015,32218.8,1622044.0,19.863086328114402
FR,A,2016,28065.1,1610016.0,17.43156589748176
FR,A,2017,30298.3,1578557.0,19.193668648012075
FR,A,2018,31431.7,1570170.0,20.01802352611501
FR,A,2019,30688.3,1541248.0,19.91133159621294
FR,A,2020,28535.9,1479761.0,19.28412763953098
FR,A,2021,27165.8,1465276.0,18.53971538467838
FR,A,2022,29031.6,1450151.0,20.019708292446786
FR,A,2023,29439.4,1448622.0,20.322347720799492
FR,A,2024,25086.4,1439896.0,17.422369393345075
HR,A,2008,1882.7,385246.0,4.887007262891762
HR,A,2009,1843.2,391859.0,4.7037327201876185
HR,A,2010,1675.9,403613.0,4.152244848406766
HR,A,2011,1630.5,400395.0,4.072228674184243
HR,A,2012,1328.6,321121.0,4.137381236356388
HR,A,2013,1396.8,269613.0,5.1807590880261705
HR,A,2014,1202.5,234887.0,5.11948298543555
HR,A,2015,1231.4,229405.0,5.36779930690264
HR,A,2016,1311.1,199008.0,6.588177359704131
HR,A,2017,1282.5,206833.0,6.200654634415204
HR,A,2018,1361.7,185276.0,7.349575768043351
HR,A,2019,1379.4,190391.0,7.245090366666492
HR,A,2020,1406.3,192102.0,7.320590103174355
HR,A,2021,1535.3,203040.0,7.561564223798266
HR,A,2022,1555.3,179846.0,8.64795436095326
HR,A,2023,1554.4,152031.0,10.224230584551835
HR,A,2024,1544.0,158226.0,9.758193975705636
HU,A,2008,4454.1,576349.0,7.728130004563208
HU,A,2009,3846.9,536323.0,7.1727298661440955
HU,A,2010,2994.0,530217.0,5.646744634743888
HU,A,2011,3491.2,527923.0,6.6130856204408595
HU,A,2012,2746.9,557359.0,4.928421358585759
HU,A,2013,3155.1,533129.0,5.9180798643480275
HU,A,2014,3633.4,535819.0,6.78102120305551
HU,A,2015,3589.7,516846.0,6.945395727160508
HU,A,2016,4058.2,534355.0,7.594576639125675
HU,A,2017,3798.0,520641.0,7.294853843627375
HU,A,2018,3993.6,499248.0,7.999230843188155
HU,A,2019,3930.4,470514.0,8.353417751650325
HU,A,2020,3601.8,441848.0,8.151672068222556
HU,A,2021,3658.2,398821.0,9.172536050007396
HU,A,2022,2688.0,355634.0,7.558332442904784
HU,A,2023,3754.9,333234.0,11.268057881248613
HU,A,2024,3639.3,322118.0,11.298033639846269
IE,A,2008,1599.6,306269.0,5.222859642993577
IE,A,2009,1347.6,287436.0,4.688348014862439
IE,A,2010,1598.0,283598.0,5.634736493205171
IE,A,2011,1872.9,275797.0,6.79086429511561
IE,A,2012,1530.8,274659.0,5.573456540655867
IE,A,2013,1562.1,288016.0,5.423657019054497
IE,A,2014,1978.7,279834.0,7.070977793977859
IE,A,2015,2090.6,286131.0,7.306443552079292
IE,A,2016,2297.6,294463.0,7.802678095380403
IE,A,2017,2518.8,291544.0,8.639519249238537
IE,A,2018,2405.7,285286.0,8.43259045308918
IE,A,2019,2962.7,277668.0,10.66993675900716
IE,A,2020,2973.0,263683.0,11.27490206042862
IE,A,2021,3075.5,271640.0,11.321970254748933
IE,A,2022,3392.4,262000.0,12.948091603053435
IE,A,2023,3719.3,262382.0,14.175133964982354
IE,A,2024,3766.7,264238.0,14.254951975113345
IS,A,2008,725.8,13293.0,54.600165500639434
IS,A,2009,730.6,13906.0,52.53847260175464
IS,A,2010,652.5,14232.0,45.84738617200674
IS,A,2011,615.0,14539.0,42.30002063415641
IS,A,2012,681.6,14758.0,46.185119934950535
IS,A,2013,695.8,14524.0,47.90691269622693
IS,A,2014,689.2,13810.0,49.90586531498914
IS,A,2015,721.5,13702.0,52.65654648956357
IS,A,2016,729.4,12733.0,57.284222100054976
IS,A,2017,729.7,11551.0,63.17201973855077
IS,A,2018,777.9,11996.0,64.84661553851284
IS,A,2019,856.0,11868.0,72.12672733400743
IS,A,2020,781.2,12046.0,64.85140295533787
IS,A,2021,864.4,12155.0,71.11476758535582
IS,A,2022,922.7,12269.0,75.20580324394817
IS,A,2023,919.0,12140.0,75.7001647446458
IT,A,2008,28848.9,2247755.0,12.834539351486262
IT,A,2009,28555.2,2199100.0,12.9849483879769
IT,A,2010,28626.0,2176816.0,13.150399482546987
IT,A,2011,28847.8,2110673.0,13.667583751722793
IT,A,2012,27704.2,2038890.0,13.587883603333186
IT,A,2013,28055.2,2033258.0,13.798150554430377
IT,A,2014,27457.0,2071195.0,13.256598244008893
IT,A,2015,28755.6,2111655.0,13.617565369343001
IT,A,2016,28661.3,2165795.0,13.233616293324161
IT,A,2017,27515.3,2122186.0,12.965545904081923
IT,A,2018,28320.1,2182361.0,12.976817309326917
IT,A,2019,27751.4,2156449.0,12.869026812134207
IT,A,2020,26594.0,2060593.0,12.905993565929808
IT,A,2021,26520.8,2127658.0,12.464785223941066
IT,A,2022,27225.9,2140535.0,12.719203376725913
IT,A,2023,25833.8,2175821.0,11.873127430978927
IT,A,2024,26352.1,2186542.0,12.05195235216154
LT,A,2008,893.2,233671.0,3.82246834224187
LT,A,2009,905.8,229893.0,3.9400938697568
LT,A,2010,848.9,217894.0,3.895931049042195
LT,A,2011,904.3,215886.0,4.1887848216188175
LT,A,2012,1012.8,227757.0,4.4468446633912455
LT,A,2013,981.5,215973.0,4.544549550175254
LT,A,2014,1026.1,234000.0,4.385042735042735
LT,A,2015,1079.8,239290.0,4.512516193739813
LT,A,2016,1036.9,215981.0,4.800885263055547
LT,A,2017,1042.8,205210.0,5.081623702548608
LT,A,2018,928.5,193901.0,4.788526103527058
LT,A,2019,1026.7,179431.0,5.721976692990621
LT,A,2020,1211.2,158191.0,7.6565670613372445
LT,A,2021,1109.5,146651.0,7.565580868865538
LT,A,2022,1098.2,153622.0,7.14871567874393
LT,A,2023,1077.2,143857.0,7.487991547161418
LT,A,2024,1128.3,145397.0,7.760132602460848
LU,A,2008,97.9,6179.0,15.843987700275127
LU,A,2009,99.0,5850.0,16.923076923076923
LU,A,2010,113.8,5777.0,19.698805608447287
LU,A,2011,87.4,5756.0,15.184155663655318
LU,A,2012,103.1,5726.0,18.005588543485853
LU,A,2013,85.4,5538.0,15.420729505236547
LU,A,2014,97.4,5525.0,17.6289592760181
LU,A,2015,99.0,5533.0,17.892644135188867
LU,A,2016,98.6,5536.0,17.810693641618496
LU,A,2017,91.8,5467.0,16.79165904518017
LU,A,2018,98.9,5437.0,18.19017840720986
LU,A,2019,89.9,5413.0,16.608165527433954
LU,A,2020,81.8,6007.0,13.617446312635257
LU,A,2021,92.7,6630.0,13.981900452488688
LU,A,2022,85.5,6457.0,13.241443394765371
LU,A,2023,73.5,6204.0,11.847195357833657
LU,A,2024,98.4,6188.0,15.901745313510022
LV,A,2008,699.7,166083.0,4.212953764081814
LV,A,2009,779.4,156866.0,4.96857190213303
LV,A,2010,723.3,135290.0,5.3462931480523315
LV,A,2011,751.9,141782.0,5.303211973311139
LV,A,2012,805.9,139192.0,5.789844243922064
LV,A,2013,754.4,136685.0,5.519259611515529
LV,A,2014,834.0,134250.0,6.212290502793296
LV,A,2015,854.7,144427.0,5.917868542585528
LV,A,2016,820.1,136221.0,6.020363967376542
LV,A,2017,832.4,134692.0,6.1800255397499475
LV,A,2018,799.6,134611.0,5.940079191150797
LV,A,2019,969.5,127938.0,7.577889290124904
LV,A,2020,967.5,137953.0,7.0132581386414214
LV,A,2021,971.0,140843.0,6.894201344759767
LV,A,2022,841.4,136998.0,6.141695499204368
LV,A,2023,807.8,126162.0,6.402878838318986
LV,A,2024,849.0,124992.0,6.792434715821813
MT,A,2008,65.3,15466.0,4.222164748480537
MT,A,2009,82.1,15876.0,5.171327790375409
MT,A,2010,87.3,17251.0,5.060576198481248
MT,A,2011,73.8,16772.0,4.400190794180777
MT,A,2012,72.0,14601.0,4.931169098006986
MT,A,2013,71.8,13770.0,5.214233841684822
MT,A,2014,80.7,14718.0,5.483081940481044
MT,A,2015,84.8,15278.0,5.550464720513156
MT,A,2016,107.7,16471.0,6.5387651023010145
MT,A,2017,79.1,16085.0,4.917625116568231
MT,A,2018,75.3,16033.0,4.696563338115137
MT,A,2019,51.7,15128.0,3.4175039661554734
MT,A,2020,61.6,16462.0,3.7419511602478437
MT,A,2021,85.9,13490.0,6.36767976278725
MT,A,2022,70.6,14860.0,4.751009421265142
MT,A,2023,14.6,14160.0,1.0310734463276836
MT,A,2024,48.3,13794.0,3.501522401043932
NL,A,2008,11166.2,399653.0,27.93973772247425
NL,A,2009,11515.8,396055.0,29.07626466021133
NL,A,2010,11496.0,389735.0,29.496965887077117
NL,A,2011,11472.0,386319.0,29.695666016944546
NL,A,2012,11464.3,380057.0,30.164685823442273
NL,A,2013,11629.6,378874.0,30.69516514725212
NL,A,2014,12219.7,382764.0,31.924893668161065
NL,A,2015,12613.6,378509.0,33.32443878481093
NL,A,2016,12986.2,389738.0,33.32033314688329
NL,A,2017,13147.8,397857.0,33.046546874882175
NL,A,2018,13076.6,401167.0,32.596400002991274
NL,A,2019,13435.2,409046.0,32.84520567368951
NL,A,2020,13658.9,400406.0,34.112625684929796
NL,A,2021,13996.0,397606.0,35.200676046136124
NL,A,2022,13887.8,386547.0,35.92784318595151
NL,A,2023,13709.9,384798.0,35.62882343463323
NL,A,2024,13387.9,385042.0,34.76997314578669
NO,A,2008,4443.8,131570.0,33.77517671201642
NO,A,2009,4512.4,123620.0,36.50218411260313
NO,A,2010,4963.1,123710.0,40.11882628728478
NO,A,2011,5166.0,120180.0,42.985521717423865
NO,A,2012,5404.4,119610.0,45.18351308419028
NO,A,2013,5149.6,117010.0,44.00991368259123
NO,A,2014,5528.9,116140.0,47.60547614947477
NO,A,2015,5222.5,116240.0,44.92859600825878
NO,A,2016,4909.3,117355.0,41.83290017468366
NO,A,2017,5126.9,116687.0,43.93719951665567
NO,A,2018,5064.0,118211.0,42.838652917241205
NO,A,2019,5113.7,115486.0,44.27982612611053
NO,A,2020,5464.0,116728.0,46.80967719827291
NO,A,2021,5863.4,116387.0,50.378478696074296
NO,A,2022,6207.1,117896.0,52.64894483273394
NO,A,2023,5852.6,118858.0,49.240269901899744
NO,A,2024,5780.5,123371.0,46.854609267980315
PL,A,2008,9428.0,4349806.0,2.1674529852595725
PL,A,2009,10514.3,4132503.0,2.5442933737737152
PL,A,2010,10521.9,3890423.0,2.7045645165063026
PL,A,2011,10605.5,3900580.0,2.718954617005676
PL,A,2012,9631.5,3864148.0,2.492528754074637
PL,A,2013,10489.2,3737829.0,2.8062278932503335
PL,A,2014,10677.0,3673023.0,2.906869899807325
PL,A,2015,9767.8,3779107.0,2.5846846887373127
PL,A,2016,9814.1,3523603.0,2.7852456704117916
PL,A,2017,9961.7,3368691.0,2.9571427002357895
PL,A,2018,9099.1,3158023.0,2.8812646393012336
PL,A,2019,8909.6,2966521.0,3.0033834245569135
PL,A,2020,10250.7,3062708.0,3.3469400282364496
PL,A,2021,9103.2,3238117.0,2.811263459597044
PL,A,2022,9193.7,3239728.0,2.8377999634537225
PL,A,2023,10518.6,3006343.0,3.4988023655318106
PL,A,2024,10381.1,2482802.0,4.181203333975081
PT,A,2008,3583.6,898947.0,3.9864419148181147
PT,A,2009,3466.8,872224.0,3.974667058003449
PT,A,2010,3489.9,797923.0,4.373730297284325
PT,A,2011,3523.8,723890.0,4.867866664824767
PT,A,2012,3495.5,685832.0,5.096729228149168
PT,A,2013,3517.6,643402.0,5.467188476255902
PT,A,2014,3431.6,601989.0,5.7004363867113845
PT,A,2015,3518.5,581026.0,6.055667044159813
PT,A,2016,3511.3,548468.0,6.40201433812
PT,A,2017,3577.4,530242.0,6.746730738040367
PT,A,2018,3568.6,526561.0,6.77718251066828
PT,A,2019,3715.9,494151.0,7.519766225303602
PT,A,2020,3663.3,476010.0,7.69584672590912
PT,A,2021,3838.0,456942.0,8.399315449225503
PT,A,2022,3537.4,425051.0,8.322295442193996
PT,A,2023,3470.9,443515.0,7.825890894332773
PT,A,2024,3635.5,390834.0,9.301903109760154
RO,A,2008,7913.4,4631331.0,1.70866647190624
RO,A,2009,7744.6,4491728.0,1.7241916696647706
RO,A,2010,6642.7,4566709.0,1.4545923552387507
RO,A,2011,7745.6,4090122.0,1.893733243164874
RO,A,2012,5879.3,4098606.0,1.4344633272873752
RO,A,2013,7833.7,4011467.0,1.9528267339604188
RO,A,2014,8483.2,3907336.0,2.1710956006854802
RO,A,2015,7630.6,3384227.0,2.2547541875884805
RO,A,2016,7799.2,3052995.0,2.5546062145532504
RO,A,2017,8779.0,3007861.0,2.9186854046779422
RO,A,2018,9713.7,2940171.0,3.3037874327717676
RO,A,2019,9661.4,2845227.0,3.3956517353448423
RO,A,2020,8180.3,2684688.0,3.0470207338804363
RO,A,2021,9473.2,2820207.0,3.3590442120028783
RO,A,2022,8140.8,2767383.0,2.9416961801095116
RO,A,2023,8866.6,2831120.0,3.1318347509113003
RO,A,2024,8358.2,2667667.0,3.13314967722733
RS,A,2008,1855.4,2197596.0,0.8442862109323097
RS,A,2009,1810.1,2182259.0,0.8294615808664324
RS,A,2010,2008.7,2171532.0,0.9250151505941427
RS,A,2011,1861.7,2158480.0,0.8625050961787926
RS,A,2012,1700.3,2146654.0,0.7920698910956306
RS,A,2013,1865.8,2119002.0,0.8805088433139752
RS,A,2014,1937.1,2067741.0,0.9368194565953859
RS,A,2015,1901.3,2015286.0,0.9434392934799328
RS,A,2016,2041.7,1963106.0,1.0400355355238078
RS,A,2017,1823.9,1914350.0,0.9527515867004467
RS,A,2018,2052.7,1857902.0,1.1048483719808686
RS,A,2019,1974.5,1780398.0,1.109021690655685
RS,A,2020,2015.5,1703416.0,1.1832106778379445
RS,A,2021,1966.3,1590439.0,1.2363253164692265
RS,A,2022,1820.2,1517547.0,1.199435668219831
RS,A,2023,1955.5,1444176.0,1.3540593390279303
RS,A,2024,1818.3,1425595.0,1.275467436403747
SE,A,2008,4833.8,236270.0,20.45879713886655
SE,A,2009,5049.9,236360.0,21.365290235234387
SE,A,2010,5070.4,237560.0,21.343660548913956
SE,A,2011,5312.0,254480.0,20.87393901288903
SE,A,2012,5368.3,257500.0,20.847766990291262
SE,A,2013,5719.5,264710.0,21.60666389633939
SE,A,2014,6294.6,270400.0,23.278846153846157
SE,A,2015,6508.5,264840.0,24.57521522428636
SE,A,2016,6489.1,250630.0,25.891154291186215
SE,A,2017,6728.4,249950.0,26.91898379675935
SE,A,2018,5901.3,259960.0,22.70080012309586
SE,A,2019,6375.7,248930.0,25.612421162575824
SE,A,2020,6217.1,252970.0,24.57643198798277
SE,A,2021,6145.9,234770.0,26.178387357839586
SE,A,2022,6638.4,241920.0,27.44047619047619
SE,A,2023,6249.2,234240.0,26.678620218579233
SE,A,2024,6033.4,227660.0,26.50180093121321
SI,A,2008,705.7,175305.0,4.025555460483158
SI,A,2009,643.3,166123.0,3.872431872768972
SI,A,2010,655.9,153959.0,4.2602251248709075
SI,A,2011,687.6,150211.0,4.57756089767061
SI,A,2012,626.7,152909.0,4.098516110889483
SI,A,2013,618.0,151672.0,4.074581992721135
SI,A,2014,610.4,149979.0,4.0699031197701006
SI,A,2015,713.6,147797.0,4.828244145686313
SI,A,2016,698.4,148002.0,4.718855150606073
SI,A,2017,656.7,144005.0,4.560258324363738
SI,A,2018,769.5,147362.0,5.221834665653289
SI,A,2019,736.1,148085.0,4.970793800857615
SI,A,2020,788.4,146073.0,5.397301349325337
SI,A,2021,675.9,140209.0,4.820660585269134
SI,A,2022,700.9,140411.0,4.9917741487490295
SI,A,2023,700.4,128049.0,5.469781099422877
SI,A,2024,748.5,126048.0,5.9382140137090635
SK,A,2008,1346.6,157174.0,8.56757478972349
SK,A,2009,1275.6,146640.0,8.69885433715221
SK,A,2010,1029.9,138983.0,7.410258808631273
SK,A,2011,1207.1,140065.0,8.618141577124906
SK,A,2012,1181.9,135039.0,8.752286376528263
SK,A,2013,1432.4,140300.0,10.209550962223807
SK,A,2014,1939.6,138037.0,14.05130508486855
SK,A,2015,1591.1,138627.0,11.477562091078937
SK,A,2016,1705.6,137561.0,12.398863049846977
SK,A,2017,1542.9,133940.0,11.519337016574587
SK,A,2018,1857.3,133561.0,13.906005495616235
SK,A,2019,1564.4,133072.0,11.756041842010342
SK,A,2020,1714.5,125607.0,13.649716974372447
SK,A,2021,1796.1,121119.0,14.829217546380006
SK,A,2022,1503.3,122425.0,12.279354706963447
SK,A,2023,1930.5,120433.0,16.02965964478175
SK,A,2024,1512.7,120161.0,12.588943167916378
UK,A,2008,12123.6,821065.0,14.765700644894132
UK,A,2009,11421.0,927252.0,12.317040027953567
UK,A,2010,11368.1,996915.0,11.403279116073085
UK,A,2011,12746.9,971280.0,13.12381599538753
UK,A,2012,11661.2,925805.0,12.595741003775094
UK,A,2013,11735.3,872453.0,13.4509251501227
UK,A,2014,13336.3,1017148.0,13.111464604954245
UK,A,2015,13334.2,911674.0,14.626061508828816
UK,A,2016,12538.4,922314.0,13.594502523001928
UK,A,2017,13330.0,968633.0,13.761662053636414
UK,A,2018,12897.2,944448.0,13.655807413430916
AT,B,2008,1374.8,11280.0,121.87943262411346
AT,B,2009,1182.7,10833.0,109.17566694359827
AT,B,2010,1184.9,10457.0,113.31165726307738
AT,B,2011,1397.0,10361.0,134.8325451211273
AT,B,2012,1342.0,10737.0,124.98835801434292
AT,B,2013,1333.8,10740.0,124.1899441340782
AT,B,2014,1288.4,10782.0,119.49545538861065
AT,B,2015,1245.2,10760.0,115.72490706319704
AT,B,2016,1227.1,10490.0,116.97807435653002
AT,B,2017,1334.6,10777.0,123.8378027280319
AT,B,2018,1229.4,10655.0,115.38244955419992
AT,B,2019,1124.3,11043.0,101.81110205560083
AT,B,2020,852.0,10401.0,81.91520046149408
AT,B,2021,991.4,9949.0,99.64820584983416
AT,B,2022,930.6,9820.0,94.76578411405295
AT,B,2023,774.2,9440.0,82.01271186440678
AT,B,2024,850.6,9462.0,89.89642781652928
BE,B,2008,350.1,4738.0,73.89193752638245
BE,B,2009,307.7,4433.0,69.41123392736296
BE,B,2010,307.9,4328.0,71.14140480591496
BE,B,2011,315.6,4516.0,69.88485385296724
BE,B,2012,283.4,4306.0,65.8151416627961
BE,B,2013,260.1,4103.0,63.39263953204973
BE,B,2014,252.2,4147.0,60.81504702194357
BE,B,2015,189.1,3688.0,51.27440347071583
BE,B,2016,205.4,3760.0,54.62765957446808
BE,B,2017,214.7,3844.0,55.853277835587924
BE,B,2018,209.6,3954.0,53.0096105209914
BE,B,2019,236.3,3988.0,59.25275827482448
BE,B,2020,214.7,3728.0,57.59120171673819
BE,B,2021,238.1,3952.0,60.247975708502025
BE,B,2022,200.6,3680.0,54.51086956521739
BE,B,2023,185.5,3583.0,51.77225788445437
BE,B,2024,178.6,3399.0,52.54486613709915
BG,B,2008,750.0,54268.0,13.820299255546546
BG,B,2009,705.3,48024.0,14.686406796601698
BG,B,2010,739.8,44392.0,16.665164894575597
BG,B,2011,739.1,43564.0,16.965843356900194
BG,B,2012,812.4,42872.0,18.94943086396716
BG,B,2013,870.8,41606.0,20.929673604768542
BG,B,2014,950.9,41088.0,23.14301012461059
BG,B,2015,1047.7,40756.0,25.70664442045343
BG,B,2016,1050.8,38322.0,27.420280778664996
BG,B,2017,1060.2,38316.0,27.66990291262136
BG,B,2018,974.1,37651.0,25.8718227935513
BG,B,2019,768.0,36550.0,21.012311901504788
BG,B,2020,877.4,35392.0,24.790913200723327
BG,B,2021,725.6,33829.0,21.4490525880162
BG,B,2022,636.5,33410.0,19.05118228075427
BG,B,2023,1149.1,32349.0,35.521963584654856
BG,B,2024,1056.1,31472.0,33.556812404677174
CH,B,2008,615.7,8734.0,70.49461873139455
CH,B,2009,572.7,8242.0,69.48556175685513
CH,B,2010,614.6,8172.0,75.2080274106706
CH,B,2011,612.2,8041.0,76.13480910334536
CH,B,2012,636.3,7948.0,80.05787619526924
CH,B,2013,655.6,7782.0,84.24569519403754
CH,B,2014,610.8,8053.0,75.84751024462932
CH,B,2015,521.9,8304.0,62.84922928709055
CH,B,2016,537.7,8511.0,63.17706497473857
CH,B,2017,566.1,8624.0,65.64239332096474
CH,B,2018,644.2,8258.0,78.00920319689997
CH,B,2019,633.5,8112.0,78.09418145956607
CH,B,2020,629.3,7756.0,81.13718411552345
CH,B,2021,690.0,7905.0,87.2865275142315
CH,B,2022,627.4,8080.0,77.64851485148515
CH,B,2023,605.2,8099.0,74.72527472527474
CY,B,2008,58.7,1165.0,50.386266094420606
CY,B,2009,44.0,1216.0,36.18421052631579
CY,B,2010,48.0,1087.0,44.158233670653175
CY,B,2011,37.9,1065.0,35.586854460093896
CY,B,2012,20.6,966.0,21.32505175983437
CY,B,2013,22.2,859.0,25.844004656577415
CY,B,2014,21.9,759.0,28.853754940711458
CY,B,2015,27.2,854.0,31.85011709601873
CY,B,2016,19.8,824.0,24.029126213592235
CY,B,2017,19.2,946.0,20.29598308668076
CY,B,2018,26.1,988.0,26.417004048582996
CY,B,2019,29.1,983.0,29.60325534079349
CY,B,2020,27.5,969.0,28.379772961816304
CY,B,2021,32.2,998.0,32.26452905811623
CY,B,2022,42.0,1031.0,40.737148399612025
CY,B,2023,39.5,1036.0,38.12741312741313
CY,B,2024,43.5,1066.0,40.80675422138837
CZ,B,2008,2034.7,72578.0,28.034666152277552
CZ,B,2009,1862.1,63254.0,29.438454485091853
CZ,B,2010,1779.0,60256.0,29.52403080191184
CZ,B,2011,1634.9,58214.0,28.084309616243516
CZ,B,2012,1661.4,57106.0,29.093265156025637
CZ,B,2013,1421.9,51111.0,27.819843086615407
CZ,B,2014,1751.1,54211.0,32.3015624135323
CZ,B,2015,1737.2,55283.0,31.42376499104607
CZ,B,2016,1595.1,50269.0,31.731285683025323
CZ,B,2017,1371.9,45874.0,29.905829009896674
CZ,B,2018,1298.8,43071.0,30.154860579043902
CZ,B,2019,1087.1,43189.0,25.17076107342147
CZ,B,2020,973.4,37904.0,25.68066694807936
CZ,B,2021,996.0,32646.0,30.509097592354344
CZ,B,2022,888.1,31708.0,28.008704427904632
CZ,B,2023,567.1,31940.0,17.755165936130247
CZ,B,2024,570.9,31036.0,18.394767366928725
DE,B,2008,5579.2,122155.0,45.67312021611886
DE,B,2009,5282.6,113151.0,46.68628646675681
DE,B,2010,5230.0,110007.0,47.54242911814703
DE,B,2011,4820.0,107345.0,44.901951651218035
DE,B,2012,4689.2,101130.0,46.36804113517255
DE,B,2013,4143.7,97565.0,42.471173064111106
DE,B,2014,4191.0,95227.0,44.01062723807324
DE,B,2015,4436.4,90509.0,49.01611994387299
DE,B,2016,4307.9,84210.0,51.15663222895143
DE,B,2017,4433.8,81026.0,54.72070693357688
DE,B,2018,4163.7,74266.0,56.06468639754396
DE,B,2019,4320.0,67602.0,63.90343480962102
DE,B,2020,4343.5,63130.0,68.8024710913987
DE,B,2021,4182.8,62073.0,67.38517551914681
DE,B,2022,3999.5,60719.0,65.86900311269949
DE,B,2023,4831.7,59181.0,81.64275696591811
DE,B,2024,4874.3,56345.0,86.508119620197
DK,B,2008,7648.6,7652.0,999.5556717198118
DK,B,2009,6702.7,8501.0,788.4601811551581
DK,B,2010,6167.1,8009.0,770.0212261206143
DK,B,2011,5496.5,8710.0,631.0562571756601
DK,B,2012,4991.8,9415.0,530.1964949548593
DK,B,2013,4134.1,7487.0,552.1704287431548
DK,B,2014,3834.7,7035.0,545.0888415067519
DK,B,2015,3242.0,6885.0,470.878721859114
DK,B,2016,3457.0,7145.0,483.8348495451364
DK,B,2017,2896.1,7350.0,394.02721088435374
DK,B,2018,2515.1,7856.0,320.15020366598776
DK,B,2019,2233.4,7576.0,294.79936642027457
DK,B,2020,1603.1,7002.0,228.94887175092828
DK,B,2021,1587.5,6553.0,242.2554555165573
DK,B,2022,1336.8,6697.0,199.61176646259517
DK,B,2023,1352.7,6687.0,202.28802153432034
DK,B,2024,1411.3,6586.0,214.28788338900696
EA,B,2008,38401.8,417678.0,91.94116041543965
EA,B,2009,35116.6,392917.0,89.37409172929651
EA,B,2010,37321.0,376156.0,99.21681430044981
EA,B,2011,36431.4,371832.0,97.97811915058415
EA,B,2012,35490.4,349651.0,101.50235520561931
EA,B,2013,36077.4,337145.0,107.00855714900118
EA,B,2014,33557.6,339067.0,98.97040997796896
EA,B,2015,30633.3,329709.0,92.91011164390417
EA,B,2016,31334.1,311684.0,100.53162818752325
EA,B,2017,31422.8,310376.0,101.24107534087686
EA,B,2018,29803.1,305572.0,97.53216917780425
EA,B,2019,28352.9,296010.0,95.78358839228406
EA,B,2020,26540.4,272232.0,97.49184519086663
EA,B,2021,29221.9,276374.0,105.7331731639011
EA,B,2022,25557.0,275443.0,92.78507713029556
EA,B,2023,21615.9,281756.0,76.71850821277985
EA,B,2024,20755.8,279704.0,74.20630380688156
EA12,B,2008,38178.8,409306.0,93.27691262771619
EA12,B,2009,34702.8,373464.0,92.92140607930082
EA12,B,2010,36958.5,358092.0,103.20951040514728
EA12,B,2011,35875.9,342054.0,104.88373180842791
EA12,B,2012,34960.9,321332.0,108.79993277980407
EA12,B,2013,35536.9,312147.0,113.84668121109607
EA12,B,2014,32954.2,310364.0,106.17919604077791
EA12,B,2015,29920.1,298575.0,100.20966256384492
EA12,B,2016,30618.8,280227.0,109.26427503416873
EA12,B,2017,30616.5,278181.0,110.05963743030617
EA12,B,2018,28964.2,269726.0,107.38378947524525
EA12,B,2019,27619.2,263193.0,104.93896114258358
EA12,B,2020,25914.5,241630.0,107.24868600753219
EA12,B,2021,28679.0,244731.0,117.18580809133293
EA12,B,2022,24934.5,242232.0,102.93644109779055
EA12,B,2023,21019.7,240739.0,87.31323134182662
EA12,B,2024,20078.1,240478.0,83.49246084880944
EA19,B,2008,38944.7,454260.0,85.73217980892
EA19,B,2009,35422.8,413713.0,85.6216749292384
EA19,B,2010,37673.2,398776.0,94.47208457881115
EA19,B,2011,36610.1,382488.0,95.71568258350588
EA19,B,2012,35666.8,359946.0,99.08930784062055
EA19,B,2013,36263.8,349779.0,103.67632133432826
EA19,B,2014,33661.7,347563.0,96.85064290502727
EA19,B,2015,30633.3,329709.0,92.91011164390417
EA19,B,2016,31334.1,311684.0,100.53162818752325
EA19,B,2017,31422.8,310376.0,101.24107534087686
EA19,B,2018,29803.1,305572.0,97.53216917780425
EA19,B,2019,28352.9,296010.0,95.78358839228406
EA19,B,2020,26540.4,272232.0,97.49184519086663
EA19,B,2021,29221.9,276374.0,105.7331731639011
EA19,B,2022,25557.0,275443.0,92.78507713029556
EA19,B,2023,21575.1,268573.0,80.33234911923387
EA19,B,2024,20710.3,264137.0,78.40741736295936
EA20,B,2008,39390.8,470092.0,83.7938105732495
EA20,B,2009,35855.5,431101.0,83.1719249085481
EA20,B,2010,38076.8,417492.0,91.20366378277909
EA20,B,2011,36937.1,396108.0,93.25007321235621
EA20,B,2012,35957.2,375608.0,95.730655364103
EA20,B,2013,36571.2,367024.0,99.64253018876148
EA20,B,2014,33907.0,366249.0,92.5790923661225
EA20,B,2015,30795.7,346421.0,88.89674702168749
EA20,B,2016,31452.7,321267.0,97.90205654486766
EA20,B,2017,31546.7,325813.0,96.82455887272761
EA20,B,2018,29923.1,317531.0,94.23678318022492
EA20,B,2019,28473.9,304814.0,93.4140164165688
EA20,B,2020,26582.8,281719.0,94.35927289249216
EA20,B,2021,29256.1,285522.0,102.46530915306
EA20,B,2022,25592.5,284075.0,90.09064507612426
EA20,B,2023,21615.9,281756.0,76.71850821277985
EA20,B,2024,20755.8,279704.0,74.20630380688156
EE,B,2008,168.6,10622.0,15.872717002447748
EE,B,2009,146.2,11325.0,12.909492273730685
EE,B,2010,179.4,11414.0,15.71753986332574
EE,B,2011,199.5,11141.0,17.90683062561709
EE,B,2012,200.2,10003.0,20.01399580125962
EE,B,2013,200.0,8667.0,23.07603553709473
EE,B,2014,207.1,7218.0,28.692158492657242
EE,B,2015,193.6,6422.0,30.146371846776702
EE,B,2016,185.9,6581.0,28.24798662817201
EE,B,2017,237.1,7876.0,30.10411376333164
EE,B,2018,237.3,8555.0,27.738164815897136
EE,B,2019,199.4,8307.0,24.00385217286626
EE,B,2020,117.5,7615.0,15.430072225869994
EE,B,2021,107.5,6715.0,16.00893521965748
EE,B,2022,108.6,5787.0,18.76620010368066
EE,B,2023,110.2,4788.0,23.015873015873016
EE,B,2024,126.2,4201.0,30.040466555582007
EL,B,2008,964.9,24665.0,39.12021082505575
EL,B,2009,888.8,26929.0,33.005310260314154
EL,B,2010,909.2,25192.0,36.09082248332805
EL,B,2011,828.1,22928.0,36.11741102581996
EL,B,2012,743.6,19412.0,38.30620234906244
EL,B,2013,841.3,23272.0,36.15073908559642
EL,B,2014,804.4,24640.0,32.646103896103895
EL,B,2015,773.2,22122.0,34.9516318596872
EL,B,2016,649.6,18823.0,34.51097062104872
EL,B,2017,584.2,21353.0,27.35915328056948
EL,B,2018,648.3,21009.0,30.85820362701699
EL,B,2019,587.0,18201.0,32.250975221141694
EL,B,2020,430.8,15498.0,27.797135114208285
EL,B,2021,403.0,17902.0,22.51145123449894
EL,B,2022,513.8,18737.0,27.42167903079468
EL,B,2023,553.0,18673.0,29.614952069833446
EL,B,2024,545.9,18725.0,29.153538050734312
ES,B,2008,3172.9,77696.0,40.83736614497529
ES,B,2009,2496.4,66141.0,37.74360835185437
ES,B,2010,2653.0,60750.0,43.67078189300411
ES,B,2011,2690.8,52919.0,50.847521684083226
ES,B,2012,2415.3,43510.0,55.51137669501264
ES,B,2013,1908.6,36974.0,51.62005733758857
ES,B,2014,1699.8,37144.0,45.76243807882834
ES,B,2015,1548.7,35922.0,43.11285563164635
ES,B,2016,1540.9,34150.0,45.12152269399707
ES,B,2017,2226.4,32097.0,69.36473813752065
ES,B,2018,2548.6,33892.0,75.19768676973918
ES,B,2019,2830.8,33651.0,84.12231434429884
ES,B,2020,2768.5,32279.0,85.76783667399857
ES,B,2021,3646.2,34485.0,105.73292735972161
ES,B,2022,4968.3,31807.0,156.20146508630177
ES,B,2023,3592.9,33301.0,107.89165490525811
ES,B,2024,2984.1,33839.0,88.18523005998995
EU27_2020,B,2008,63612.4,1296376.0,49.06940578967831
EU27_2020,B,2009,57703.9,1188004.0,48.57214285473786
EU27_2020,B,2010,59464.4,1185935.0,50.141365251889866
EU27_2020,B,2011,56551.8,1196912.0,47.2480850722526
EU27_2020,B,2012,55605.0,1181171.0,47.07616424717505
EU27_2020,B,2013,54347.8,1194701.0,45.49071273900332
EU27_2020,B,2014,50544.6,1183602.0,42.70405085493265
EU27_2020,B,2015,47716.9,1107211.0,43.096482964854935
EU27_2020,B,2016,48012.5,1065908.0,45.04375612154145
EU27_2020,B,2017,47356.2,1010444.0,46.866723935220556
EU27_2020,B,2018,45464.9,972700.0,46.740927315719134
EU27_2020,B,2019,43820.3,995929.0,43.999421645518915
EU27_2020,B,2020,40671.8,939162.0,43.306479606287304
EU27_2020,B,2021,42416.6,895817.0,47.34962609550834
EU27_2020,B,2022,39839.7,862413.0,46.195616253465566
EU27_2020,B,2023,34732.4,824613.0,42.11963672656143
EU27_2020,B,2024,33494.5,865102.0,38.717399797942896
FI,B,2008,656.8,11700.0,56.136752136752136
FI,B,2009,682.7,11200.0,60.955357142857146
FI,B,2010,774.0,10700.0,72.33644859813084
FI,B,2011,761.6,11200.0,68.0
FI,B,2012,821.3,11800.0,69.60169491525424
FI,B,2013,661.3,11100.0,59.57657657657657
FI,B,2014,529.5,11300.0,46.858407079646014
FI,B,2015,678.2,10700.0,63.38317757009346
FI,B,2016,795.4,11200.0,71.01785714285715
FI,B,2017,1054.5,11500.0,91.69565217391303
FI,B,2018,1087.2,12100.0,89.85123966942149
FI,B,2019,870.9,12800.0,68.0390625
FI,B,2020,864.1,12800.0,67.5078125
FI,B,2021,879.9,11900.0,73.94117647058823
FI,B,2022,717.7,12600.0,56.96031746031746
FI,B,2023,680.5,12500.0,54.440000000000005
FI,B,2024,645.6,12400.0,52.06451612903226
FR,B,2008,2719.6,34727.0,78.31370403432487
FR,B,2009,2445.5,33516.0,72.96515097266978
FR,B,2010,2374.2,32808.0,72.36649597659107
FR,B,2011,2365.8,31770.0,74.46647780925402
FR,B,2012,2214.8,32059.0,69.08512430206807
FR,B,2013,2017.0,30664.0,65.77745890947038
FR,B,2014,2126.8,30198.0,70.42850519901981
FR,B,2015,1917.8,28285.0,67.80272229096694
FR,B,2016,1853.8,26630.0,69.6132181749906
FR,B,2017,1927.3,25830.0,74.6147890050329
FR,B,2018,1959.4,25542.0,76.71286508495811
FR,B,2019,1922.9,26158.0,73.51097178683386
FR,B,2020,1802.1,24779.0,72.7269058476936
FR,B,2021,2002.0,26128.0,76.62278015921616
FR,B,2022,1838.2,25585.0,71.8467852257182
FR,B,2023,1618.1,25196.0,64.22051119225273
FR,B,2024,1534.1,24692.0,62.12943463469949
HR,B,2008,440.4,15833.0,27.815322427840584
HR,B,2009,439.5,17388.0,25.27605244996549
HR,B,2010,403.6,18715.0,21.565589099652684
HR,B,2011,327.1,13620.0,24.016152716593247
HR,B,2012,289.2,15662.0,18.465074703103053
HR,B,2013,305.6,17244.0,17.72210623985154
HR,B,2014,247.5,18685.0,13.245919186513246
HR,B,2015,173.0,16712.0,10.351842987075155
HR,B,2016,140.0,9582.0,14.610728449175538
HR,B,2017,143.7,15437.0,9.308803524000776
HR,B,2018,138.0,11959.0,11.539426373442595
HR,B,2019,136.4,8803.0,15.494717709871635
HR,B,2020,77.8,9487.0,8.200695688837357
HR,B,2021,78.2,9148.0,8.548316571928291
HR,B,2022,72.2,8632.0,8.364226135310474
HR,B,2023,70.9,13184.0,5.377730582524273
HR,B,2024,72.0,15567.0,4.625168625939487
HU,B,2008,166.5,14160.0,11.758474576271187
HU,B,2009,257.4,13449.0,19.138969440107072
HU,B,2010,181.1,16847.0,10.74968837181694
HU,B,2011,199.0,14519.0,13.706178111440181
HU,B,2012,158.6,12761.0,12.428493064806831
HU,B,2013,174.7,8606.0,20.29979084359749
HU,B,2014,174.6,11209.0,15.576768668034616
HU,B,2015,146.4,10644.0,13.754227733934611
HU,B,2016,144.0,9759.0,14.755610205963725
HU,B,2017,188.9,10525.0,17.947743467933492
HU,B,2018,304.1,15321.0,19.848573852881668
HU,B,2019,454.6,13820.0,32.894356005788715
HU,B,2020,333.9,12899.0,25.885727575781065
HU,B,2021,364.7,14102.0,25.861579917742162
HU,B,2022,376.6,13742.0,27.405035657109593
HU,B,2023,256.2,14476.0,17.698259187620888
HU,B,2024,323.9,13133.0,24.66306251427701
IE,B,2008,845.0,24400.0,34.631147540983605
IE,B,2009,738.3,13966.0,52.86409852498926
IE,B,2010,687.0,12916.0,53.1898420563642
IE,B,2011,585.7,10816.0,54.15125739644971
IE,B,2012,524.4,12162.0,43.117908238776515
IE,B,2013,755.8,13860.0,54.53102453102453
IE,B,2014,689.6,12721.0,54.20957471896864
IE,B,2015,569.9,13375.0,42.609345794392524
IE,B,2016,498.1,10671.0,46.6779120982101
IE,B,2017,467.2,13998.0,33.376196599514216
IE,B,2018,342.6,11946.0,28.67905575087896
IE,B,2019,413.5,14990.0,27.585056704469647
IE,B,2020,840.4,11123.0,75.55515598309809
IE,B,2021,1344.1,9707.0,138.46708560832388
IE,B,2022,1409.8,11468.0,122.93337983955354
IE,B,2023,1308.0,10478.0,124.83298339377744
IE,B,2024,1470.5,11488.0,128.00313370473538
IS,B,2008,15.2,241.0,63.07053941908713
IS,B,2009,8.0,163.0,49.079754601226995
IS,B,2010,5.7,136.0,41.911764705882355
IS,B,2011,5.5,163.0,33.74233128834356
IS,B,2012,5.4,177.0,30.508474576271187
IS,B,2013,5.7,169.0,33.72781065088758
IS,B,2014,6.0,177.0,33.898305084745765
IS,B,2015,6.4,198.0,32.323232323232325
IS,B,2016,7.0,245.0,28.57142857142857
IS,B,2017,8.0,256.0,31.25
IS,B,2018,8.8,304.0,28.947368421052634
IS,B,2019,8.3,224.0,37.05357142857143
IS,B,2020,7.9,241.0,32.78008298755187
IS,B,2021,8.1,227.0,35.682819383259904
IS,B,2022,9.1,242.0,37.603305785123965
IS,B,2023,11.5,237.0,48.52320675105485
IT,B,2008,5168.5,52397.0,98.64114357692235
IT,B,2009,4743.0,49801.0,95.2390514246702
IT,B,2010,4441.9,48322.0,91.92293365340838
IT,B,2011,5129.1,47722.0,107.47873098361343
IT,B,2012,5222.8,46102.0,113.28792677107285
IT,B,2013,5303.2,42946.0,123.48530712988403
IT,B,2014,5689.5,42505.0,133.8548406069874
IT,B,2015,5268.2,41868.0,125.82879526129739
IT,B,2016,7756.7,40978.0,189.28937478647077
IT,B,2017,8075.0,40840.0,197.7228207639569
IT,B,2018,7832.1,40178.0,194.9350390761113
IT,B,2019,7130.6,39932.0,178.56856656315736
IT,B,2020,7591.6,34218.0,221.85983985037117
IT,B,2021,12005.1,35617.0,337.0609540388017
IT,B,2022,4066.7,34870.0,116.62460567823344
IT,B,2023,4511.6,33736.0,133.7325112639317
IT,B,2024,4779.4,34476.0,138.62977143520126
LT,B,2008,117.3,7043.0,16.65483458753372
LT,B,2009,84.7,5786.0,14.638783269961976
LT,B,2010,92.8,6221.0,14.917215881691046
LT,B,2011,102.5,5626.0,18.218983291859224
LT,B,2012,96.3,5132.0,18.764614185502726
LT,B,2013,101.2,7526.0,13.446718044113739
LT,B,2014,103.8,8497.0,12.216076262210192
LT,B,2015,86.9,4385.0,19.817559863169897
LT,B,2016,91.5,5736.0,15.951882845188285
LT,B,2017,100.4,5256.0,19.101978691019788
LT,B,2018,102.6,6777.0,15.139442231075696
LT,B,2019,99.6,4551.0,21.88529993408042
LT,B,2020,103.9,4709.0,22.064132512210662
LT,B,2021,105.4,6305.0,16.716891356066615
LT,B,2022,100.5,9638.0,10.427474579788338
LT,B,2023,99.4,5674.0,17.5185054635178
LT,B,2024,117.0,3345.0,34.97757847533632
LU,B,2008,35.5,562.0,63.167259786476876
LU,B,2009,31.6,552.0,57.2463768115942
LU,B,2010,31.8,526.0,60.456273764258555
LU,B,2011,29.1,514.0,56.6147859922179
LU,B,2012,27.9,491.0,56.82281059063136
LU,B,2013,27.6,469.0,58.84861407249467
LU,B,2014,26.3,465.0,56.55913978494624
LU,B,2015,22.0,470.0,46.80851063829787
LU,B,2016,20.9,468.0,44.65811965811965
LU,B,2017,23.5,496.0,47.37903225806451
LU,B,2018,22.4,511.0,43.83561643835616
LU,B,2019,23.3,489.0,47.64826175869121
LU,B,2020,22.0,457.0,48.140043763676154
LU,B,2021,21.4,469.0,45.62899786780383
LU,B,2022,18.7,473.0,39.53488372093023
LU,B,2023,16.5,438.0,37.671232876712324
LU,B,2024,16.5,423.0,39.00709219858156
LV,B,2008,68.4,5911.0,11.571646083573
LV,B,2009,75.8,4528.0,16.74028268551237
LV,B,2010,80.0,4582.0,17.459624618070713
LV,B,2011,76.2,5030.0,15.149105367793242
LV,B,2012,80.3,5163.0,15.552973077668023
LV,B,2013,85.7,5109.0,16.774319827754944
LV,B,2014,73.9,4786.0,15.440869201838698
LV,B,2015,84.8,5014.0,16.912644595133624
LV,B,2016,82.5,4693.0,17.579373535052206
LV,B,2017,90.0,4368.0,20.604395604395606
LV,B,2018,98.2,4705.0,20.871413390010627
LV,B,2019,89.8,5277.0,17.017244646579496
LV,B,2020,95.3,4764.0,20.004198152812762
LV,B,2021,90.5,5295.0,17.091595845136922
LV,B,2022,95.0,5119.0,18.55831217034577
LV,B,2023,76.9,5224.0,14.720520673813171
LV,B,2024,89.1,5359.0,16.626236238104124
NL,B,2008,16737.5,14769.0,1133.2859367594285
NL,B,2009,15313.9,14992.0,1021.4714514407683
NL,B,2010,17652.0,14868.0,1187.2477804681193
NL,B,2011,16247.0,15856.0,1024.6594349142279
NL,B,2012,15980.7,16245.0,983.730378578024
NL,B,2013,17213.3,18739.0,918.5815678531405
NL,B,2014,14731.6,20164.0,730.5891688157112
NL,B,2015,12417.4,20139.0,616.5847360842147
NL,B,2016,11395.5,18829.0,605.2100483297041
NL,B,2017,9655.6,16191.0,596.3560002470508
NL,B,2018,8204.1,15175.0,540.6326194398682
NL,B,2019,7117.4,14960.0,475.76203208556143
NL,B,2020,5259.7,14058.0,374.14283681889316
NL,B,2021,3858.7,13757.0,280.48993239805185
NL,B,2022,3265.4,13808.0,236.48609501738125
NL,B,2023,2199.3,14205.0,154.8257655755016
NL,B,2024,1901.6,14470.0,131.41672425708362
NO,B,2008,71241.4,84380.0,844.2924863711779
NO,B,2009,69647.8,88840.0,783.9689329131022
NO,B,2010,66742.4,92340.0,722.7896902750704
NO,B,2011,64762.7,97630.0,663.348356038103
NO,B,2012,64109.0,105360.0,608.4757023538345
NO,B,2013,62439.4,110980.0,562.6184898179853
NO,B,2014,62820.9,112500.0,558.408
NO,B,2015,64837.0,102850.0,630.4035002430725
NO,B,2016,65984.5,90391.0,729.9897113650695
NO,B,2017,69636.8,85884.0,810.8239020073588
NO,B,2018,66331.1,88209.0,751.9765556802595
NO,B,2019,64812.6,94715.0,684.290767037956
NO,B,2020,70662.4,98141.0,720.0089666907817
NO,B,2021,71144.4,99570.0,714.516420608617
NO,B,2022,70733.4,101804.0,694.7998114023025
NO,B,2023,70258.1,105374.0,666.7498623948982
NO,B,2024,73708.0,109984.0,670.1702065755019
PL,B,2008,9437.2,489446.0,19.281391614192373
PL,B,2009,8001.2,456484.0,17.527887067235653
PL,B,2010,7826.1,470067.0,16.648903241452814
PL,B,2011,7727.3,508695.0,15.190438278339673
PL,B,2012,7846.4,517390.0,15.165349156342412
PL,B,2013,8033.2,550982.0,14.579786635498074
PL,B,2014,7508.5,542212.0,13.847904509675182
PL,B,2015,8064.0,480865.0,16.76977945993158
PL,B,2016,7833.7,479689.0,16.33078932391612
PL,B,2017,7300.2,433394.0,16.84425718860898
PL,B,2018,7099.6,399119.0,17.788178463064902
PL,B,2019,6973.7,454173.0,15.354721658927325
PL,B,2020,6268.1,433115.0,14.472137884857371
PL,B,2021,6431.7,399281.0,16.10820449758441
PL,B,2022,7498.2,362560.0,20.681266548984997
PL,B,2023,5879.5,335829.0,17.507421931995154
PL,B,2024,5527.3,380792.0,14.515273430114078
PT,B,2008,851.7,30217.0,28.186120395803687
PT,B,2009,745.0,27951.0,26.653786984365496
PT,B,2010,714.0,27219.0,26.23167640251295
PT,B,2011,714.9,26107.0,27.383460374612174
PT,B,2012,669.8,23378.0,28.650868337753444
PT,B,2013,652.1,21715.0,30.02993322588073
PT,B,2014,640.9,21070.0,30.417655434266727
PT,B,2015,637.9,20736.0,30.762924382716047
PT,B,2016,685.5,20017.0,34.24589099265624
PT,B,2017,690.6,20229.0,34.13910722230462
PT,B,2018,701.0,20499.0,34.19679008732133
PT,B,2019,679.8,19380.0,35.077399380804955
PT,B,2020,670.3,19158.0,34.987994571458394
PT,B,2021,653.5,18792.0,34.775436355896126
PT,B,2022,554.4,18665.0,29.702652022502008
PT,B,2023,566.1,20009.0,28.29226847918437
PT,B,2024,632.9,20759.0,30.487981116624113
RO,B,2008,1702.1,171916.0,9.900765490123083
RO,B,2009,2101.9,152315.0,13.799691428946591
RO,B,2010,1908.8,152850.0,12.488060189728492
RO,B,2011,1140.9,149805.0,7.615900670872134
RO,B,2012,1709.9,148848.0,11.487557777061165
RO,B,2013,1041.7,150326.0,6.929606322259623
RO,B,2014,679.1,143774.0,4.723385313060776
RO,B,2015,930.4,148744.0,6.255042220190394
RO,B,2016,745.4,142144.0,5.243977937865826
RO,B,2017,808.0,131245.0,6.156425006666921
RO,B,2018,886.1,133143.0,6.655250369903037
RO,B,2019,1129.4,116786.0,9.670679704759133
RO,B,2020,1199.3,111076.0,10.797111887356403
RO,B,2021,744.1,102300.0,7.273704789833822
RO,B,2022,1107.5,108238.0,10.232081154492878
RO,B,2023,1254.1,101209.0,12.391190506773112
RO,B,2024,1281.7,101577.0,12.618013920474123
RS,B,2008,764.2,51682.0,14.786579466738903
RS,B,2009,738.1,49921.0,14.785360870174877
RS,B,2010,760.9,48883.0,15.565738600331404
RS,B,2011,841.4,49767.0,16.90678562099383
RS,B,2012,844.7,50757.0,16.642039521642335
RS,B,2013,887.3,49734.0,17.84091366067479
RS,B,2014,756.0,47962.0,15.762478628914556
RS,B,2015,813.8,47850.0,17.007314524555902
RS,B,2016,830.1,42746.0,19.419360875871426
RS,B,2017,862.6,43824.0,19.68327856882074
RS,B,2018,820.3,43876.0,18.695870179597044
RS,B,2019,843.7,45364.0,18.598448108632397
RS,B,2020,855.8,46957.0,18.225184743488725
RS,B,2021,1089.3,48315.0,22.545793231915553
RS,B,2022,1459.4,50459.0,28.922491527775026
RS,B,2023,1491.2,51632.0,28.881313913851876
RS,B,2024,1634.5,51800.0,31.554054054054053
SE,B,2008,2670.9,16300.0,163.8588957055215
SE,B,2009,2336.3,14900.0,156.7986577181208
SE,B,2010,2786.1,16060.0,173.48069738480697
SE,B,2011,2679.2,17320.0,154.6882217090069
SE,B,2012,2549.2,17200.0,148.20930232558138
SE,B,2013,2297.3,17600.0,130.5284090909091
SE,B,2014,2121.8,17870.0,118.73531057638502
SE,B,2015,2222.9,17650.0,125.94334277620398
SE,B,2016,2311.6,17350.0,133.23342939481267
SE,B,2017,2582.1,17960.0,143.76948775055678
SE,B,2018,2659.0,19040.0,139.6533613445378
SE,B,2019,2651.9,19050.0,139.20734908136484
SE,B,2020,2669.3,20070.0,132.9995017438964
SE,B,2021,2815.2,21600.0,130.33333333333334
SE,B,2022,2313.3,22010.0,105.10222626079056
SE,B,2023,2144.7,20400.0,105.13235294117646
SE,B,2024,1951.7,20820.0,93.74159462055717
SI,B,2008,141.3,5686.0,24.85051002462188
SI,B,2009,135.9,5104.0,26.62617554858934
SI,B,2010,138.9,4613.0,30.110557121179276
SI,B,2011,138.9,4504.0,30.839253996447603
SI,B,2012,134.3,4448.0,30.19334532374101
SI,B,2013,125.9,4229.0,29.770631354930245
SI,B,2014,128.9,4077.0,31.616384596517047
SI,B,2015,127.0,4010.0,31.670822942643387
SI,B,2016,128.8,3798.0,33.91258557135335
SI,B,2017,140.2,3740.0,37.48663101604278
SI,B,2018,144.2,3768.0,38.26963906581741
SI,B,2019,139.0,3829.0,36.301906503003394
SI,B,2020,130.1,3676.0,35.391730141458105
SI,B,2021,120.4,3654.0,32.95019157088123
SI,B,2022,154.4,3543.0,43.578887948066615
SI,B,2023,90.9,3500.0,25.97142857142857
SI,B,2024,123.2,3507.0,35.12974051896207
SK,B,2008,188.7,12845.0,14.690541066562865
SK,B,2009,210.0,11735.0,17.895185342991052
SK,B,2010,153.7,10985.0,13.991807009558489
SK,B,2011,166.7,11510.0,14.483058210251953
SK,B,2012,169.3,10947.0,15.465424317164521
SK,B,2013,175.1,10514.0,16.65398516264029
SK,B,2014,154.5,10228.0,15.105592491200627
SK,B,2015,174.4,9949.0,17.529399939692432
SK,B,2016,186.8,9538.0,19.58481862025582
SK,B,2017,174.3,9030.0,19.30232558139535
SK,B,2018,165.3,9865.0,16.756208819057274
SK,B,2019,127.1,9442.0,13.46113111628892
SK,B,2020,115.9,8458.0,13.70300307401277
SK,B,2021,112.3,7858.0,14.291168236192414
SK,B,2022,111.8,7346.0,15.219166893547508
SK,B,2023,117.7,7035.0,16.730632551528075
SK,B,2024,91.4,5262.0,17.369821360699355
UK,B,2008,34629.4,122314.0,283.11885802115864
UK,B,2009,30959.1,123024.0,251.65089738587594
UK,B,2010,30192.1,132222.0,228.34399721680205
UK,B,2011,26078.2,145495.0,179.23777449396889
UK,B,2012,22920.7,166242.0,137.87550679130425
UK,B,2013,21684.5,169304.0,128.08025799744837
UK,B,2014,21520.7,149849.0,143.61590667939058
UK,B,2015,22004.7,148961.0,147.7212156201959
UK,B,2016,21501.5,132956.0,161.71891452811457
UK,B,2017,21656.8,116163.0,186.43457899675457
UK,B,2018,22794.1,133912.0,170.21700818447934
AT,C,2008,53908.9,1093528.0,49.298143257420016
AT,C,2009,46240.5,1014794.0,45.56639081429335
AT,C,2010,50031.6,1018154.0,49.13952113334525
AT,C,2011,53581.9,1034089.0,51.81555939575801
AT,C,2012,54680.4,1041534.0,52.49987038349204
AT,C,2013,54882.0,1037191.0,52.91407272141775
AT,C,2014,56102.1,1038599.0,54.01709418168128
AT,C,2015,56497.5,1037511.0,54.45484433418056
AT,C,2016,59216.3,1041908.0,56.834480587537485
AT,C,2017,61056.3,1050800.0,58.104586981347545
AT,C,2018,63410.0,1071936.0,59.154651023941724
AT,C,2019,64126.9,1083034.0,59.21042183347891
AT,C,2020,59299.6,1023216.0,57.9541367609576
AT,C,2021,65589.6,1073982.0,61.07141460471406
AT,C,2022,71065.2,1090035.0,65.19533776438371
AT,C,2023,68714.4,1100168.0,62.458097308774654
AT,C,2024,64844.8,1098971.0,59.00501469101551
BE,C,2008,49633.2,941185.0,52.73479709090136
BE,C,2009,45800.4,838142.0,54.64515559415946
BE,C,2010,47688.8,829765.0,57.47265792121866
BE,C,2011,47982.7,843306.0,56.89832634891724
BE,C,2012,47184.9,825780.0,57.13979510281189
BE,C,2013,48147.5,805747.0,59.75510923403997
BE,C,2014,48922.5,786887.0,62.17220515779267
BE,C,2015,49615.2,770606.0,64.38465311715714
BE,C,2016,48626.3,773858.0,62.83620509189025
BE,C,2017,49852.1,783582.0,63.62078250904181
BE,C,2018,50472.2,788894.0,63.97843056228086
BE,C,2019,52016.8,792477.0,65.63824565255521
BE,C,2020,48460.2,727719.0,66.59191253766906
BE,C,2021,45999.0,771677.0,59.60913698347884
BE,C,2022,53254.8,789157.0,67.48314974079936
BE,C,2023,52481.3,783557.0,66.97827981882621
BE,C,2024,51382.2,763407.0,67.30643025280094
BG,C,2008,5042.6,1312943.0,3.840684629873498
BG,C,2009,4622.0,1109982.0,4.164031488798917
BG,C,2010,4456.3,1049490.0,4.2461576575288955
BG,C,2011,4747.8,1034296.0,4.59036871456527
BG,C,2012,5224.1,1014291.0,5.150494286156537
BG,C,2013,4924.7,981842.0,5.015776469126397
BG,C,2014,5025.0,988850.0,5.081660514739344
BG,C,2015,5386.0,1013261.0,5.315511008516069
BG,C,2016,5632.1,1026624.0,5.4860396795711
BG,C,2017,5725.8,1038987.0,5.510944795266928
BG,C,2018,5912.3,1045101.0,5.6571565810385795
BG,C,2019,6106.5,1032454.0,5.91454921962625
BG,C,2020,5400.1,958657.0,5.632984477242642
BG,C,2021,5460.4,966069.0,5.6521842642709785
BG,C,2022,6900.1,964057.0,7.15735687827587
BG,C,2023,7379.6,961366.0,7.676160796200407
BG,C,2024,7153.7,938893.0,7.619292081206272
CH,C,2008,86781.3,1217457.0,71.28079266865278
CH,C,2009,75584.6,1156651.0,65.3478015408278
CH,C,2010,80975.6,1152987.0,70.23114744572142
CH,C,2011,88123.7,1192696.0,73.88613695359085
CH,C,2012,85843.5,1181611.0,72.64954371616378
CH,C,2013,87715.7,1146510.0,76.50670295069384
CH,C,2014,88920.2,1163530.0,76.42278239495329
CH,C,2015,89460.6,1179213.0,75.86466567108742
CH,C,2016,93013.5,1170476.0,79.46638803358634
CH,C,2017,97770.0,1162862.0,84.07704439563767
CH,C,2018,102944.9,1140664.0,90.2499772062588
CH,C,2019,106207.9,1154356.0,92.0061921972078
CH,C,2020,102293.7,1090510.0,93.8035414622516
CH,C,2021,122653.7,1119850.0,109.52690092423093
CH,C,2022,127477.5,1126809.0,113.13141801316816
CH,C,2023,125312.8,1140624.0,109.8633730309024
CY,C,2008,1081.7,71804.0,15.064620355411956
CY,C,2009,1007.4,69995.0,14.392456604043145
CY,C,2010,983.4,67898.0,14.483489940793543
CY,C,2011,894.6,65383.0,13.682455684199258
CY,C,2012,816.4,61223.0,13.334857814873496
CY,C,2013,681.5,54976.0,12.396318393480792
CY,C,2014,687.6,52373.0,13.128902296985089
CY,C,2015,742.4,54297.0,13.672946939978267
CY,C,2016,849.9,57731.0,14.721726628674368
CY,C,2017,970.1,60819.0,15.95060754040678
CY,C,2018,1131.1,61613.0,18.35813870449418
CY,C,2019,1220.3,62340.0,19.574911774141803
CY,C,2020,1203.8,58634.0,20.530750076747278
CY,C,2021,1187.5,64499.0,18.41113815718073
CY,C,2022,1063.6,66849.0,15.91048482400634
CY,C,2023,1197.4,67474.0,17.746094792068057
CY,C,2024,1230.9,68649.0,17.93034130140279
CZ,C,2008,33510.6,2430373.0,13.788253901767341
CZ,C,2009,29581.9,2195243.0,13.475455792365583
CZ,C,2010,33015.0,2199518.0,15.010106759753727
CZ,C,2011,36682.4,2271794.0,16.14688655749597
CZ,C,2012,35260.0,2258359.0,15.613106684986754
CZ,C,2013,34934.6,2255231.0,15.490475255084734
CZ,C,2014,36152.9,2293553.0,15.76283608881068
CZ,C,2015,38978.6,2354819.0,16.552694708170776
CZ,C,2016,40737.9,2399756.0,16.975850878172615
CZ,C,2017,44139.5,2415660.0,18.272232019406704
CZ,C,2018,45005.1,2441019.0,18.437013394815853
CZ,C,2019,46992.9,2382514.0,19.724081369511367
CZ,C,2020,41951.0,2126559.0,19.727174275437456
CZ,C,2021,42620.4,2198314.0,19.387767170658968
CZ,C,2022,46162.1,2243108.0,20.57952626445093
CZ,C,2023,47972.8,2217348.0,21.635214679878846
CZ,C,2024,46189.5,2202899.0,20.96759769739784
DE,C,2008,530589.3,11204562.0,47.354756035978916
DE,C,2009,424904.5,10237355.0,41.50530092978118
DE,C,2010,508085.0,10431764.0,48.705568875983005
DE,C,2011,553891.3,10795965.0,51.305399748887666
DE,C,2012,544262.8,10775697.0,50.50836154728553
DE,C,2013,543978.0,10828024.0,50.23797509130013
DE,C,2014,574230.6,11004039.0,52.183620941365255
DE,C,2015,579586.1,11100112.0,52.21443711558946
DE,C,2016,602147.4,11083494.0,54.32830116567935
DE,C,2017,622087.9,11101223.0,56.03778070218029
DE,C,2018,629893.2,11229531.0,56.092565219331064
DE,C,2019,621062.4,11186824.0,55.517312152224804
DE,C,2020,569729.8,10472567.0,54.40211554626483
DE,C,2021,621689.1,10645407.0,58.39974930033206
DE,C,2022,634109.2,10561956.0,60.037099188824484
DE,C,2023,624025.0,10508156.0,59.38482451155084
DE,C,2024,597304.7,10335075.0,57.79393956986282
DK,C,2008,29296.1,549058.0,53.35702239107708
DK,C,2009,25809.5,478852.0,53.898699389372915
DK,C,2010,26477.3,445656.0,59.41196797529933
DK,C,2011,28130.8,456299.0,61.64992691195904
DK,C,2012,28811.2,444886.0,64.76086008550504
DK,C,2013,30394.0,435326.0,69.81894028842753
DK,C,2014,30562.1,431039.0,70.90332893311279
DK,C,2015,30624.5,435918.0,70.25289159887869
DK,C,2016,32115.1,446764.0,71.88381337798032
DK,C,2017,35135.5,452835.0,77.5900714388243
DK,C,2018,35779.5,441367.0,81.06519064633287
DK,C,2019,37877.8,441729.0,85.74895467583066
DK,C,2020,35218.9,427535.0,82.37664752593356
DK,C,2021,40441.7,445852.0,90.70655733292661
DK,C,2022,46087.1,463910.0,99.34491603974908
DK,C,2023,52275.4,467908.0,111.72153500260735
DK,C,2024,61189.0,476531.0,128.40507752905896
EA,C,2008,1431158.5,36639156.0,39.060902494588035
EA,C,2009,1225608.6,33940469.0,36.11053813074887
EA,C,2010,1348014.4,33490337.0,40.250846087335574
EA,C,2011,1413700.9,33916033.0,41.68237777100877
EA,C,2012,1380509.9,33025172.0,41.80174746705331
EA,C,2013,1375073.8,32485759.0,42.32851077913863
EA,C,2014,1424523.0,32778281.0,43.45935651720114
EA,C,2015,1486146.9,33302466.0,44.62573131971668
EA,C,2016,1520641.1,33632505.0,45.21343563317689
EA,C,2017,1578152.4,33936581.0,46.50298744001347
EA,C,2018,1610472.3,34441485.0,46.75966497960236
EA,C,2019,1615843.9,34625122.0,46.6668074122598
EA,C,2020,1504421.0,31812914.0,47.289632128638075
EA,C,2021,1666955.0,33459526.0,49.82004228033595
EA,C,2022,1725477.4,33950531.0,50.823281674151126
EA,C,2023,1689394.8,34848372.0,48.47844255106092
EA,C,2024,1665544.2,34803793.0,47.85524957006841
EA12,C,2008,1422287.4,36145622.0,39.34881518984512
EA12,C,2009,1208775.5,32674707.0,36.99422614562389
EA12,C,2010,1328187.1,32235175.0,41.2030367447982
EA12,C,2011,1390884.7,32411869.0,42.912819991960355
EA12,C,2012,1357875.1,31557434.0,43.02869174977915
EA12,C,2013,1352598.5,31047437.0,43.56554455686632
EA12,C,2014,1396769.3,31095452.0,44.91876496923087
EA12,C,2015,1449852.4,31196590.0,46.474707652342765
EA12,C,2016,1483676.2,31456966.0,47.16526698728669
EA12,C,2017,1539549.6,31730728.0,48.519201954647876
EA12,C,2018,1568974.5,32195482.0,48.73275386900559
EA12,C,2019,1572299.1,32388151.0,48.54550357011736
EA12,C,2020,1463341.6,29751696.0,49.18514897436436
EA12,C,2021,1624095.2,31328086.0,51.84150732987646
EA12,C,2022,1682427.6,31790694.0,52.92201548037926
EA12,C,2023,1639875.6,32128623.0,51.040954976501794
EA12,C,2024,1615404.5,32100372.0,50.32354453711626
EA19,C,2008,1451820.3,38630604.0,37.58212789010496
EA19,C,2009,1233474.5,34757452.0,35.48805879096086
EA19,C,2010,1356852.0,34289338.0,39.5706677101786
EA19,C,2011,1421041.9,34529901.0,41.1539523382937
EA19,C,2012,1388333.7,33666328.0,41.2380494837453
EA19,C,2013,1383148.0,33121718.0,41.75954882533569
EA19,C,2014,1430575.0,33164067.0,43.136295678090384
EA19,C,2015,1486146.9,33302466.0,44.62573131971668
EA19,C,2016,1520641.1,33632505.0,45.21343563317689
EA19,C,2017,1578152.4,33936581.0,46.50298744001347
EA19,C,2018,1610472.3,34441485.0,46.75966497960236
EA19,C,2019,1615843.9,34625122.0,46.6668074122598
EA19,C,2020,1504421.0,31812914.0,47.289632128638075
EA19,C,2021,1666955.0,33459526.0,49.82004228033595
EA19,C,2022,1725477.4,33950531.0,50.823281674151126
EA19,C,2023,1682087.7,34304668.0,49.03378455666733
EA19,C,2024,1658443.2,34264479.0,48.401237911716095
EA20,C,2008,1458927.1,39263566.0,37.15727450736391
EA20,C,2009,1239718.5,35347681.0,35.07213104022298
EA20,C,2010,1362809.5,34837591.0,39.1189362088785
EA20,C,2011,1427055.6,35078724.0,40.681513957007105
EA20,C,2012,1393996.0,34211304.0,40.74664911925017
EA20,C,2013,1388673.9,33635951.0,41.28540620123985
EA20,C,2014,1436287.8,33694336.0,42.626980392194106
EA20,C,2015,1492081.5,33814657.0,44.12528862853762
EA20,C,2016,1526944.9,34157887.0,44.70255727469324
EA20,C,2017,1584665.1,34463530.0,45.980928245017274
EA20,C,2018,1616989.3,34983035.0,46.222098797317045
EA20,C,2019,1622498.6,35189840.0,46.10701838939876
EA20,C,2020,1510697.3,32355633.0,46.69039545602462
EA20,C,2021,1673884.1,34016975.0,49.207317817060456
EA20,C,2022,1732852.3,34502449.0,50.22403771975723
EA20,C,2023,1689394.8,34848372.0,48.47844255106092
EA20,C,2024,1665544.2,34803793.0,47.85524957006841
EE,C,2008,2206.0,239721.0,9.202364415299453
EE,C,2009,1695.6,219897.0,7.7108828224123105
EE,C,2010,2026.8,209170.0,9.689726060142469
EE,C,2011,2328.0,214884.0,10.833752163958229
EE,C,2012,2357.6,220279.0,10.702790551981805
EE,C,2013,2430.6,213975.0,11.359270942867157
EE,C,2014,2567.7,216409.0,11.865033339648535
EE,C,2015,2629.0,220609.0,11.917011545313201
EE,C,2016,2741.0,229304.0,11.953563827931479
EE,C,2017,2851.2,230903.0,12.348042251508208
EE,C,2018,2989.9,229401.0,13.033509008243207
EE,C,2019,3172.2,221623.0,14.313496342888598
EE,C,2020,2976.2,214063.0,13.903383583337614
EE,C,2021,3193.2,209621.0,15.233206596667317
EE,C,2022,2873.5,207756.0,13.831128824197616
EE,C,2023,2664.1,203576.0,13.086513144967972
EE,C,2024,2543.1,192299.0,13.224717757242626
EL,C,2008,19814.4,989751.0,20.019580682414066
EL,C,2009,19705.4,939330.0,20.97814399625265
EL,C,2010,17941.2,845312.0,21.224352665051484
EL,C,2011,15797.6,795483.0,19.859129610563645
EL,C,2012,14648.9,725598.0,20.188727091309513
EL,C,2013,13123.5,697987.0,18.801926110371685
EL,C,2014,13464.7,718302.0,18.745179604121944
EL,C,2015,13391.6,658984.0,20.32158595656344
EL,C,2016,12932.1,702948.0,18.39695112583008
EL,C,2017,13430.6,693432.0,19.368301434026698
EL,C,2018,14430.1,731211.0,19.73452259334173
EL,C,2019,14724.7,749555.0,19.644589122879577
EL,C,2020,14703.8,696097.0,21.123205530263743
EL,C,2021,16678.2,788294.0,21.157334699997715
EL,C,2022,18079.6,823065.0,21.966187360658026
EL,C,2023,18795.7,856208.0,21.95225926410405
EL,C,2024,20345.5,865043.0,23.519640064135537
ES,C,2008,136191.1,4641577.0,29.341557836916202
ES,C,2009,120620.6,4031857.0,29.916884452995234
ES,C,2010,119716.0,3890896.0,30.768234360414674
ES,C,2011,118288.9,3737561.0,31.64868747292686
ES,C,2012,111517.4,3429999.0,32.51237099486035
ES,C,2013,110110.8,3254317.0,33.83530246131524
ES,C,2014,112502.5,3218035.0,34.9599988813049
ES,C,2015,118219.1,3308834.0,35.72832605080823
ES,C,2016,120184.0,3363363.0,35.73328243189926
ES,C,2017,128357.5,3536794.0,36.2920486745906
ES,C,2018,126909.8,3593589.0,35.31561344383011
ES,C,2019,127701.7,3670035.0,34.795771702449706
ES,C,2020,109657.2,3346808.0,32.76471192850023
ES,C,2021,124910.9,3452213.0,36.18284850905781
ES,C,2022,133032.6,3576306.0,37.198326988797945
ES,C,2023,133893.3,3646205.0,36.721275956782456
ES,C,2024,137396.3,3694928.0,37.185108884395035
EU27_2020,C,2008,1686482.3,56544517.0,29.82574420080377
EU27_2020,C,2009,1443954.5,51000081.0,28.312788365963577
EU27_2020,C,2010,1588698.5,49845177.0,31.872662424290322
EU27_2020,C,2011,1668247.4,50282508.0,33.177489873814565
EU27_2020,C,2012,1627521.8,49216593.0,33.06855880901793
EU27_2020,C,2013,1617811.1,48674937.0,33.23704558672568
EU27_2020,C,2014,1676780.1,49004886.0,34.21659015796915
EU27_2020,C,2015,1747483.5,49269098.0,35.46814475881008
EU27_2020,C,2016,1791228.2,50172550.0,35.70135861143195
EU27_2020,C,2017,1861946.4,50855877.0,36.61221691251141
EU27_2020,C,2018,1904824.2,51460277.0,37.01542842453025
EU27_2020,C,2019,1918777.1,51584404.0,37.19684538760979
EU27_2020,C,2020,1784970.2,47630066.0,37.47570284702103
EU27_2020,C,2021,1965057.3,49663243.0,39.56763959212249
EU27_2020,C,2022,2048518.6,50263564.0,40.75553814687713
EU27_2020,C,2023,2013752.3,50270938.0,40.057981412640444
EU27_2020,C,2024,1995806.4,50332210.0,39.65266774496887
FI,C,2008,38653.6,683200.0,56.577283372365336
FI,C,2009,29680.6,595500.0,49.841477749790094
FI,C,2010,32059.0,578400.0,55.42704011065007
FI,C,2011,32067.2,587200.0,54.61035422343324
FI,C,2012,28412.5,580500.0,48.94487510766581
FI,C,2013,28636.2,551000.0,51.971324863883844
FI,C,2014,28373.2,532600.0,53.27300037551633
FI,C,2015,28481.0,524700.0,54.280541261673335
FI,C,2016,29854.1,519600.0,57.455927636643565
FI,C,2017,32074.5,520200.0,61.65801614763552
FI,C,2018,30767.1,528000.0,58.27102272727273
FI,C,2019,32002.4,529600.0,60.42749244712991
FI,C,2020,31113.1,519700.0,59.86742351356551
FI,C,2021,30885.8,524000.0,58.94236641221374
FI,C,2022,28905.5,538100.0,53.71771046273926
FI,C,2023,28544.0,538200.0,53.03604607952434
FI,C,2024,29373.0,533500.0,55.05716963448922
FR,C,2008,214767.7,4934157.0,43.526726044590795
FR,C,2009,200591.2,4592675.0,43.676332420648095
FR,C,2010,205147.3,4463070.0,45.96551252837172
FR,C,2011,212993.3,4469372.0,47.65620315337367
FR,C,2012,211353.9,4421040.0,47.80637587535964
FR,C,2013,211886.3,4326149.0,48.97804028478908
FR,C,2014,214887.0,4302864.0,49.94045826221791
FR,C,2015,215652.8,4249417.0,50.748796834954064
FR,C,2016,216639.3,4231006.0,51.20278723310721
FR,C,2017,221030.1,4158236.0,53.15477524604184
FR,C,2018,225146.1,4195207.0,53.667459078896464
FR,C,2019,229484.4,4313702.0,53.19894605607898
FR,C,2020,209045.5,3932200.0,53.162479019378466
FR,C,2021,227093.1,4246114.0,53.48257253573503
FR,C,2022,218633.6,4334878.0,50.43592922338299
FR,C,2023,224712.8,4404299.0,51.021240837645216
FR,C,2024,229928.5,4453688.0,51.62653962289231
HR,C,2008,7140.8,632962.0,11.281561926308372
HR,C,2009,6291.0,590230.0,10.658556833776663
HR,C,2010,5957.5,548254.0,10.866313788864286
HR,C,2011,6013.6,548823.0,10.957266732626001
HR,C,2012,5669.8,544976.0,10.403760899562549
HR,C,2013,5538.8,514232.0,10.77101386144775
HR,C,2014,5726.2,530268.0,10.798690473496421
HR,C,2015,5948.7,512191.0,11.61422203826307
HR,C,2016,6340.9,525382.0,12.069123038094187
HR,C,2017,6548.1,526949.0,12.426439750336371
HR,C,2018,6540.0,541549.0,12.07646953461275
HR,C,2019,6687.6,564718.0,11.842370882458148
HR,C,2020,6315.2,542719.0,11.636224270755216
HR,C,2021,6968.7,557449.0,12.501053908070514
HR,C,2022,7441.4,551919.0,13.482775552209654
HR,C,2023,7377.9,543704.0,13.569699689536954
HR,C,2024,7174.0,539314.0,13.302083758255858
HU,C,2008,20071.4,1493825.0,13.436245878868007
HU,C,2009,16514.5,1323287.0,12.479907986702807
HU,C,2010,18056.1,1321806.0,13.660174034616274
HU,C,2011,18142.6,1318518.0,13.759842489825697
HU,C,2012,17896.9,1351981.0,13.23753810149699
HU,C,2013,17526.5,1318705.0,13.290690488016653
HU,C,2014,18780.9,1349720.0,13.914663782117774
HU,C,2015,20416.2,1350403.0,15.118597929655074
HU,C,2016,20482.6,1413611.0,14.489559008807937
HU,C,2017,21147.5,1472990.0,14.35685238867881
HU,C,2018,21687.5,1506814.0,14.392950954796014
HU,C,2019,22103.2,1509030.0,14.64728998098116
HU,C,2020,20467.6,1370503.0,14.934370811300667
HU,C,2021,21903.9,1445887.0,15.149109162749234
HU,C,2022,22753.8,1479534.0,15.379031505866037
HU,C,2023,21697.0,1467874.0,14.781241441704125
HU,C,2024,20885.8,1443708.0,14.466775830015488
IE,C,2008,32911.2,491146.0,67.00899528856999
IE,C,2009,31241.8,418334.0,74.68147461119584
IE,C,2010,32629.4,394964.0,82.61360529060876
IE,C,2011,33843.2,393312.0,86.04670083801155
IE,C,2012,33136.9,386826.0,85.66358000754862
IE,C,2013,31234.2,399887.0,78.1075653872219
IE,C,2014,35230.6,409918.0,85.94548177928269
IE,C,2015,64618.9,428774.0,150.70619953635247
IE,C,2016,63799.9,467248.0,136.54397664623497
IE,C,2017,66062.9,480280.0,137.55080369784292
IE,C,2018,73357.2,481550.0,152.33558301318658
IE,C,2019,74702.8,493486.0,151.37774931811643
IE,C,2020,91739.5,485801.0,188.84172737396588
IE,C,2021,113856.7,524647.0,217.0158220670279
IE,C,2022,131872.6,534678.0,246.63928570092656
IE,C,2023,104925.0,520430.0,201.61212843225795
IE,C,2024,103887.6,520617.0,199.5470758734348
IS,C,2008,1353.8,34609.0,39.116992689762775
IS,C,2009,1311.3,30404.0,43.12919352716748
IS,C,2010,1341.3,30946.0,43.343243068571056
IS,C,2011,1446.2,32307.0,44.764292568174085
IS,C,2012,1493.5,32805.0,45.526596555403145
IS,C,2013,1588.1,33600.0,47.26488095238095
IS,C,2014,1625.0,33864.0,47.98606189463737
IS,C,2015,1706.8,33993.0,50.2103374224105
IS,C,2016,1686.4,35038.0,48.13060106170443
IS,C,2017,1708.9,34096.0,50.120248709526045
IS,C,2018,1789.5,34122.0,52.44417091612449
IS,C,2019,1757.8,33292.0,52.799471344467136
IS,C,2020,1631.7,31961.0,51.05284565564282
IS,C,2021,1783.5,31751.0,56.171459166640425
IS,C,2022,1856.3,32780.0,56.62904209884075
IS,C,2023,1835.4,33401.0,54.95045058531182
IT,C,2008,257224.1,8385300.0,30.675598964855162
IT,C,2009,208593.2,7425803.0,28.09032235301691
IT,C,2010,229150.8,7251465.0,31.6006213916774
IT,C,2011,233651.1,7255901.0,32.201528107949656
IT,C,2012,224384.9,6939708.0,32.33347858440153
IT,C,2013,222192.6,6737931.0,32.976383996808515
IT,C,2014,221755.5,6652708.0,33.3331178822218
IT,C,2015,227309.2,6648969.0,34.18713487760283
IT,C,2016,231908.1,6770248.0,34.254003693808556
IT,C,2017,240415.5,6855489.0,35.06905196697129
IT,C,2018,242885.7,6954580.0,34.92456769495786
IT,C,2019,243261.1,6924072.0,35.13266470943688
IT,C,2020,209911.7,6055988.0,34.661842130466574
IT,C,2021,242712.3,6738725.0,36.017540410092415
IT,C,2022,249143.9,6920682.0,35.99990578963171
IT,C,2023,247779.8,7101345.0,34.891953566542675
IT,C,2024,246103.4,7141657.0,34.460266013895655
LT,C,2008,5120.5,484171.0,10.575808960057499
LT,C,2009,4299.5,395019.0,10.88428657862027
LT,C,2010,4677.3,374605.0,12.485951869302331
LT,C,2011,5161.7,379808.0,13.590287724323868
LT,C,2012,5483.9,396223.0,13.84043833901616
LT,C,2013,5724.2,390661.0,14.652601616235048
LT,C,2014,5974.1,385787.0,15.485488106131104
LT,C,2015,6191.0,393101.0,15.749133174425909
LT,C,2016,6360.4,419395.0,15.165655289166537
LT,C,2017,6740.7,408150.0,16.515251745681734
LT,C,2018,7055.7,430470.0,16.390689246637393
LT,C,2019,7336.8,429066.0,17.099467214834082
LT,C,2020,7410.1,408853.0,18.12411795926653
LT,C,2021,8227.4,432463.0,19.02451770440477
LT,C,2022,8682.3,424538.0,20.451172804319047
LT,C,2023,8443.7,442780.0,19.069741180721802
LT,C,2024,8688.4,458928.0,18.93194575183907
LU,C,2008,2467.8,56446.0,43.71966126917763
LU,C,2009,2004.4,50379.0,39.78641894440143
LU,C,2010,2105.8,52218.0,40.327090275383966
LU,C,2011,1886.5,53094.0,35.531321806607146
LU,C,2012,1980.2,51710.0,38.29433378456778
LU,C,2013,2210.9,50416.0,43.853141859727074
LU,C,2014,2325.8,50555.0,46.00534071802987
LU,C,2015,2773.1,52298.0,53.02497227427435
LU,C,2016,2935.2,52954.0,55.42924047286324
LU,C,2017,2472.5,52785.0,46.84095860566448
LU,C,2018,2487.4,53721.0,46.30219094953557
LU,C,2019,2831.2,53435.0,52.983999251426965
LU,C,2020,2750.5,46285.0,59.425299773144644
LU,C,2021,2816.5,50657.0,55.59942357423456
LU,C,2022,2570.9,51004.0,50.405850521527725
LU,C,2023,3102.6,50107.0,61.91949228650687
LU,C,2024,3313.6,49478.0,66.97117910990744
LV,C,2008,2395.3,297415.0,8.053729637039154
LV,C,2009,1872.3,223244.0,8.386787550841232
LV,C,2010,2133.6,224989.0,9.483130286369557
LV,C,2011,2179.4,234060.0,9.31128770400752
LV,C,2012,2286.8,244933.0,9.336430779029369
LV,C,2013,2268.8,245299.0,9.249120461151493
LV,C,2014,2231.8,234181.0,9.530235159983091
LV,C,2015,2330.6,223294.0,10.437360609779036
LV,C,2016,2370.4,228503.0,10.373605598175955
LV,C,2017,2532.2,229019.0,11.056724551238107
LV,C,2018,2720.3,231371.0,11.757307527736838
LV,C,2019,2748.4,223922.0,12.27391681031788
LV,C,2020,2769.4,209067.0,13.246471226927254
LV,C,2021,3050.9,217868.0,14.003433271522207
LV,C,2022,2923.8,222820.0,13.121802351673997
LV,C,2023,2856.7,221775.0,12.881073159733964
LV,C,2024,2762.9,210080.0,13.151656511805026
MT,C,2008,813.1,47766.0,17.022568354059374
MT,C,2009,687.1,42641.0,16.11359958725171
MT,C,2010,759.2,41995.0,18.07834265984046
MT,C,2011,751.4,41434.0,18.134865086643817
MT,C,2012,795.4,40290.0,19.741871432117147
MT,C,2013,773.7,40946.0,18.895618619645386
MT,C,2014,757.3,41761.0,18.134144297310886
MT,C,2015,734.6,41792.0,17.577526799387446
MT,C,2016,727.9,43164.0,16.863590028727643
MT,C,2017,772.3,42860.0,18.01913205786281
MT,C,2018,818.5,44952.0,18.208311087382096
MT,C,2019,809.3,46868.0,17.267645301698387
MT,C,2020,764.5,43517.0,17.567847048279983
MT,C,2021,810.6,44322.0,18.288885880601054
MT,C,2022,835.3,44195.0,18.900328091413055
MT,C,2023,871.6,45285.0,19.246991277464947
MT,C,2024,942.9,46189.0,20.413951373703696
NL,C,2008,67393.1,1211890.0,55.60991509130367
NL,C,2009,60175.4,1145363.0,52.538278257635355
NL,C,2010,62837.0,1128479.0,55.6829147906164
NL,C,2011,66014.0,1126018.0,58.6260610398768
NL,C,2012,65698.2,1110472.0,59.16241021835759
NL,C,2013,65402.6,1107569.0,59.05058736746875
NL,C,2014,66780.6,1105263.0,60.42055148865022
NL,C,2015,67587.2,1106433.0,61.08566899215768
NL,C,2016,69493.1,1127376.0,61.641457685812014
NL,C,2017,74359.7,1139986.0,65.22860807062543
NL,C,2018,77965.3,1165029.0,66.92133843878564
NL,C,2019,78848.8,1200922.0,65.6568869585202
NL,C,2020,77403.5,1155617.0,66.98023653165365
NL,C,2021,86137.8,1198699.0,71.85940757437857
NL,C,2022,90359.0,1218380.0,74.16323314565243
NL,C,2023,88844.2,1239274.0,71.69052203144744
NL,C,2024,87936.9,1246603.0,70.54122282715507
NO,C,2008,25241.3,414650.0,60.87374894489328
NO,C,2009,23364.3,382080.0,61.15028266331658
NO,C,2010,23688.3,366370.0,64.65676774845102
NO,C,2011,24095.7,364960.0,66.02285181937746
NO,C,2012,24588.0,369840.0,66.48280337443218
NO,C,2013,25342.8,369530.0,68.58117067626445
NO,C,2014,26080.2,372230.0,70.06474491577788
NO,C,2015,24912.6,358190.0,69.55135542589127
NO,C,2016,23888.6,343119.0,69.62190959987642
NO,C,2017,23935.7,333924.0,71.68008289311341
NO,C,2018,24356.3,337203.0,72.23037754705622
NO,C,2019,24800.2,345032.0,71.87797073894596
NO,C,2020,23487.9,337465.0,69.60099565880907
NO,C,2021,24816.5,341120.0,72.750058630394
NO,C,2022,25149.0,347204.0,72.43292127970875
NO,C,2023,25160.0,349328.0,72.02400036641781
NO,C,2024,25594.2,351050.0,72.9075630252101
PL,C,2008,52098.7,6819809.0,7.639319517599392
PL,C,2009,52726.1,6405807.0,8.230984792392277
PL,C,2010,58355.6,6026311.0,9.683469704766315
PL,C,2011,61589.9,6054698.0,10.172249714188883
PL,C,2012,63314.9,5981913.0,10.584389976918755
PL,C,2013,60976.2,6126609.0,9.952683450176108
PL,C,2014,68126.4,6272408.0,10.86128325835947
PL,C,2015,73013.0,6451891.0,11.316527201094996
PL,C,2016,76897.9,6779606.0,11.34253229464957
PL,C,2017,78322.0,7010217.0,11.172550008081062
PL,C,2018,82771.8,7033902.0,11.767550926925056
PL,C,2019,88052.0,7049388.0,12.490729691712245
PL,C,2020,83141.3,6774155.0,12.273309364784243
PL,C,2021,82484.0,6809269.0,12.113488246682573
PL,C,2022,92664.6,6861229.0,13.505539605222332
PL,C,2023,97165.6,6616973.0,14.684297487688102
PL,C,2024,97904.2,6706698.0,14.597973548234913
PT,C,2008,21779.8,1512880.0,14.396250859288244
PT,C,2009,19452.3,1385177.0,14.043187260545043
PT,C,2010,20837.1,1350687.0,15.427038240539813
PT,C,2011,20964.5,1320568.0,15.875365751706841
PT,C,2012,20234.0,1268568.0,15.950268334058562
PT,C,2013,20438.0,1251221.0,16.334444514598143
PT,C,2014,21003.1,1275683.0,16.46419996190276
PT,C,2015,21645.5,1309951.0,16.523900512309236
PT,C,2016,22112.5,1322964.0,16.714362597924055
PT,C,2017,23491.4,1357921.0,17.29953362529926
PT,C,2018,24328.5,1402234.0,17.349814652903866
PT,C,2019,24439.9,1391009.0,17.56990788700864
PT,C,2020,22771.0,1289702.0,17.656016661213208
PT,C,2021,23862.8,1313672.0,18.16496050764574
PT,C,2022,24836.7,1352452.0,18.364200725792855
PT,C,2023,24657.4,1380674.0,17.858958740441263
PT,C,2024,24833.5,1397407.0,17.771128955272157
RO,C,2008,31564.4,3497284.0,9.025403713281506
RO,C,2009,29697.5,3102967.0,9.570678644020385
RO,C,2010,29970.0,2913574.0,10.286335613922969
RO,C,2011,33201.6,2998378.0,11.07318690305225
RO,C,2012,28806.0,2927689.0,9.83915982879329
RO,C,2013,28659.5,2920214.0,9.81417800202314
RO,C,2014,31600.8,2989650.0,10.570066730219256
RO,C,2015,33174.2,2879538.0,11.520667551530835
RO,C,2016,33635.1,2979231.0,11.289859698694059
RO,C,2017,36390.6,3007337.0,12.100605951378245
RO,C,2018,38625.8,3025199.0,12.768019558382772
RO,C,2019,38000.6,2999150.0,12.670456629378323
RO,C,2020,34677.0,2690545.0,12.88846683478626
RO,C,2021,36758.0,2797626.0,13.138997135428395
RO,C,2022,33589.0,2779507.0,12.08451714638603
RO,C,2023,36209.5,2691347.0,13.454043644316396
RO,C,2024,36276.5,2760857.0,13.13957948564522
RS,C,2008,6323.5,812075.0,7.786842348305267
RS,C,2009,5449.7,760360.0,7.167262875480035
RS,C,2010,5550.1,712882.0,7.7854399465830255
RS,C,2011,5657.5,687942.0,8.223803750897604
RS,C,2012,5720.8,679379.0,8.420631194075767
RS,C,2013,6596.3,675699.0,9.762187009304439
RS,C,2014,6315.0,667434.0,9.461609687249975
RS,C,2015,6458.9,664045.0,9.726599853925562
RS,C,2016,6576.8,699772.0,9.398489793818559
RS,C,2017,6744.6,740455.0,9.108723690163481
RS,C,2018,6841.2,787359.0,8.688793803080932
RS,C,2019,6780.5,812908.0,8.341042282767546
RS,C,2020,6645.8,831763.0,7.990016386879436
RS,C,2021,6946.5,825273.0,8.417214667146508
RS,C,2022,7021.0,818327.0,8.579699802157329
RS,C,2023,7084.0,821929.0,8.618749308030257
RS,C,2024,7409.3,809783.0,9.149735175966894
SE,C,2008,57941.5,1177660.0,49.20053326087326
SE,C,2009,45279.4,1036260.0,43.69501862466949
SE,C,2010,55559.6,1051230.0,52.85199242791777
SE,C,2011,58698.4,1069800.0,54.86857356515237
SE,C,2012,54536.7,1026170.0,53.14587251624974
SE,C,2013,52280.3,1001060.0,52.22494156194434
SE,C,2014,51231.8,985330.0,51.99456019810622
SE,C,2015,54678.4,968610.0,56.450377344855
SE,C,2016,55712.5,969070.0,57.49068694727935
SE,C,2017,57381.9,994320.0,57.709691045136374
SE,C,2018,59251.3,983840.0,60.22452837859815
SE,C,2019,58588.5,980300.0,59.76588799347139
SE,C,2020,54835.1,926480.0,59.18649080390295
SE,C,2021,62456.9,983250.0,63.520874650394106
SE,C,2022,67152.3,969770.0,69.24559431617806
SE,C,2023,61080.2,999750.0,61.09547386846712
SE,C,2024,61072.1,998830.0,61.14363805652613
SI,C,2008,6969.4,373964.0,18.63655325111508
SI,C,2009,5876.4,332610.0,17.667538558672316
SI,C,2010,6307.5,323648.0,19.4887655724738
SI,C,2011,6482.4,318604.0,20.346260561700415
SI,C,2012,6303.8,310343.0,20.312364061699476
SI,C,2013,6287.8,307084.0,20.475830717328158
SI,C,2014,6588.6,310482.0,21.220553848532283
SI,C,2015,6828.7,318219.0,21.459120919869648
SI,C,2016,7197.1,322642.0,22.306767252868507
SI,C,2017,7759.0,329920.0,23.51782250242483
SI,C,2018,8045.3,340940.0,23.59740716841673
SI,C,2019,8612.9,348427.0,24.71938167822815
SI,C,2020,8410.8,326366.0,25.771066839070244
SI,C,2021,9325.6,350487.0,26.607548924781806
SI,C,2022,9111.5,354852.0,25.676901919673554
SI,C,2023,9235.1,354520.0,26.049588175561325
SI,C,2024,9605.6,355986.0,26.983083604411412
SK,C,2008,10924.2,948296.0,11.519820815441593
SK,C,2009,9254.7,820515.0,11.279135664795891
SK,C,2010,11777.2,821621.0,14.33410295014368
SK,C,2011,12359.9,849359.0,14.552032768240519
SK,C,2012,12355.4,840023.0,14.708406793623507
SK,C,2013,12289.4,819724.0,14.99211929869078
SK,C,2014,14928.9,833558.0,17.909851504034513
SK,C,2015,16870.0,852013.0,19.800167368338276
SK,C,2016,16640.8,875911.0,18.9982772222292
SK,C,2017,16806.5,898526.0,18.704522740577346
SK,C,2018,18907.9,908346.0,20.815746422618698
SK,C,2019,19983.2,900654.0,22.18743268780242
SK,C,2020,17655.9,803917.0,21.962341883552657
SK,C,2021,16750.1,816169.0,20.522832893677656
SK,C,2022,17364.1,834216.0,20.81487288663847
SK,C,2023,16747.2,838754.0,19.96676021813309
SK,C,2024,17063.1,830989.0,20.533484799437776
UK,C,2008,186497.3,5006740.0,37.24924801367756
UK,C,2009,170431.1,4688908.0,36.34771678181786
UK,C,2010,178357.3,4635423.0,38.47702787857764
UK,C,2011,182365.2,4640939.0,39.29489269305199
UK,C,2012,180231.6,4678028.0,38.52725977698295
UK,C,2013,178288.3,4716127.0,37.80396499076467
UK,C,2014,183349.7,4713321.0,38.90032102629972
UK,C,2015,182459.8,4719663.0,38.65949751073328
UK,C,2016,182952.5,4724014.0,38.72818751172203
UK,C,2017,187207.8,4753140.0,39.38613211477045
UK,C,2018,189357.1,4781607.0,39.60114246110147
AT,D,2008,5802.7,46630.0,124.44134677246407
AT,D,2009,6179.7,45999.0,134.3442248744538
AT,D,2010,5840.7,46494.0,125.62266098851465
AT,D,2011,5538.4,46482.0,119.15149950518479
AT,D,2012,5389.8,46711.0,115.38609749309585
AT,D,2013,5654.1,46885.0,120.59507305108244
AT,D,2014,4998.7,45474.0,109.92435237718257
AT,D,2015,4806.6,43543.0,110.3874331120961
AT,D,2016,4846.0,43737.0,110.79863730937193
AT,D,2017,5195.1,42060.0,123.51640513552069
AT,D,2018,5395.6,41806.0,129.0628139501507
AT,D,2019,5388.4,42288.0,127.42149073023079
AT,D,2020,5388.1,41848.0,128.75406232077995
AT,D,2021,5771.2,44063.0,130.97610239883804
AT,D,2022,6948.0,43013.0,161.532559923744
AT,D,2023,7240.1,45785.0,158.13257617123514
AT,D,2024,6922.4,47040.0,147.15986394557822
BE,D,2008,5615.7,31280.0,179.53005115089513
BE,D,2009,6174.6,29770.0,207.41014444071214
BE,D,2010,6381.6,30410.0,209.85202236106545
BE,D,2011,6460.1,32193.0,200.6678470474948
BE,D,2012,5482.9,32006.0,171.3085046553771
BE,D,2013,5490.8,31523.0,174.18392919455636
BE,D,2014,5832.9,30663.0,190.22600528324037
BE,D,2015,5759.1,29704.0,193.88297872340428
BE,D,2016,5840.9,29646.0,197.02152060986302
BE,D,2017,5351.7,29266.0,182.86407435249095
BE,D,2018,4410.0,28962.0,152.26848974518333
BE,D,2019,4910.3,29336.0,167.38137442050723
BE,D,2020,5386.3,29650.0,181.66273187183813
BE,D,2021,4841.4,29893.0,161.95764894791424
BE,D,2022,3502.9,29692.0,117.97453859625489
BE,D,2023,4302.8,30666.0,140.31174590751974
BE,D,2024,4776.5,31903.0,149.7194621195499
BG,D,2008,1201.5,59627.0,20.15026749626847
BG,D,2009,1190.5,59314.0,20.07114677816367
BG,D,2010,1194.0,55014.0,21.70356636492529
BG,D,2011,1179.1,54025.0,21.825080981027302
BG,D,2012,1081.4,52874.0,20.452396262813483
BG,D,2013,1157.5,53227.0,21.746482048584365
BG,D,2014,1052.0,53877.0,19.52595727304787
BG,D,2015,953.5,53668.0,17.76663933815309
BG,D,2016,1114.6,52405.0,21.268962885220876
BG,D,2017,1071.4,52139.0,20.548917317171412
BG,D,2018,906.8,52552.0,17.255289998477696
BG,D,2019,821.3,52301.0,15.703332632263246
BG,D,2020,815.4,51769.0,15.750738859162817
BG,D,2021,1145.4,51562.0,22.21403359062876
BG,D,2022,1025.4,50332.0,20.372725105300805
BG,D,2023,637.9,52257.0,12.206977055705455
BG,D,2024,483.3,49763.0,9.712035046118602
CH,D,2008,8038.2,41469.0,193.8363596903711
CH,D,2009,6935.9,41417.0,167.46505058309387
CH,D,2010,6984.6,44599.0,156.60889257606675
CH,D,2011,6833.1,47073.0,145.1596456567459
CH,D,2012,7367.2,46016.0,160.1008344923505
CH,D,2013,7359.1,44677.0,164.71786377778275
CH,D,2014,6144.2,46361.0,132.52949677530682
CH,D,2015,5402.3,48329.0,111.78174594963687
CH,D,2016,4416.0,48706.0,90.66644766558535
CH,D,2017,4957.9,48191.0,102.8802058475649
CH,D,2018,5789.3,46577.0,124.29525302187776
CH,D,2019,6011.7,47001.0,127.90578923852684
CH,D,2020,5247.8,46305.0,113.331173739337
CH,D,2021,4539.5,49285.0,92.10713198742012
CH,D,2022,5758.1,49608.0,116.07200451540075
CH,D,2023,4770.3,50617.0,94.24304087559517
CY,D,2008,239.0,3893.0,61.392242486514256
CY,D,2009,251.9,4024.0,62.599403578528836
CY,D,2010,256.3,4073.0,62.926589737294385
CY,D,2011,201.9,4048.0,49.87648221343874
CY,D,2012,189.4,3979.0,47.59989947222921
CY,D,2013,181.2,3850.0,47.06493506493506
CY,D,2014,174.2,3703.0,47.04293815825007
CY,D,2015,187.0,3563.0,52.48386191411732
CY,D,2016,204.4,3479.0,58.752515090543255
CY,D,2017,147.4,3464.0,42.55196304849885
CY,D,2018,137.3,3770.0,36.41909814323608
CY,D,2019,148.2,3917.0,37.83507786571355
CY,D,2020,139.1,3928.0,35.41242362525458
CY,D,2021,127.8,3994.0,31.99799699549324
CY,D,2022,96.5,4044.0,23.862512363996043
CY,D,2023,123.0,4172.0,29.482262703739217
CY,D,2024,132.5,4256.0,31.132518796992482
CZ,D,2008,7387.3,58340.0,126.62495714775454
CZ,D,2009,6006.8,61076.0,98.34959722313184
CZ,D,2010,5754.4,56228.0,102.34047093974532
CZ,D,2011,5237.0,56131.0,93.29960271507723
CZ,D,2012,5190.9,54596.0,95.07839402154003
CZ,D,2013,4829.3,57963.0,83.3169435674482
CZ,D,2014,4589.2,52310.0,87.73083540432039
CZ,D,2015,4275.9,54117.0,79.01214036254781
CZ,D,2016,4008.9,57510.0,69.70787689097548
CZ,D,2017,4304.4,58233.0,73.9168512698985
CZ,D,2018,4221.4,63056.0,66.94684090332402
CZ,D,2019,4163.2,65369.0,63.687680704921284
CZ,D,2020,4110.7,65662.0,62.60394139685054
CZ,D,2021,4749.3,65672.0,72.3184918991351
CZ,D,2022,3817.8,69256.0,55.12590966847638
CZ,D,2023,3216.3,70303.0,45.749114547032136
CZ,D,2024,3351.6,71188.0,47.08096870259032
DE,D,2008,40653.5,377085.0,107.80991023244097
DE,D,2009,44477.5,379096.0,117.32516301939351
DE,D,2010,49532.0,386449.0,128.17215208216348
DE,D,2011,35400.0,390810.0,90.58110079066554
DE,D,2012,45527.4,386174.0,117.89348842749642
DE,D,2013,37820.4,387748.0,97.538607549233
DE,D,2014,33270.6,389179.0,85.48919648799139
DE,D,2015,33970.6,382111.0,88.90243934354153
DE,D,2016,35551.0,384250.0,92.52049446974627
DE,D,2017,40966.6,388607.0,105.41909950155298
DE,D,2018,37975.2,391105.0,97.09719896191558
DE,D,2019,37720.9,394453.0,95.62837651127005
DE,D,2020,36840.5,401120.0,91.8440865576386
DE,D,2021,30533.4,410423.0,74.39495349919474
DE,D,2022,17790.3,407749.0,43.63051779403505
DE,D,2023,15292.5,422338.0,36.209150017284735
DE,D,2024,14714.1,450399.0,32.669033457001454
DK,D,2008,3462.7,19231.0,180.05823930112837
DK,D,2009,3103.3,20511.0,151.29930281312468
DK,D,2010,3406.2,18451.0,184.60788033168933
DK,D,2011,3314.4,17397.0,190.51560613898948
DK,D,2012,3499.1,18133.0,192.9686207467049
DK,D,2013,3062.6,16929.0,180.90850020674583
DK,D,2014,2843.4,17542.0,162.09098164405427
DK,D,2015,2539.0,15622.0,162.5272052234029
DK,D,2016,2439.0,16289.0,149.7329486156302
DK,D,2017,2754.3,14919.0,184.6169314297205
DK,D,2018,3231.0,15725.0,205.4689984101749
DK,D,2019,3432.6,17053.0,201.29009558435465
DK,D,2020,2977.7,17750.0,167.75774647887323
DK,D,2021,3164.3,17726.0,178.51179059009365
DK,D,2022,3528.0,20591.0,171.33699188966054
DK,D,2023,3305.5,21850.0,151.28146453089244
DK,D,2024,3554.8,24127.0,147.33700833091558
EA,D,2008,144181.8,1016303.0,141.86891114165752
EA,D,2009,147032.4,1056282.0,139.19805506484062
EA,D,2010,154085.5,1078551.0,142.863434367035
EA,D,2011,139849.6,1099951.0,127.14166358319598
EA,D,2012,151322.0,1099604.0,137.61499594399436
EA,D,2013,140489.2,1091894.0,128.6656030713604
EA,D,2014,135906.3,1112970.0,122.11137766516616
EA,D,2015,134600.3,1107837.0,121.49828900822051
EA,D,2016,138790.6,1120714.0,123.84122978743909
EA,D,2017,140158.9,1130377.0,123.9930571835768
EA,D,2018,141222.2,1122126.0,125.85235526135213
EA,D,2019,144800.6,1123984.0,128.82799043402753
EA,D,2020,143419.1,1128697.0,127.06607707825926
EA,D,2021,125649.4,1149171.0,109.3391671039384
EA,D,2022,86626.3,1161065.0,74.60934572999788
EA,D,2023,92503.9,1217252.0,75.99404231827098
EA,D,2024,95961.3,1306927.0,73.42514157255914
EA12,D,2008,143061.4,997615.0,143.4034171499025
EA12,D,2009,143599.6,1002163.0,143.28966445578214
EA12,D,2010,150691.6,1024424.0,147.09885750431462
EA12,D,2011,135784.0,1031406.0,131.64941836677312
EA12,D,2012,147411.2,1031855.0,142.86038251498513
EA12,D,2013,136728.8,1026191.0,133.23913384545372
EA12,D,2014,131463.5,1024144.0,128.36427299286038
EA12,D,2015,129763.8,1002480.0,129.44278190088582
EA12,D,2016,133640.0,1015531.0,131.5961797325734
EA12,D,2017,135317.9,1020587.0,132.5883045737404
EA12,D,2018,136826.4,1018891.0,134.28953636846336
EA12,D,2019,139751.2,1026818.0,136.10123702545147
EA12,D,2020,138262.4,1034414.0,133.66253743665496
EA12,D,2021,120567.6,1051649.0,114.64623652948845
EA12,D,2022,82963.9,1060144.0,78.25719902201965
EA12,D,2023,87941.4,1093988.0,80.38607370464757
EA12,D,2024,91153.1,1173253.0,77.6926204322512
EA19,D,2008,149329.2,1140854.0,130.89247177991226
EA19,D,2009,148820.2,1130118.0,131.68554080193397
EA19,D,2010,155847.0,1146009.0,135.99107860409472
EA19,D,2011,141029.5,1147711.0,122.8789303230517
EA19,D,2012,152478.7,1147109.0,132.9243341304096
EA19,D,2013,141585.0,1136148.0,124.61844759661594
EA19,D,2014,136567.1,1133274.0,120.50669123265865
EA19,D,2015,134600.3,1107837.0,121.49828900822051
EA19,D,2016,138790.6,1120714.0,123.84122978743909
EA19,D,2017,140158.9,1130377.0,123.9930571835768
EA19,D,2018,141222.2,1122126.0,125.85235526135213
EA19,D,2019,144800.6,1123984.0,128.82799043402753
EA19,D,2020,143419.1,1128697.0,127.06607707825926
EA19,D,2021,125649.4,1149171.0,109.3391671039384
EA19,D,2022,86626.3,1161065.0,74.60934572999788
EA19,D,2023,91880.7,1194656.0,76.90975477459621
EA19,D,2024,95359.3,1280143.0,74.49113106895089
EA20,D,2008,150128.9,1175640.0,127.69972100302812
EA20,D,2009,149616.8,1159926.0,128.9882285594081
EA20,D,2010,156697.9,1176750.0,133.1615891225834
EA20,D,2011,141850.5,1165911.0,121.66494698137336
EA20,D,2012,153251.0,1183022.0,129.54196963370083
EA20,D,2013,142431.5,1165058.0,122.25271188215522
EA20,D,2014,137441.1,1166580.0,117.81540914467932
EA20,D,2015,135464.1,1135255.0,119.32482129565605
EA20,D,2016,139695.8,1145468.0,121.95521830378499
EA20,D,2017,140950.4,1151611.0,122.39410703787998
EA20,D,2018,141938.1,1149373.0,123.49176464037349
EA20,D,2019,145672.2,1156715.0,125.93612082492231
EA20,D,2020,144018.3,1161684.0,123.97373123844349
EA20,D,2021,126338.8,1185782.0,106.54471057917897
EA20,D,2022,87244.7,1191643.0,73.21378970043881
EA20,D,2023,92503.9,1217252.0,75.99404231827098
EA20,D,2024,95961.3,1306927.0,73.42514157255914
EE,D,2008,431.3,16267.0,26.513800946701913
EE,D,2009,444.7,15758.0,28.220586368828528
EE,D,2010,445.8,15518.0,28.727928856811445
EE,D,2011,460.4,16665.0,27.626762676267624
EE,D,2012,430.6,15806.0,27.242819182588892
EE,D,2013,504.6,16041.0,31.45689171498037
EE,D,2014,544.6,15003.0,36.29940678530961
EE,D,2015,487.9,14418.0,33.83964488833403
EE,D,2016,529.7,13447.0,39.391685877890986
EE,D,2017,551.8,12613.0,43.748513438515815
EE,D,2018,556.1,12157.0,45.74319322201202
EE,D,2019,471.6,10234.0,46.08168848934923
EE,D,2020,481.8,9328.0,51.65094339622642
EE,D,2021,624.7,9431.0,66.23899904570035
EE,D,2022,486.0,10464.0,46.444954128440365
EE,D,2023,355.3,11645.0,30.51094890510949
EE,D,2024,358.7,12455.0,28.799678843837814
EL,D,2008,3198.2,51731.0,61.823664727146195
EL,D,2009,3705.0,49148.0,75.3845527793603
EL,D,2010,3590.4,49609.0,72.37396440162068
EL,D,2011,3830.2,58196.0,65.81551996700803
EL,D,2012,4388.2,60140.0,72.96641170601929
EL,D,2013,3920.9,57915.0,67.70094103427438
EL,D,2014,3304.0,65487.0,50.45276161680944
EL,D,2015,2917.5,60015.0,48.612846788302924
EL,D,2016,3488.0,65257.0,53.45020457575433
EL,D,2017,3642.5,67813.0,53.713889667172964
EL,D,2018,3543.6,59579.0,59.477332617197334
EL,D,2019,3474.2,59918.0,57.98257618745619
EL,D,2020,3232.6,60723.0,53.2351827149515
EL,D,2021,3550.9,57705.0,61.53539554631315
EL,D,2022,2746.5,65001.0,42.25319610467531
EL,D,2023,2578.7,60295.0,42.768057052823615
EL,D,2024,3188.8,66372.0,48.04435605375761
ES,D,2008,22471.3,73907.0,304.0483310105944
ES,D,2009,21023.6,75242.0,279.4130937508306
ES,D,2010,25491.0,79156.0,322.0349689221285
ES,D,2011,25800.9,76658.0,336.57152547679306
ES,D,2012,25098.2,74799.0,335.54191900961246
ES,D,2013,21071.9,72610.0,290.2065831152734
ES,D,2014,21643.3,68525.0,315.8453119299526
ES,D,2015,21223.9,63883.0,332.2307969256297
ES,D,2016,24034.4,63832.0,376.52588043614486
ES,D,2017,22118.0,66326.0,333.47405240780387
ES,D,2018,23130.5,64769.0,357.1230063765073
ES,D,2019,24717.3,67914.0,363.9499955826486
ES,D,2020,25559.1,68217.0,374.673468490259
ES,D,2021,15982.8,67957.0,235.18989949526906
ES,D,2022,12744.0,67613.0,188.48446304704717
ES,D,2023,11806.5,68772.0,171.6759727796196
ES,D,2024,12067.0,77705.0,155.29245222315166
EU27_2020,D,2008,186717.7,2013538.0,92.73115282651732
EU27_2020,D,2009,186385.5,2037421.0,91.48109300925042
EU27_2020,D,2010,195549.4,2010008.0,97.28787149105874
EU27_2020,D,2011,183749.9,1957465.0,93.87135913030373
EU27_2020,D,2012,194833.1,1947807.0,100.02690204933035
EU27_2020,D,2013,181715.6,1910718.0,95.10330671506732
EU27_2020,D,2014,176540.2,1929491.0,91.49573644033583
EU27_2020,D,2015,172367.8,1874560.0,91.95107118470467
EU27_2020,D,2016,176489.3,1880975.0,93.82862611145815
EU27_2020,D,2017,179749.7,1861295.0,96.57238642987812
EU27_2020,D,2018,180469.8,1858954.0,97.08136941527331
EU27_2020,D,2019,185126.1,1889574.0,97.97240012828289
EU27_2020,D,2020,186673.0,1910126.0,97.72810798868765
EU27_2020,D,2021,168030.1,1984765.0,84.65994714739529
EU27_2020,D,2022,119085.6,2001678.0,59.49288546909143
EU27_2020,D,2023,119729.0,2027755.0,59.04510160251115
EU27_2020,D,2024,123743.1,2067852.0,59.84137162620923
FI,D,2008,4142.3,20900.0,198.19617224880383
FI,D,2009,4220.5,21100.0,200.02369668246445
FI,D,2010,4215.0,22000.0,191.5909090909091
FI,D,2011,4103.8,22000.0,186.53636363636363
FI,D,2012,4535.4,22200.0,204.2972972972973
FI,D,2013,4414.3,22200.0,198.84234234234236
FI,D,2014,4672.0,21100.0,221.4218009478673
FI,D,2015,4396.7,20400.0,215.52450980392157
FI,D,2016,4012.4,20700.0,193.83574879227052
FI,D,2017,4285.5,20500.0,209.04878048780486
FI,D,2018,4296.5,20500.0,209.58536585365852
FI,D,2019,4623.5,20800.0,222.28365384615384
FI,D,2020,4833.8,21700.0,222.7557603686636
FI,D,2021,4520.0,21900.0,206.39269406392694
FI,D,2022,4646.6,22000.0,211.20909090909092
FI,D,2023,5881.0,22600.0,260.2212389380531
FI,D,2024,6676.0,23400.0,285.2991452991453
FR,D,2008,27394.4,158489.0,172.84732694382575
FR,D,2009,23801.2,166987.0,142.53325109140232
FR,D,2010,22928.3,171490.0,133.70050731821098
FR,D,2011,22624.7,172243.0,131.35337865689752
FR,D,2012,24790.7,176329.0,140.59343613359118
FR,D,2013,26881.1,176156.0,152.59826517405025
FR,D,2014,26168.4,176102.0,148.59797163007804
FR,D,2015,26178.9,178777.0,146.433266024153
FR,D,2016,24937.4,179860.0,138.64894918269766
FR,D,2017,22682.5,174646.0,129.87700834831602
FR,D,2018,24610.4,179825.0,136.85750034756015
FR,D,2019,24489.3,179355.0,136.5409383624655
FR,D,2020,22664.5,185936.0,121.89409259099905
FR,D,2021,20711.6,186359.0,111.13817953519818
FR,D,2022,8346.5,184218.0,45.30773322910899
FR,D,2023,14471.0,186954.0,77.40406731067536
FR,D,2024,15783.7,192270.0,82.09132990066054
HR,D,2008,797.3,34786.0,22.920140286322084
HR,D,2009,794.2,29808.0,26.643853998926463
HR,D,2010,850.9,30741.0,27.679646075274064
HR,D,2011,821.0,18200.0,45.10989010989011
HR,D,2012,765.6,35913.0,21.318185615236825
HR,D,2013,833.0,28909.0,28.814556020616415
HR,D,2014,855.3,33306.0,25.68005764727076
HR,D,2015,844.7,27417.0,30.80935186198344
HR,D,2016,883.5,24754.0,35.6912014219924
HR,D,2017,784.8,21234.0,36.959593105397005
HR,D,2018,718.8,27247.0,26.380885969097513
HR,D,2019,866.4,32730.0,26.471127406049497
HR,D,2020,599.5,32987.0,18.17382605268742
HR,D,2021,691.4,36611.0,18.88503455245691
HR,D,2022,639.7,30578.0,20.920269474785794
HR,D,2023,618.0,22596.0,27.349973446627722
HR,D,2024,559.9,26784.0,20.90427120669056
HU,D,2008,2405.6,61499.0,39.116083188344525
HU,D,2009,2497.3,56235.0,44.408286654218905
HU,D,2010,2339.8,57074.0,40.99590005957179
HU,D,2011,2210.6,50794.0,43.52088829389298
HU,D,2012,2165.8,62539.0,34.631190137354295
HU,D,2013,2080.1,53844.0,38.631973850382586
HU,D,2014,2160.9,53843.0,40.13335066768197
HU,D,2015,2205.5,50733.0,43.47269035933219
HU,D,2016,2566.6,48876.0,52.51248056305753
HU,D,2017,2300.5,51858.0,44.36152570480929
HU,D,2018,2217.1,46573.0,47.60483541966375
HU,D,2019,2462.2,48929.0,50.321894990700805
HU,D,2020,2399.2,40722.0,58.91655616128873
HU,D,2021,2125.2,44120.0,48.168631006346324
HU,D,2022,1465.4,49033.0,29.885995146126078
HU,D,2023,1419.0,51652.0,27.47231472159839
HU,D,2024,1535.7,47853.0,32.09203184753307
IE,D,2008,2572.6,21832.0,117.83620373763283
IE,D,2009,2436.0,22977.0,106.01906254080167
IE,D,2010,2516.4,22279.0,112.94941424659994
IE,D,2011,2442.5,18408.0,132.68687527162103
IE,D,2012,2385.4,17534.0,136.04425687236227
IE,D,2013,2248.1,18419.0,122.05331451218849
IE,D,2014,2580.7,18840.0,136.97983014861995
IE,D,2015,2580.9,18189.0,141.89345208642587
IE,D,2016,2656.2,22695.0,117.03899537343027
IE,D,2017,2904.7,26346.0,110.25203066879222
IE,D,2018,3038.9,25538.0,118.99522280523142
IE,D,2019,2947.4,26788.0,110.02687770643573
IE,D,2020,3869.9,23332.0,165.8623349905709
IE,D,2021,1771.0,25219.0,70.22483048495182
IE,D,2022,1019.0,29755.0,34.24634515207528
IE,D,2023,2668.6,28084.0,95.02207662726107
IE,D,2024,2899.3,44760.0,64.77435210008937
IS,D,2008,424.7,3154.0,134.6544071020926
IS,D,2009,428.5,2971.0,144.22753281723325
IS,D,2010,429.5,2864.0,149.9650837988827
IS,D,2011,407.0,2813.0,144.68538926413083
IS,D,2012,418.3,2698.0,155.04077094143813
IS,D,2013,434.7,2641.0,164.59674365770542
IS,D,2014,448.6,2608.0,172.00920245398774
IS,D,2015,421.0,2661.0,158.21119879744458
IS,D,2016,407.6,2766.0,147.36080983369487
IS,D,2017,402.8,2822.0,142.73564847625798
IS,D,2018,420.6,2911.0,144.48643077980074
IS,D,2019,441.8,2991.0,147.70979605483117
IS,D,2020,494.4,3139.0,157.50238929595412
IS,D,2021,526.4,2991.0,175.99465061852223
IS,D,2022,609.2,2980.0,204.4295302013423
IS,D,2023,613.6,3130.0,196.03833865814696
IT,D,2008,21193.7,155390.0,136.39037261085014
IT,D,2009,20498.0,152811.0,134.1395580161114
IT,D,2010,18768.9,154899.0,121.16863246373444
IT,D,2011,18227.3,154022.0,118.3421848826791
IT,D,2012,17992.5,156080.0,115.27742183495643
IT,D,2013,17227.8,151703.0,113.56268498315787
IT,D,2014,16390.0,148501.0,110.36962714055798
IT,D,2015,15146.0,144817.0,104.58716863351678
IT,D,2016,15087.6,144945.0,104.09189692642038
IT,D,2017,15804.3,142274.0,111.08354302261831
IT,D,2018,16725.3,142008.0,117.77716748352205
IT,D,2019,17320.5,141590.0,122.32855427643196
IT,D,2020,16707.7,136375.0,122.51292392300641
IT,D,2021,16328.2,139878.0,116.73172335892707
IT,D,2022,12396.9,140705.0,88.10561103016951
IT,D,2023,12526.3,148951.0,84.09678350598517
IT,D,2024,13474.3,152601.0,88.29758651647106
LT,D,2008,865.7,39939.0,21.67555522171311
LT,D,2009,848.6,33759.0,25.137000503569418
LT,D,2010,791.8,28850.0,27.44540727902946
LT,D,2011,698.0,25587.0,27.279477859850704
LT,D,2012,676.7,25757.0,26.272469619909153
LT,D,2013,669.3,22453.0,29.808934218144568
LT,D,2014,656.7,20304.0,32.343380614657214
LT,D,2015,663.6,20494.0,32.38020884161218
LT,D,2016,704.2,22844.0,30.82647522325337
LT,D,2017,712.4,27689.0,25.728628697316623
LT,D,2018,660.6,22797.0,28.977497039084092
LT,D,2019,689.0,18294.0,37.66262162457636
LT,D,2020,752.9,17799.0,42.30012922074273
LT,D,2021,647.0,21344.0,30.312968515742128
LT,D,2022,633.1,24084.0,26.287161601062945
LT,D,2023,514.5,23516.0,21.878720870896412
LT,D,2024,460.7,26821.0,17.17683904403266
LU,D,2008,373.8,2539.0,147.22331626624654
LU,D,2009,387.2,2422.0,159.86787778695293
LU,D,2010,333.9,2460.0,135.73170731707316
LU,D,2011,384.8,2075.0,185.44578313253012
LU,D,2012,350.0,2185.0,160.1830663615561
LU,D,2013,415.5,2075.0,200.2409638554217
LU,D,2014,408.9,2160.0,189.30555555555554
LU,D,2015,447.3,2270.0,197.04845814977975
LU,D,2016,503.6,2376.0,211.95286195286198
LU,D,2017,561.8,2434.0,230.81347576006573
LU,D,2018,625.0,2462.0,253.8586515028432
LU,D,2019,623.6,2587.0,241.05141090065715
LU,D,2020,685.7,2609.0,262.82100421617474
LU,D,2021,658.0,2802.0,234.83226266952175
LU,D,2022,324.6,2797.0,116.05291383625313
LU,D,2023,223.7,2980.0,75.06711409395973
LU,D,2024,404.0,3061.0,131.98301208755308
LV,D,2008,526.6,30571.0,17.22547512348304
LV,D,2009,503.3,25504.0,19.734159347553323
LV,D,2010,524.0,22646.0,23.1387441490771
LV,D,2011,482.0,22173.0,21.738150002254997
LV,D,2012,486.9,21748.0,22.388265587640245
LV,D,2013,430.2,21801.0,19.733039768817942
LV,D,2014,345.7,22183.0,15.584005770184374
LV,D,2015,424.2,21352.0,19.866991382540277
LV,D,2016,499.3,21615.0,23.09969928290539
LV,D,2017,490.6,21530.0,22.786809103576406
LV,D,2018,301.0,20356.0,14.786795048143054
LV,D,2019,270.1,21602.0,12.50347190074993
LV,D,2020,351.9,20649.0,17.041987505448205
LV,D,2021,454.6,19702.0,23.07379961425236
LV,D,2022,271.1,19153.0,14.154440557614997
LV,D,2023,230.4,17505.0,13.161953727506427
LV,D,2024,234.8,18415.0,12.750475156122727
NL,D,2008,7596.4,41724.0,182.06308120026844
NL,D,2009,7537.9,40815.0,184.68455224794806
NL,D,2010,7757.0,43580.0,177.99449288664528
NL,D,2011,7764.0,43021.0,180.47000302178006
NL,D,2012,7810.5,42600.0,183.3450704225352
NL,D,2013,7980.0,44498.0,179.33390264731
NL,D,2014,8029.1,43986.0,182.53762560814806
NL,D,2015,8241.0,43691.0,188.62008193907212
NL,D,2016,8253.9,43133.0,191.35928407483829
NL,D,2017,8523.8,44860.0,190.00891662951403
NL,D,2018,8469.8,46000.0,184.1260869565217
NL,D,2019,8683.1,45786.0,189.64530642554496
NL,D,2020,9283.3,46525.0,199.5335840945728
NL,D,2021,9687.3,48530.0,199.6146713373171
NL,D,2022,9754.2,50551.0,192.95760716899764
NL,D,2023,9860.8,55731.0,176.93563725754066
NL,D,2024,10162.5,62991.0,161.33257131971234
NO,D,2008,8042.8,25630.0,313.8041357783847
NO,D,2009,7520.2,23810.0,315.84208315833683
NO,D,2010,7321.4,23050.0,317.63123644251624
NO,D,2011,7386.7,23660.0,312.2020287404902
NO,D,2012,8677.7,24260.0,357.6957955482276
NO,D,2013,8479.3,23660.0,358.38123415046493
NO,D,2014,9098.0,24250.0,375.17525773195877
NO,D,2015,9386.7,24920.0,376.6733547351525
NO,D,2016,9474.1,25603.0,370.0386673436707
NO,D,2017,9575.8,25630.0,373.6168552477565
NO,D,2018,9712.3,25435.0,381.8478474542952
NO,D,2019,8974.3,25817.0,347.6120385792307
NO,D,2020,9458.8,26534.0,356.4784804401899
NO,D,2021,10327.5,27289.0,378.4491919821173
NO,D,2022,9812.7,27891.0,351.8231687641175
NO,D,2023,10231.4,28824.0,354.9611434915348
NO,D,2024,10447.5,29738.0,351.318178761181
PL,D,2008,7524.6,355129.0,21.188356906926778
PL,D,2009,8412.4,393759.0,21.36433706912096
PL,D,2010,10139.4,368384.0,27.523996699096596
PL,D,2011,11717.2,358485.0,32.68532853536411
PL,D,2012,12175.1,336527.0,36.17867214220553
PL,D,2013,12575.1,342399.0,36.7264507197743
PL,D,2014,11773.4,363420.0,32.396125694788395
PL,D,2015,10156.6,362959.0,27.982774913971003
PL,D,2016,10572.5,357592.0,29.565818027248934
PL,D,2017,11226.2,325861.0,34.45088550025931
PL,D,2018,11673.5,316493.0,36.88391212443877
PL,D,2019,11608.2,332576.0,34.90390166458193
PL,D,2020,12920.1,353474.0,36.551769012713805
PL,D,2021,13555.5,397632.0,34.09056615161757
PL,D,2022,9682.6,408468.0,23.704672091816253
PL,D,2023,7531.4,386733.0,19.47441775074793
PL,D,2024,7759.9,360088.0,21.55000999755615
PT,D,2008,3297.4,16109.0,204.6930287416972
PT,D,2009,3477.1,15797.0,220.11141355953663
PT,D,2010,3341.3,15599.0,214.1996281812937
PT,D,2011,3243.8,15299.0,212.02692986469705
PT,D,2012,3248.4,15096.0,215.18282988871223
PT,D,2013,2992.3,14460.0,206.93637621023515
PT,D,2014,3086.5,14126.0,218.49780546509982
PT,D,2015,3284.8,15080.0,217.82493368700267
PT,D,2016,3238.9,15101.0,214.48248460366864
PT,D,2017,3076.7,15455.0,199.0747330960854
PT,D,2018,3428.5,16338.0,209.84820663483902
PT,D,2019,3433.9,16003.0,214.57851652815097
PT,D,2020,2894.5,16378.0,176.73098058370988
PT,D,2021,3228.9,16920.0,190.83333333333331
PT,D,2022,2690.0,17051.0,157.76200809336697
PT,D,2023,4152.8,20833.0,199.33758940143042
PT,D,2024,4767.9,20751.0,229.76724013300563
RO,D,2008,4007.1,235146.0,17.040902247965093
RO,D,2009,5447.7,236152.0,23.06861682306311
RO,D,2010,5388.9,226265.0,23.816763529489755
RO,D,2011,7179.5,203993.0,35.19483511689127
RO,D,2012,5029.9,191114.0,26.318846343020393
RO,D,2013,4331.8,171342.0,25.28160054160685
RO,D,2014,5027.0,172701.0,29.108111707517615
RO,D,2015,5070.5,153569.0,33.01773144319491
RO,D,2016,4920.9,152987.0,32.16547811251936
RO,D,2017,5758.9,156475.0,36.803962294296205
RO,D,2018,6420.0,166289.0,38.60748456001299
RO,D,2019,5407.2,165937.0,32.58586089901589
RO,D,2020,5295.1,168939.0,31.34326591254832
RO,D,2021,4126.8,170467.0,24.208791144327055
RO,D,2022,2568.4,160850.0,15.96767174386074
RO,D,2023,1337.8,173453.0,7.712752157645011
RO,D,2024,1290.3,150886.0,8.551489203769732
RS,D,2008,566.0,52592.0,10.762093094006694
RS,D,2009,577.7,52650.0,10.972459639126306
RS,D,2010,555.9,52180.0,10.653507090839401
RS,D,2011,614.0,52737.0,11.64267971253579
RS,D,2012,586.3,53569.0,10.944762829248258
RS,D,2013,635.7,53288.0,11.929515087824653
RS,D,2014,558.7,52356.0,10.67117426846971
RS,D,2015,628.6,47188.0,13.321183351699585
RS,D,2016,639.1,50423.0,12.674771433671141
RS,D,2017,610.8,47276.0,12.91987477789999
RS,D,2018,616.5,45028.0,13.691480856356046
RS,D,2019,617.1,42810.0,14.414856341976176
RS,D,2020,623.8,40539.0,15.387651397419768
RS,D,2021,625.5,41044.0,15.239742715134978
RS,D,2022,621.2,40868.0,15.200156601742195
RS,D,2023,703.7,41065.0,17.1362474126385
RS,D,2024,669.2,41381.0,16.171672990019573
SE,D,2008,10646.1,48710.0,218.56087045781155
SE,D,2009,10165.0,50250.0,202.28855721393035
SE,D,2010,10629.2,51580.0,206.07212097712295
SE,D,2011,11063.1,50330.0,219.8112457778661
SE,D,2012,12528.6,48600.0,257.7901234567901
SE,D,2013,11252.1,49590.0,226.9026013309135
SE,D,2014,11783.1,48870.0,241.11111111111111
SE,D,2015,11906.3,48310.0,246.45622024425583
SE,D,2016,11108.8,49500.0,224.420202020202
SE,D,2017,11299.5,49730.0,227.21697164689323
SE,D,2018,9747.5,48480.0,201.06229372937293
SE,D,2019,11535.6,50220.0,229.70131421744324
SE,D,2020,14725.5,49620.0,296.76541717049577
SE,D,2021,12754.3,51180.0,249.20476748729973
SE,D,2022,10101.1,50690.0,199.27204576839614
SE,D,2023,11431.1,53450.0,213.86529466791396
SE,D,2024,11726.3,56060.0,209.17409917945056
SI,D,2008,817.8,12921.0,63.29231483631298
SI,D,2009,774.3,13158.0,58.84632922936616
SI,D,2010,763.3,13558.0,56.298864139253574
SI,D,2011,713.4,13623.0,52.3673199735741
SI,D,2012,711.7,14238.0,49.98595308329822
SI,D,2013,721.7,14926.0,48.3518692214927
SI,D,2014,755.7,14893.0,50.74195930974284
SI,D,2015,713.3,15100.0,47.23841059602648
SI,D,2016,778.8,14832.0,52.508090614886726
SI,D,2017,841.4,14655.0,57.41385192766973
SI,D,2018,870.2,13849.0,62.83486172286808
SI,D,2019,919.8,13762.0,66.83621566632756
SI,D,2020,915.5,13791.0,66.38387354071496
SI,D,2021,768.2,13778.0,55.75555232980114
SI,D,2022,764.4,13695.0,55.815991237677984
SI,D,2023,1456.2,14342.0,101.53395621252267
SI,D,2024,1502.6,14851.0,101.178371826813
SK,D,2008,3510.3,37204.0,94.35275776798194
SK,D,2009,2313.3,35043.0,66.01318380275661
SK,D,2010,2302.8,34684.0,66.39372621381618
SK,D,2011,2650.1,32296.0,82.05660143671042
SK,D,2012,2549.2,31093.0,81.98629916701508
SK,D,2013,2282.3,30493.0,74.84668612468435
SK,D,2014,2587.0,30660.0,84.37703848662753
SK,D,2015,2242.9,29935.0,74.92567228996158
SK,D,2016,2281.8,28924.0,78.88950352648321
SK,D,2017,1967.1,28425.0,69.20316622691293
SK,D,2018,1778.4,28627.0,62.123170433506836
SK,D,2019,2508.9,28706.0,87.39984672193967
SK,D,2020,2440.6,28086.0,86.8973865983052
SK,D,2021,2335.4,27966.0,83.50854609168276
SK,D,2022,1201.9,28005.0,42.91733618996608
SK,D,2023,2464.9,28407.0,86.7708663357623
SK,D,2024,2944.4,28555.0,103.11329014183156
UK,D,2008,25721.8,204767.0,125.61496725546597
UK,D,2009,26235.3,216782.0,121.02157928241273
UK,D,2010,27153.1,229723.0,118.19930960330484
UK,D,2011,25477.4,240861.0,105.77636063953899
UK,D,2012,25275.6,237270.0,106.52674168668605
UK,D,2013,25132.0,259622.0,96.80227407538652
UK,D,2014,24033.4,249114.0,96.47550920462118
UK,D,2015,24542.3,263269.0,93.22138193254807
UK,D,2016,25434.7,260271.0,97.72391084677125
UK,D,2017,24909.4,266698.0,93.39927558511874
UK,D,2018,24616.8,273458.0,90.02040532732632
AT,E,2008,2675.3,35542.0,75.27150976309719
AT,E,2009,2662.6,36728.0,72.49509910694837
AT,E,2010,2714.8,36864.0,73.64366319444444
AT,E,2011,2587.3,38219.0,67.69669536094614
AT,E,2012,2749.3,38441.0,71.51999167555475
AT,E,2013,2883.5,39358.0,73.26337720412621
AT,E,2014,2990.3,38785.0,77.09939409565554
AT,E,2015,3118.1,38784.0,80.39655528052805
AT,E,2016,3297.8,39763.0,82.93639815909262
AT,E,2017,3201.3,40458.0,79.12650155717041
AT,E,2018,3300.0,41047.0,80.3956440178332
AT,E,2019,3508.2,41839.0,83.84999641482827
AT,E,2020,3548.2,39723.0,89.32356569242
AT,E,2021,3328.0,41425.0,80.33796016898008
AT,E,2022,3409.7,42477.0,80.27167643665983
AT,E,2023,3432.4,42538.0,80.69020640368612
AT,E,2024,3494.3,43902.0,79.59318482073711
BE,E,2008,2482.2,36217.0,68.53687494822873
BE,E,2009,2824.8,47771.0,59.13210943878085
BE,E,2010,3010.1,47929.0,62.80331323415886
BE,E,2011,3155.7,49868.0,63.28106200368974
BE,E,2012,3404.1,50451.0,67.47339002200155
BE,E,2013,3282.7,50552.0,64.9370944769742
BE,E,2014,3053.5,50488.0,60.47971795278086
BE,E,2015,2903.1,50483.0,57.50648733236931
BE,E,2016,2860.1,50440.0,56.703013481363996
BE,E,2017,2992.3,51109.0,58.547418262928254
BE,E,2018,2997.0,51698.0,57.971294827652905
BE,E,2019,3092.0,52617.0,58.76427770492426
BE,E,2020,3009.0,52092.0,57.763188205482614
BE,E,2021,3113.3,54012.0,57.64089461601126
BE,E,2022,3090.6,55183.0,56.00637877607234
BE,E,2023,3310.9,56441.0,58.66125688772347
BE,E,2024,3296.0,57235.0,57.587140735563906
BG,E,2008,336.0,65164.0,5.156221226444049
BG,E,2009,311.5,68483.0,4.548574098681424
BG,E,2010,320.8,59347.0,5.405496486764285
BG,E,2011,336.2,63343.0,5.30761094359282
BG,E,2012,334.9,64205.0,5.216104664745736
BG,E,2013,342.2,64864.0,5.275653675382339
BG,E,2014,373.4,61989.0,6.023649357144008
BG,E,2015,390.9,61987.0,6.306160969235484
BG,E,2016,400.0,62019.0,6.449636401747851
BG,E,2017,396.6,63592.0,6.2366335388099134
BG,E,2018,371.9,65375.0,5.688718929254302
BG,E,2019,436.8,66000.0,6.618181818181818
BG,E,2020,401.2,64724.0,6.198628020517892
BG,E,2021,317.8,64957.0,4.892467324537771
BG,E,2022,376.5,63942.0,5.8881486347001974
BG,E,2023,438.5,64526.0,6.795710256330781
BG,E,2024,419.7,65847.0,6.3738666909654205
CH,E,2008,1585.2,25266.0,62.74044170030872
CH,E,2009,2311.5,24296.0,95.13911755021402
CH,E,2010,1810.5,24875.0,72.78391959798995
CH,E,2011,1791.4,26150.0,68.50478011472276
CH,E,2012,1695.3,26494.0,63.98807277119348
CH,E,2013,1870.8,26458.0,70.70829238793559
CH,E,2014,2016.8,27697.0,72.81655052893815
CH,E,2015,2401.3,29092.0,82.54159219029287
CH,E,2016,2440.0,30055.0,81.18449509233072
CH,E,2017,2112.7,30502.0,69.26431053701396
CH,E,2018,2224.2,30467.0,73.00357764138248
CH,E,2019,2268.2,32569.0,69.64291197150663
CH,E,2020,2382.5,30799.0,77.35640767557388
CH,E,2021,2260.4,31695.0,71.31724246726613
CH,E,2022,2262.8,32441.0,69.75124071391141
CH,E,2023,2481.9,32956.0,75.30950358053163
CY,E,2008,105.4,4123.0,25.56390977443609
CY,E,2009,122.8,4292.0,28.611369990680334
CY,E,2010,107.5,4515.0,23.809523809523807
CY,E,2011,113.9,4515.0,25.22702104097453
CY,E,2012,117.1,4894.0,23.92725786677564
CY,E,2013,123.2,4807.0,25.629290617848973
CY,E,2014,124.8,4863.0,25.6631708821715
CY,E,2015,127.7,4982.0,25.63227619429948
CY,E,2016,141.6,5136.0,27.570093457943923
CY,E,2017,135.1,5230.0,25.83173996175908
CY,E,2018,118.6,5208.0,22.772657450076803
CY,E,2019,125.9,5064.0,24.861769352290683
CY,E,2020,123.0,4945.0,24.87360970677452
CY,E,2021,137.3,5272.0,26.04324734446131
CY,E,2022,163.1,5481.0,29.757343550447
CY,E,2023,154.8,5586.0,27.712137486573578
CY,E,2024,163.8,5706.0,28.706624605678236
CZ,E,2008,1898.1,97645.0,19.43878334784167
CZ,E,2009,2078.0,99786.0,20.824564568175894
CZ,E,2010,1670.9,102455.0,16.308623298033282
CZ,E,2011,1666.8,103895.0,16.043120458154867
CZ,E,2012,1500.7,103705.0,14.470854828600357
CZ,E,2013,1280.0,101085.0,12.66261067418509
CZ,E,2014,1328.5,106010.0,12.531836619186869
CZ,E,2015,1386.0,103865.0,13.344244933326914
CZ,E,2016,1457.9,104814.0,13.909401415841396
CZ,E,2017,1389.4,104711.0,13.268902025575155
CZ,E,2018,1458.2,107165.0,13.607054542061308
CZ,E,2019,1522.3,105460.0,14.434856817750806
CZ,E,2020,1503.8,103052.0,14.592632845553702
CZ,E,2021,1262.9,101939.0,12.38878152620685
CZ,E,2022,1286.8,102399.0,12.566528970009472
CZ,E,2023,1338.7,103321.0,12.956707736084631
CZ,E,2024,1295.8,105505.0,12.28188237524288
DE,E,2008,23124.9,394461.0,58.624046483682804
DE,E,2009,25056.3,389586.0,64.31519613127782
DE,E,2010,23691.0,394292.0,60.084911689813644
DE,E,2011,23850.1,400396.0,59.56627938341042
DE,E,2012,25000.8,401392.0,62.28524733925937
DE,E,2013,25977.6,408130.0,63.650307500061245
DE,E,2014,28530.6,416811.0,68.44972901386959
DE,E,2015,30691.4,419392.0,73.18069967953609
DE,E,2016,32197.3,419611.0,76.73130589998831
DE,E,2017,31205.7,424046.0,73.59036519622872
DE,E,2018,32952.1,441841.0,74.5790906683626
DE,E,2019,35804.8,452235.0,79.17299634039824
DE,E,2020,36999.9,449393.0,82.33305814732317
DE,E,2021,30769.1,456364.0,67.422276954361
DE,E,2022,32900.3,454011.0,72.46586536449557
DE,E,2023,35575.4,455907.0,78.03214252029471
DE,E,2024,35653.1,460266.0,77.46194591822989
DK,E,2008,1694.2,19519.0,86.79747937906656
DK,E,2009,1566.2,18440.0,84.93492407809111
DK,E,2010,1699.5,17566.0,96.749402254355
DK,E,2011,1718.9,17899.0,96.03329794960614
DK,E,2012,1639.3,17462.0,93.8781353796816
DK,E,2013,1581.9,16405.0,96.4279183175861
DK,E,2014,1590.7,17237.0,92.28404014619714
DK,E,2015,1688.2,18326.0,92.12048455745935
DK,E,2016,1687.1,18430.0,91.54096581660336
DK,E,2017,1634.1,18178.0,89.89437781934205
DK,E,2018,1771.3,16953.0,104.4829823630036
DK,E,2019,1654.8,17436.0,94.9070887818307
DK,E,2020,1641.8,17779.0,92.34490128803645
DK,E,2021,1972.5,19463.0,101.34614396547295
DK,E,2022,2040.1,20724.0,98.44142057517853
DK,E,2023,1658.1,21613.0,76.71771618933049
DK,E,2024,1765.4,22040.0,80.09981851179673
EA,E,2008,74416.0,1513824.0,49.157629949056165
EA,E,2009,76257.8,1578774.0,48.30191021640843
EA,E,2010,77202.0,1629507.0,47.37751970381226
EA,E,2011,77095.9,1654243.0,46.604942562852
EA,E,2012,77462.2,1643256.0,47.13945970682596
EA,E,2013,77588.4,1646951.0,47.1103269010432
EA,E,2014,77566.4,1681348.0,46.133459581240764
EA,E,2015,79179.6,1724325.0,45.91918576834414
EA,E,2016,81100.9,1747793.0,46.401890841764434
EA,E,2017,81003.5,1761498.0,45.9855759132284
EA,E,2018,83163.9,1796070.0,46.30326212230035
EA,E,2019,86386.0,1842400.0,46.88775510204081
EA,E,2020,85259.4,1818185.0,46.8925879379711
EA,E,2021,84912.6,1886387.0,45.013350918978986
EA,E,2022,90546.1,1902669.0,47.588992094788956
EA,E,2023,92977.6,1989034.0,46.74510340195291
EA,E,2024,92898.8,2045580.0,45.414405694228535
EA12,E,2008,73901.1,1491019.0,49.56415713012376
EA12,E,2009,75042.7,1513707.0,49.57544623893528
EA12,E,2010,76048.7,1565046.0,48.59199026737872
EA12,E,2011,75827.5,1583040.0,47.89992672326663
EA12,E,2012,76201.8,1572343.0,48.463852988819866
EA12,E,2013,76222.2,1574183.0,48.420164618726034
EA12,E,2014,76199.5,1597095.0,47.7113133533071
EA12,E,2015,77377.1,1610145.0,48.055982535734366
EA12,E,2016,79332.7,1633231.0,48.57408413139354
EA12,E,2017,79211.3,1643698.0,48.190908548894015
EA12,E,2018,81374.4,1676377.0,48.5418256155984
EA12,E,2019,84646.4,1722059.0,49.154181128521145
EA12,E,2020,83675.9,1700004.0,49.22100183293686
EA12,E,2021,83313.9,1768206.0,47.11775664147729
EA12,E,2022,88938.8,1790592.0,49.67005325612982
EA12,E,2023,90688.5,1817356.0,49.90134018871371
EA12,E,2024,90671.0,1861442.0,48.71008605156647
EA19,E,2008,75780.5,1600544.0,47.34671461703021
EA19,E,2009,76839.8,1618736.0,47.46901285941624
EA19,E,2010,77722.5,1666600.0,46.63536541461658
EA19,E,2011,77596.4,1690054.0,45.91356252522109
EA19,E,2012,77962.0,1684103.0,46.292893011888225
EA19,E,2013,78110.7,1692360.0,46.15489612139261
EA19,E,2014,77952.7,1707486.0,45.65349291297264
EA19,E,2015,79179.6,1724325.0,45.91918576834414
EA19,E,2016,81100.9,1747793.0,46.401890841764434
EA19,E,2017,81003.5,1761498.0,45.9855759132284
EA19,E,2018,83163.9,1796070.0,46.30326212230035
EA19,E,2019,86386.0,1842400.0,46.88775510204081
EA19,E,2020,85259.4,1818185.0,46.8925879379711
EA19,E,2021,84912.6,1886387.0,45.013350918978986
EA19,E,2022,90546.1,1902669.0,47.588992094788956
EA19,E,2023,92233.5,1929287.0,47.80703959545677
EA19,E,2024,92151.9,1977653.0,46.59659707744483
EA20,E,2008,76239.8,1655141.0,46.06242005968072
EA20,E,2009,77274.1,1662081.0,46.49237913194363
EA20,E,2010,78214.0,1726481.0,45.30255473416736
EA20,E,2011,78090.8,1769573.0,44.12974203381268
EA20,E,2012,78457.5,1740262.0,45.08372877187458
EA20,E,2013,78575.3,1750401.0,44.88988523201255
EA20,E,2014,78430.6,1757799.0,44.61863956004071
EA20,E,2015,79665.6,1777776.0,44.81194481194482
EA20,E,2016,81573.1,1800022.0,45.31783500423884
EA20,E,2017,81479.5,1812510.0,44.953958874709656
EA20,E,2018,83647.5,1854194.0,45.112593396376
EA20,E,2019,86859.8,1900401.0,45.70603783096305
EA20,E,2020,85875.7,1874618.0,45.80970629749634
EA20,E,2021,85597.2,1947984.0,43.941428677032256
EA20,E,2022,91285.4,1957097.0,46.64326806489407
EA20,E,2023,92977.6,1989034.0,46.74510340195291
EA20,E,2024,92898.8,2045580.0,45.414405694228535
EE,E,2008,174.0,4342.0,40.073698756333485
EE,E,2009,137.5,4270.0,32.20140515222482
EE,E,2010,140.7,5067.0,27.76791000592066
EE,E,2011,137.3,5818.0,23.599174974217945
EE,E,2012,140.6,6178.0,22.75817416639689
EE,E,2013,131.1,5832.0,22.479423868312757
EE,E,2014,135.2,5693.0,23.748463024767254
EE,E,2015,140.9,5851.0,24.081353614766705
EE,E,2016,148.8,6054.0,24.578790882061448
EE,E,2017,153.4,6398.0,23.97624257580494
EE,E,2018,152.2,6012.0,25.316034597471724
EE,E,2019,164.1,6297.0,26.060028585040495
EE,E,2020,144.4,6611.0,21.84238390561186
EE,E,2021,150.1,7694.0,19.50870808422147
EE,E,2022,113.7,8022.0,14.173522812266267
EE,E,2023,105.7,8032.0,13.159860557768926
EE,E,2024,98.3,7585.0,12.959789057350031
EL,E,2008,2761.8,61490.0,44.91462026345747
EL,E,2009,2639.5,63333.0,41.67653513965863
EL,E,2010,2496.7,66237.0,37.69343418331144
EL,E,2011,2371.2,64110.0,36.98642957416939
EL,E,2012,2513.9,53980.0,46.57095220452019
EL,E,2013,2620.1,51295.0,51.07905253923384
EL,E,2014,2538.5,56821.0,44.6753841009486
EL,E,2015,2223.1,55577.0,40.00035986109362
EL,E,2016,2209.0,56688.0,38.96768275472763
EL,E,2017,2127.3,53596.0,39.69139488021495
EL,E,2018,2115.8,53109.0,39.838822045227744
EL,E,2019,2204.7,50528.0,43.633233058898035
EL,E,2020,1952.1,50722.0,38.486258428295415
EL,E,2021,1990.0,53321.0,37.321130511430766
EL,E,2022,1951.4,55531.0,35.14073220363401
EL,E,2023,2401.3,58582.0,40.990406609538766
EL,E,2024,2282.3,60363.0,37.80958534201415
ES,E,2008,9092.0,234301.0,38.80478529754461
ES,E,2009,8846.3,245345.0,36.05657339664554
ES,E,2010,10047.0,278219.0,36.11183995341799
ES,E,2011,10502.5,286554.0,36.65103261514409
ES,E,2012,10059.2,290192.0,34.663946628439106
ES,E,2013,9732.2,286365.0,33.985298482705645
ES,E,2014,9041.0,288663.0,31.32025926426317
ES,E,2015,9006.8,294538.0,30.57941589879744
ES,E,2016,9214.4,304951.0,30.21600191506176
ES,E,2017,9465.3,300084.0,31.542168192905987
ES,E,2018,9609.0,303817.0,31.62759160942278
ES,E,2019,9808.2,315222.0,31.115214039629215
ES,E,2020,9537.5,314452.0,30.33054329436607
ES,E,2021,10573.9,326171.0,32.41827139751848
ES,E,2022,11884.9,327386.0,36.30240755560714
ES,E,2023,12227.8,313583.0,38.993823006986986
ES,E,2024,12075.0,330923.0,36.48885088071847
EU27_2020,E,2008,87876.2,2455432.0,35.788488542952926
EU27_2020,E,2009,89268.7,2426116.0,36.79490181013603
EU27_2020,E,2010,90251.3,2480933.0,36.37796748239473
EU27_2020,E,2011,90129.3,2543434.0,35.43606793020775
EU27_2020,E,2012,90019.7,2544970.0,35.3716153824996
EU27_2020,E,2013,89999.5,2549854.0,35.29594243435114
EU27_2020,E,2014,89716.2,2594818.0,34.57514168623772
EU27_2020,E,2015,91508.3,2628934.0,34.80813896431025
EU27_2020,E,2016,93648.8,2665001.0,35.140249478330404
EU27_2020,E,2017,93013.8,2669739.0,34.84003492476231
EU27_2020,E,2018,95874.9,2701088.0,35.49491908445781
EU27_2020,E,2019,99529.3,2834106.0,35.11841123797063
EU27_2020,E,2020,98781.9,2815593.0,35.0838704315574
EU27_2020,E,2021,99105.5,2867245.0,34.5647128166585
EU27_2020,E,2022,104840.6,2878931.0,36.41650320900362
EU27_2020,E,2023,105894.8,2885451.0,36.69956620299565
EU27_2020,E,2024,105822.9,2953322.0,35.83181921917082
FI,E,2008,1430.8,19200.0,74.52083333333333
FI,E,2009,1376.6,20700.0,66.5024154589372
FI,E,2010,1495.0,20300.0,73.64532019704434
FI,E,2011,1420.8,20700.0,68.63768115942028
FI,E,2012,1406.6,21100.0,66.66350710900473
FI,E,2013,1412.5,20900.0,67.58373205741627
FI,E,2014,1441.6,21200.0,67.99999999999999
FI,E,2015,1435.0,21900.0,65.52511415525115
FI,E,2016,1476.7,22100.0,66.81900452488688
FI,E,2017,1486.7,22700.0,65.49339207048459
FI,E,2018,1523.3,23100.0,65.94372294372295
FI,E,2019,1479.2,23200.0,63.75862068965517
FI,E,2020,1481.7,23100.0,64.14285714285714
FI,E,2021,1621.7,24200.0,67.01239669421489
FI,E,2022,1600.9,25000.0,64.03600000000002
FI,E,2023,1308.2,25200.0,51.91269841269842
FI,E,2024,1277.4,26000.0,49.13076923076923
FR,E,2008,12555.7,202163.0,62.10681479796006
FR,E,2009,12520.7,199453.0,62.77519014504671
FR,E,2010,13072.4,212724.0,61.452398412967035
FR,E,2011,12935.1,213576.0,60.564389257219915
FR,E,2012,12564.4,216602.0,58.00685127561149
FR,E,2013,12531.7,218292.0,57.407967309841865
FR,E,2014,11935.1,217101.0,54.97487344599979
FR,E,2015,11445.1,219334.0,52.18114838556722
FR,E,2016,11168.3,219081.0,50.977948795194465
FR,E,2017,11536.6,216882.0,53.19298051474996
FR,E,2018,11513.2,215499.0,53.42576995716917
FR,E,2019,11686.7,224252.0,52.11413945026132
FR,E,2020,10630.8,220048.0,48.31127753944594
FR,E,2021,11764.4,234931.0,50.07597975575808
FR,E,2022,12885.7,235279.0,54.767743827540926
FR,E,2023,12981.7,243583.0,53.29477016047918
FR,E,2024,13030.6,249273.0,52.274413995900076
HR,E,2008,460.4,54598.0,8.432543316605003
HR,E,2009,434.8,43345.0,10.031145460837466
HR,E,2010,491.5,59881.0,8.20794575908886
HR,E,2011,494.5,79520.0,6.218561368209255
HR,E,2012,495.4,56159.0,8.821382147118005
HR,E,2013,464.8,58041.0,8.00813218242277
HR,E,2014,477.5,50313.0,9.490588913402103
HR,E,2015,485.4,53452.0,9.081044675596797
HR,E,2016,472.8,52229.0,9.052442129851233
HR,E,2017,476.3,51011.0,9.337201780008233
HR,E,2018,484.1,58124.0,8.328745440781777
HR,E,2019,474.5,58001.0,8.180893432871848
HR,E,2020,612.3,56433.0,10.850034554250172
HR,E,2021,682.2,61597.0,11.075214702014708
HR,E,2022,737.7,54428.0,13.553685602998458
HR,E,2023,741.6,59747.0,12.412338694829865
HR,E,2024,744.6,67928.0,10.961606406783654
HU,E,2008,988.1,88306.0,11.189500147215364
HU,E,2009,1009.3,81841.0,12.332449505748952
HU,E,2010,1033.6,85265.0,12.122207236263412
HU,E,2011,997.4,81863.0,12.183770445744718
HU,E,2012,910.2,80244.0,11.342904142365786
HU,E,2013,885.0,80868.0,10.943760201810356
HU,E,2014,848.8,84762.0,10.013921332672659
HU,E,2015,910.0,82326.0,11.053616111556495
HU,E,2016,996.8,81833.0,12.18090501386971
HU,E,2017,1024.3,84908.0,12.06364535732793
HU,E,2018,1005.9,84923.0,11.84484768555044
HU,E,2019,1063.0,87497.0,12.148987965301666
HU,E,2020,1030.4,85727.0,12.019550433352387
HU,E,2021,840.2,87887.0,9.56000318590918
HU,E,2022,725.1,83746.0,8.658323979652758
HU,E,2023,683.4,88324.0,7.737421312440559
HU,E,2024,686.7,87544.0,7.844055560632368
IE,E,2008,994.0,26452.0,37.57749886587026
IE,E,2009,890.9,22607.0,39.40814791878622
IE,E,2010,893.2,22318.0,40.02150730352182
IE,E,2011,886.2,21452.0,41.310833488719
IE,E,2012,868.2,16891.0,51.4001539281274
IE,E,2013,863.5,20370.0,42.390770741286204
IE,E,2014,945.3,22488.0,42.035752401280675
IE,E,2015,961.1,21946.0,43.79385765059692
IE,E,2016,991.8,18711.0,53.006253006253004
IE,E,2017,1012.8,22085.0,45.85918043921213
IE,E,2018,1133.0,22756.0,49.789066619792585
IE,E,2019,1335.2,24646.0,54.1751196948795
IE,E,2020,1186.7,24418.0,48.599393889753465
IE,E,2021,1158.8,22737.0,50.96538681444342
IE,E,2022,1109.3,29508.0,37.59319506574489
IE,E,2023,1212.4,27716.0,43.74368595756964
IE,E,2024,1282.4,26693.0,48.04255797400068
IS,E,2008,85.8,1479.0,58.012170385395535
IS,E,2009,93.2,1339.0,69.60418222554145
IS,E,2010,86.0,1320.0,65.15151515151516
IS,E,2011,90.4,1389.0,65.08279337652988
IS,E,2012,101.0,1416.0,71.32768361581921
IS,E,2013,106.7,1478.0,72.19215155615697
IS,E,2014,105.7,1536.0,68.81510416666667
IS,E,2015,110.9,1518.0,73.0566534914361
IS,E,2016,114.6,1562.0,73.3674775928297
IS,E,2017,136.6,1575.0,86.73015873015872
IS,E,2018,136.7,1616.0,84.59158415841583
IS,E,2019,137.1,1624.0,84.42118226600985
IS,E,2020,140.3,1696.0,82.72405660377359
IS,E,2021,143.4,1737.0,82.55613126079447
IS,E,2022,136.2,1835.0,74.22343324250681
IS,E,2023,150.3,1985.0,75.71788413098238
IT,E,2008,13571.7,352953.0,38.4518618626276
IT,E,2009,12795.8,353492.0,36.198273228248446
IT,E,2010,13086.6,351957.0,37.18238307520521
IT,E,2011,12558.3,351708.0,35.706608891466786
IT,E,2012,12001.4,349782.0,34.31108519020418
IT,E,2013,11162.6,345552.0,32.30367643654211
IT,E,2014,10124.2,351228.0,28.82515061441571
IT,E,2015,10068.4,353420.0,28.48848395676532
IT,E,2016,10482.9,365175.0,28.706510577120557
IT,E,2017,10421.5,372109.0,28.006578717526317
IT,E,2018,10565.2,381169.0,27.71788891541547
IT,E,2019,10542.5,393040.0,26.822969672297983
IT,E,2020,10410.3,379776.0,27.411684782608695
IT,E,2021,12018.3,404090.0,29.741641713479666
IT,E,2022,12867.5,412163.0,31.219444734243492
IT,E,2023,11735.3,433904.0,27.04584424204432
IT,E,2024,11385.6,442063.0,25.755604970332286
LT,E,2008,242.3,22592.0,10.725035410764873
LT,E,2009,214.0,21988.0,9.73258140804075
LT,E,2010,222.9,19784.0,11.266680145572181
LT,E,2011,346.1,23778.0,14.555471444192111
LT,E,2012,343.7,28960.0,11.868093922651934
LT,E,2013,361.2,32535.0,11.101890272014753
LT,E,2014,384.8,26138.0,14.721860892187621
LT,E,2015,376.3,28304.0,13.294940644431883
LT,E,2016,391.6,27477.0,14.251919787458602
LT,E,2017,400.7,30523.0,13.127805261606001
LT,E,2018,400.9,32982.0,12.155114911163665
LT,E,2019,437.3,35294.0,12.390207967359892
LT,E,2020,443.8,34266.0,12.951613844627326
LT,E,2021,478.9,33460.0,14.312612074118348
LT,E,2022,441.8,25934.0,17.03555178530115
LT,E,2023,438.5,26685.0,16.432452688776465
LT,E,2024,499.2,30395.0,16.423753906892582
LU,E,2008,192.0,3950.0,48.60759493670886
LU,E,2009,206.0,3870.0,53.229974160206716
LU,E,2010,185.1,3935.0,47.03939008894536
LU,E,2011,142.1,3965.0,35.838587641866326
LU,E,2012,143.9,3972.0,36.22860020140987
LU,E,2013,153.3,3809.0,40.24678393279076
LU,E,2014,159.9,3932.0,40.66632756866734
LU,E,2015,158.9,3990.0,39.824561403508774
LU,E,2016,156.7,4051.0,38.681806961244135
LU,E,2017,151.6,4094.0,37.02979970688813
LU,E,2018,160.5,4317.0,37.178596247394026
LU,E,2019,162.6,4433.0,36.67944958267539
LU,E,2020,160.6,4537.0,35.3978399823672
LU,E,2021,154.4,4724.0,32.684165961049956
LU,E,2022,161.8,4790.0,33.77870563674322
LU,E,2023,143.7,5086.0,28.254030672434133
LU,E,2024,132.4,5257.0,25.185466996385774
LV,E,2008,167.3,16725.0,10.002989536621824
LV,E,2009,237.8,14021.0,16.960273874901933
LV,E,2010,156.8,12063.0,12.99842493575396
LV,E,2011,154.3,12033.0,12.82306989113272
LV,E,2012,156.0,11888.0,13.122476446837146
LV,E,2013,160.4,12874.0,12.45922013360261
LV,E,2014,161.4,12097.0,13.342150946515664
LV,E,2015,175.2,13388.0,13.086345981475949
LV,E,2016,171.6,13783.0,12.450119712689546
LV,E,2017,164.7,12987.0,12.681912681912682
LV,E,2018,172.9,13170.0,13.128321943811693
LV,E,2019,171.6,13392.0,12.813620071684587
LV,E,2020,182.5,13777.0,13.24671554039341
LV,E,2021,158.0,13163.0,12.003342703031224
LV,E,2022,142.3,12816.0,11.10330836454432
LV,E,2023,130.4,11774.0,11.07525055206387
LV,E,2024,126.4,11540.0,10.95320623916811
MT,E,2008,77.8,3678.0,21.15280043501903
MT,E,2009,70.7,3395.0,20.824742268041238
MT,E,2010,66.8,3001.0,22.2592469176941
MT,E,2011,66.7,3136.0,21.269132653061227
MT,E,2012,62.4,2961.0,21.073961499493414
MT,E,2013,63.4,3160.0,20.063291139240505
MT,E,2014,67.7,3145.0,21.526232114467412
MT,E,2015,71.4,3035.0,23.525535420098848
MT,E,2016,74.2,3069.0,24.177256435320952
MT,E,2017,78.2,3284.0,23.812423873325212
MT,E,2018,86.9,3400.0,25.558823529411764
MT,E,2019,88.4,3526.0,25.070901871809415
MT,E,2020,84.9,3446.0,24.637260591990714
MT,E,2021,88.8,3562.0,24.929814710836606
MT,E,2022,97.9,3565.0,27.461430575035063
MT,E,2023,113.8,3899.0,29.186971018209796
MT,E,2024,123.4,3813.0,32.362968790978236
NL,E,2008,3774.2,55357.0,68.17927272070379
NL,E,2009,3694.6,57648.0,64.08895364973633
NL,E,2010,3644.0,57664.0,63.193673695893445
NL,E,2011,3740.0,58202.0,64.25896017318992
NL,E,2012,3810.0,56779.0,67.10227372796281
NL,E,2013,4054.0,57309.0,70.73932541136645
NL,E,2014,4327.5,57885.0,74.76030059600933
NL,E,2015,4552.8,57348.0,79.3889935132873
NL,E,2016,4562.5,57877.0,78.83096912417713
NL,E,2017,4620.2,60095.0,76.88160412679923
NL,E,2018,4763.5,62557.0,76.1465543424397
NL,E,2019,4651.7,63190.0,73.61449596455134
NL,E,2020,4581.2,62805.0,72.94323700342329
NL,E,2021,4456.2,65408.0,68.12928082191782
NL,E,2022,4627.1,65841.0,70.2768791482511
NL,E,2023,4302.0,66729.0,64.46972081104167
NL,E,2024,4593.1,68049.0,67.49695072668224
NO,E,2008,1809.6,23840.0,75.90604026845638
NO,E,2009,1724.4,22440.0,76.84491978609626
NO,E,2010,1717.5,22620.0,75.92838196286472
NO,E,2011,1676.7,22780.0,73.60403863037753
NO,E,2012,1747.4,22540.0,77.52440106477374
NO,E,2013,1732.5,22830.0,75.88699080157687
NO,E,2014,1801.4,23700.0,76.00843881856541
NO,E,2015,1842.6,24390.0,75.54735547355473
NO,E,2016,1848.3,25263.0,73.16233226457665
NO,E,2017,1963.9,25633.0,76.61608083330081
NO,E,2018,1891.2,26710.0,70.80494196929989
NO,E,2019,1958.2,27533.0,71.12192641557404
NO,E,2020,2047.5,28391.0,72.11792469444542
NO,E,2021,2342.3,28913.0,81.01200152180681
NO,E,2022,2635.3,29647.0,88.88926366917394
NO,E,2023,2732.4,30160.0,90.59681697612733
NO,E,2024,2828.7,30895.0,91.55850461239683
PL,E,2008,3611.5,347206.0,10.401605963030592
PL,E,2009,3748.6,322860.0,11.610605215883046
PL,E,2010,3878.4,309285.0,12.539890392356565
PL,E,2011,3896.4,309374.0,12.594464951805904
PL,E,2012,3925.6,335018.0,11.71757935394516
PL,E,2013,3872.1,322135.0,12.020115789963835
PL,E,2014,3990.3,341514.0,11.684147648412658
PL,E,2015,4140.8,362947.0,11.408828286223608
PL,E,2016,4283.4,352336.0,12.157145452068479
PL,E,2017,4396.5,332903.0,13.206549655605388
PL,E,2018,4696.8,313336.0,14.98965966247096
PL,E,2019,4832.8,380140.0,12.713210922291788
PL,E,2020,5092.5,392211.0,12.98408254740433
PL,E,2021,5906.9,358430.0,16.479926345450995
PL,E,2022,6047.2,383372.0,15.773713260227664
PL,E,2023,5869.2,365135.0,16.074054801648703
PL,E,2024,6227.8,366135.0,17.009572971718082
PT,E,2008,1598.3,68935.0,23.185609632262278
PT,E,2009,1657.8,73176.0,22.65496884224336
PT,E,2010,1715.2,72606.0,23.62339200617029
PT,E,2011,1696.3,74288.0,22.834105104458324
PT,E,2012,1656.7,72762.0,22.768752920480473
PT,E,2013,1587.2,72250.0,21.968166089965397
PT,E,2014,1543.3,71693.0,21.526508864184787
PT,E,2015,1420.0,73435.0,19.33682848777831
PT,E,2016,1394.9,74783.0,18.65263495714267
PT,E,2017,1359.3,76439.0,17.78280720574576
PT,E,2018,1347.7,75466.0,17.858373307184696
PT,E,2019,1368.1,76857.0,17.800590707417673
PT,E,2020,1415.8,78938.0,17.935595023942838
PT,E,2021,1484.7,80825.0,18.369316424373647
PT,E,2022,1517.3,83425.0,18.18759364698831
PT,E,2023,1548.2,88087.0,17.57580573750951
PT,E,2024,1726.8,91418.0,18.88905904745236
RO,E,2008,1100.1,146890.0,7.489277690789025
RO,E,2009,1060.4,136820.0,7.750328899283731
RO,E,2010,1642.5,145410.0,11.295646791829999
RO,E,2011,1733.8,158144.0,10.963425738567382
RO,E,2012,1339.9,163475.0,8.196360299740023
RO,E,2013,1195.4,171932.0,6.952748761138125
RO,E,2014,1002.9,182909.0,5.483054415036986
RO,E,2015,800.3,178389.0,4.486263166450846
RO,E,2016,840.1,201599.0,4.167183368965124
RO,E,2017,836.1,208774.0,4.004809027944093
RO,E,2018,954.4,212283.0,4.495885209837811
RO,E,2019,1012.7,229996.0,4.403120054261814
RO,E,2020,1004.2,228194.0,4.400641559374918
RO,E,2021,1180.9,236984.0,4.983036829490599
RO,E,2022,999.4,218731.0,4.569082571743374
RO,E,2023,858.1,202009.0,4.247830542203565
RO,E,2024,827.6,207492.0,3.988587511807684
RS,E,2008,350.7,71744.0,4.8882136485281
RS,E,2009,350.2,72106.0,4.856738690261559
RS,E,2010,359.0,73729.0,4.869183089422073
RS,E,2011,364.0,72582.0,5.015017497451159
RS,E,2012,331.4,72564.0,4.567002921558899
RS,E,2013,350.5,77265.0,4.5363359865398305
RS,E,2014,350.8,77358.0,4.534760464334652
RS,E,2015,323.9,72442.0,4.471163137406476
RS,E,2016,292.9,64494.0,4.541507737153843
RS,E,2017,307.5,67006.0,4.589141270930962
RS,E,2018,319.7,66379.0,4.816282257943024
RS,E,2019,335.4,68859.0,4.870822986102034
RS,E,2020,323.6,67237.0,4.812826271249461
RS,E,2021,329.4,67868.0,4.853539223197972
RS,E,2022,288.3,64989.0,4.4361353459816275
RS,E,2023,280.4,61645.0,4.5486251926352494
RS,E,2024,275.3,61303.0,4.490807953933738
SE,E,2008,2131.3,35840.0,59.46707589285715
SE,E,2009,2340.1,36080.0,64.85864745011085
SE,E,2010,1791.7,35450.0,50.54160789844852
SE,E,2011,1687.4,39720.0,42.48237663645519
SE,E,2012,1904.4,41020.0,46.426133593369094
SE,E,2013,2221.2,42500.0,52.2635294117647
SE,E,2014,2101.5,42990.0,48.88346127006281
SE,E,2015,2527.6,43720.0,57.81335773101555
SE,E,2016,2393.3,44370.0,53.939598828036964
SE,E,2017,1812.0,44710.0,40.52784611943637
SE,E,2018,1861.9,47350.0,39.3220696937698
SE,E,2019,2021.4,47730.0,42.3507228158391
SE,E,2020,2084.8,49780.0,41.88027320208919
SE,E,2021,1683.9,50210.0,33.53714399522008
SE,E,2022,1829.4,49710.0,36.801448400724205
SE,E,2023,1901.8,52260.0,36.39112131649445
SE,E,2024,1647.5,54120.0,30.44161123429416
SI,E,2008,350.8,14790.0,23.718728870858687
SI,E,2009,323.9,15621.0,20.73490813648294
SI,E,2010,314.4,15620.0,20.128040973111393
SI,E,2011,339.9,15782.0,21.537194271955393
SI,E,2012,333.9,15640.0,21.34910485933504
SI,E,2013,333.1,16103.0,20.685586536670186
SI,E,2014,309.7,16265.0,19.040885336612355
SI,E,2015,292.4,16974.0,17.226346176505242
SI,E,2016,266.6,16231.0,16.42535888115335
SI,E,2017,238.8,15957.0,14.965219026132733
SI,E,2018,263.6,15932.0,16.545317599799148
SI,E,2019,217.6,15890.0,13.6941472624292
SI,E,2020,183.4,16612.0,11.040211895015652
SI,E,2021,213.8,17272.0,12.378415933302454
SI,E,2022,255.6,17156.0,14.898577757052925
SI,E,2023,246.9,17379.0,14.20680131192819
SI,E,2024,238.8,17887.0,13.350478000782692
SK,E,2008,816.1,42994.0,18.98171837930874
SK,E,2009,704.1,41520.0,16.958092485549134
SK,E,2010,678.2,41148.0,16.4819675318363
SK,E,2011,641.9,41733.0,15.381113267677856
SK,E,2012,654.7,40762.0,16.06152789362642
SK,E,2013,732.8,43247.0,16.94452794413485
SK,E,2014,591.2,42115.0,14.037753769440819
SK,E,2015,620.0,42964.0,14.43068615585141
SK,E,2016,568.9,44283.0,12.846916423909851
SK,E,2017,631.3,44273.0,14.259255076457434
SK,E,2018,594.7,43616.0,13.634904622157007
SK,E,2019,554.4,42281.0,13.112272652018637
SK,E,2020,481.6,39811.0,12.09715907663711
SK,E,2021,424.3,38510.0,11.017917424045704
SK,E,2022,436.0,40002.0,10.899455027248639
SK,E,2023,421.2,39684.0,10.6138494103417
SK,E,2024,367.1,39964.0,9.185767190471424
UK,E,2008,25534.1,265917.0,96.02281915033637
UK,E,2009,23258.2,260797.0,89.18124058175516
UK,E,2010,23667.6,276356.0,85.64170852089335
UK,E,2011,25111.7,309452.0,81.14893424505256
UK,E,2012,25038.1,317554.0,78.84674732486442
UK,E,2013,26038.4,312774.0,83.24988649951723
UK,E,2014,26166.5,320235.0,81.71030649366871
UK,E,2015,26940.2,304598.0,88.4450981293377
UK,E,2016,28622.8,327096.0,87.50580869224937
UK,E,2017,29286.1,357106.0,82.00954338487732
UK,E,2018,28864.8,371987.0,77.59626008435778
AT,F,2008,19380.3,488992.0,39.63316373274
AT,F,2009,17778.4,473650.0,37.534888630845565
AT,F,2010,16797.8,476928.0,35.22082997852925
AT,F,2011,16276.5,482173.0,33.756556256779206
AT,F,2012,16350.1,485366.0,33.6861255217712
AT,F,2013,16240.8,476232.0,34.10270624401552
AT,F,2014,15881.1,474485.0,33.47018346206941
AT,F,2015,15594.3,472244.0,33.021700646276074
AT,F,2016,15610.0,474990.0,32.863849765258216
AT,F,2017,16069.7,485052.0,33.12984999546441
AT,F,2018,16280.1,494867.0,32.89793015092944
AT,F,2019,16043.2,514344.0,31.191576065823654
AT,F,2020,15674.2,496448.0,31.572692406858323
AT,F,2021,14885.5,538565.0,27.639189327193563
AT,F,2022,13729.8,540757.0,25.389962589481044
AT,F,2023,13221.8,531566.0,24.87329889421069
AT,F,2024,12669.3,530046.0,23.902265086426457
BE,F,2008,18027.9,448453.0,40.20019935199453
BE,F,2009,17700.3,431574.0,41.013360397058214
BE,F,2010,17656.0,421402.0,41.898234939558904
BE,F,2011,18524.6,450401.0,41.129127155579134
BE,F,2012,18405.5,443247.0,41.52425171518363
BE,F,2013,18126.8,432375.0,41.923793003758306
BE,F,2014,18264.7,436076.0,41.88421284363277
BE,F,2015,18465.5,431264.0,42.817160718260745
BE,F,2016,18478.3,436968.0,42.287535929404434
BE,F,2017,18347.8,439087.0,41.78625192729459
BE,F,2018,19058.6,452677.0,42.10198441714511
BE,F,2019,19554.6,457162.0,42.773896343090634
BE,F,2020,18370.5,430533.0,42.66920305760534
BE,F,2021,20093.0,480821.0,41.78894016692283
BE,F,2022,20403.0,503913.0,40.48913205255669
BE,F,2023,20354.7,511970.0,39.75760298454988
BE,F,2024,20629.4,505955.0,40.773191291715676
BG,F,2008,2746.6,563456.0,4.874559859154929
BG,F,2009,2932.3,485652.0,6.03786250236795
BG,F,2010,2384.6,394131.0,6.050272625091657
BG,F,2011,2289.8,347428.0,6.590718076838943
BG,F,2012,2187.0,325816.0,6.7123775382424435
BG,F,2013,2049.3,313905.0,6.528408276389355
BG,F,2014,2008.2,311611.0,6.4445735227575405
BG,F,2015,2078.3,319089.0,6.513229851232729
BG,F,2016,1913.9,306200.0,6.250489875898106
BG,F,2017,1991.0,306474.0,6.496472783988201
BG,F,2018,2008.4,321794.0,6.241259936481104
BG,F,2019,2023.3,336004.0,6.021654504113046
BG,F,2020,2021.8,320767.0,6.303017455037456
BG,F,2021,1803.1,325861.0,5.533340903023068
BG,F,2022,1898.8,320082.0,5.9322298660968125
BG,F,2023,1970.9,359617.0,5.480552921580459
BG,F,2024,2187.6,349084.0,6.26668652817087
CH,F,2008,19671.6,550590.0,35.728218819811474
CH,F,2009,19981.9,550143.0,36.32128373895515
CH,F,2010,21350.2,569213.0,37.50827897465448
CH,F,2011,21514.3,587366.0,36.62843950790478
CH,F,2012,21769.6,593647.0,36.67095091864357
CH,F,2013,22217.5,596834.0,37.22559371617569
CH,F,2014,22580.2,601448.0,37.543062741916174
CH,F,2015,22309.8,624588.0,35.719226113854255
CH,F,2016,22551.8,610753.0,36.924583260336014
CH,F,2017,22720.5,618116.0,36.75766361006672
CH,F,2018,23488.4,627535.0,37.42962543921853
CH,F,2019,23637.2,627172.0,37.68854476921801
CH,F,2020,23180.4,620285.0,37.370563531279984
CH,F,2021,23803.3,631828.0,37.67370233671189
CH,F,2022,22864.4,630838.0,36.24448749124181
CH,F,2023,22639.9,628799.0,36.004987285285125
CY,F,2008,1875.3,85818.0,21.852059008599593
CY,F,2009,1541.3,80062.0,19.251330219080213
CY,F,2010,1422.6,77495.0,18.357313375056453
CY,F,2011,1322.0,73094.0,18.086299833091633
CY,F,2012,1120.5,60609.0,18.487353363361876
CY,F,2013,902.2,41894.0,21.5353033847329
CY,F,2014,781.7,39316.0,19.88249058907315
CY,F,2015,750.9,39711.0,18.90911838029765
CY,F,2016,905.5,44843.0,20.19267221193943
CY,F,2017,1097.8,53095.0,20.676146529805063
CY,F,2018,1293.2,60757.0,21.284790229932355
CY,F,2019,1478.4,71820.0,20.58479532163743
CY,F,2020,1397.4,71918.0,19.430462471147695
CY,F,2021,1413.6,81166.0,17.41615947564251
CY,F,2022,1324.0,83328.0,15.889016897081412
CY,F,2023,1527.5,84452.0,18.087197461279782
CY,F,2024,1607.9,85485.0,18.809147803708253
CZ,F,2008,9383.9,864485.0,10.854902051510436
CZ,F,2009,9741.9,897047.0,10.859966088733367
CZ,F,2010,10071.0,917879.0,10.97203444026936
CZ,F,2011,9569.6,863948.0,11.076592572701134
CZ,F,2012,9066.2,841538.0,10.77336971117169
CZ,F,2013,9195.3,814520.0,11.289225556155772
CZ,F,2014,9704.9,789936.0,12.285678839804742
CZ,F,2015,9825.2,766267.0,12.822162509934529
CZ,F,2016,9353.9,761368.0,12.285648989713252
CZ,F,2017,9406.6,756231.0,12.438791850638232
CZ,F,2018,9453.4,758745.0,12.459258380615358
CZ,F,2019,9253.2,756350.0,12.23401864216302
CZ,F,2020,8540.7,721349.0,11.839899965204085
CZ,F,2021,8315.1,743795.0,11.179289992538267
CZ,F,2022,7862.4,781712.0,10.057924145977035
CZ,F,2023,7879.3,817450.0,9.638876995534895
CZ,F,2024,7934.7,826800.0,9.59687953555878
DE,F,2008,92856.0,3864958.0,24.02509936718588
DE,F,2009,90929.7,3830172.0,23.740369884172303
DE,F,2010,94401.0,3887088.0,24.28578925920895
DE,F,2011,97647.4,3948111.0,24.732688619950146
DE,F,2012,96855.4,3920598.0,24.704241546825255
DE,F,2013,96014.4,3896309.0,24.642398741988888
DE,F,2014,97393.2,3938698.0,24.727257586136332
DE,F,2015,94831.3,3935060.0,24.099073457583877
DE,F,2016,96464.3,3949015.0,24.427433170043667
DE,F,2017,97559.4,3965160.0,24.604152165360286
DE,F,2018,99818.3,4012287.0,24.878155525763738
DE,F,2019,96278.5,4038185.0,23.842023087104728
DE,F,2020,97784.3,3979019.0,24.57497689757199
DE,F,2021,94547.7,4082325.0,23.160257941246716
DE,F,2022,83947.9,4083651.0,20.557070131605272
DE,F,2023,80251.6,4053085.0,19.800127557157083
DE,F,2024,77191.0,3983342.0,19.37845156152798
DK,F,2008,11771.6,327155.0,35.98172120248812
DK,F,2009,10696.7,290270.0,36.85086298963035
DK,F,2010,9397.3,268778.0,34.96305501194294
DK,F,2011,9701.5,274934.0,35.286650614329254
DK,F,2012,9922.6,269910.0,36.762624578563226
DK,F,2013,10103.0,268084.0,37.685949180107734
DK,F,2014,10417.1,269868.0,38.60072331658441
DK,F,2015,11482.3,277565.0,41.36796786338335
DK,F,2016,12436.0,286538.0,43.40087527657763
DK,F,2017,12964.4,295653.0,43.85005394837867
DK,F,2018,12562.4,300484.0,41.80721768879541
DK,F,2019,12146.5,302881.0,40.103208851000886
DK,F,2020,12258.9,304586.0,40.247746120964194
DK,F,2021,12623.1,320423.0,39.39511208621104
DK,F,2022,12346.5,331182.0,37.28010580285161
DK,F,2023,11266.6,326417.0,34.5159719009733
DK,F,2024,10393.5,329342.0,31.558380042630457
EA,F,2008,539464.7,20531773.0,26.2746281093211
EA,F,2009,508836.3,19389313.0,26.24313197687819
EA,F,2010,478911.7,18518159.0,25.861733879701543
EA,F,2011,464202.5,17983953.0,25.81203921073415
EA,F,2012,437839.7,16766147.0,26.114509195225356
EA,F,2013,423312.8,15918730.0,26.592121356414737
EA,F,2014,416577.3,15903334.0,26.194337614993184
EA,F,2015,420130.1,16223375.0,25.896590567622336
EA,F,2016,425902.8,16330067.0,26.080897279845818
EA,F,2017,435085.6,16483482.0,26.39524828552608
EA,F,2018,444670.7,16985945.0,26.17874366130351
EA,F,2019,450043.2,17476954.0,25.75066570524818
EA,F,2020,428165.1,16447773.0,26.031797739426484
EA,F,2021,444228.6,17975672.0,24.7127673446645
EA,F,2022,442137.0,18758220.0,23.57030677750874
EA,F,2023,452549.7,19266297.0,23.489189437908074
EA,F,2024,449532.8,19471340.0,23.086895919849376
EA12,F,2008,534528.2,20266923.0,26.37441312625503
EA12,F,2009,498659.1,18755883.0,26.58681012245598
EA12,F,2010,469545.5,17906063.0,26.222710151304618
EA12,F,2011,454319.8,17320318.0,26.230453736472967
EA12,F,2012,427820.9,16139420.0,26.507823701223465
EA12,F,2013,414487.6,15336939.0,27.025444907878946
EA12,F,2014,406417.7,15188194.0,26.758790413132726
EA12,F,2015,407663.7,15296468.0,26.650838611893935
EA12,F,2016,413577.7,15427379.0,26.808033950549863
EA12,F,2017,421654.4,15569844.0,27.081478786813793
EA12,F,2018,430387.6,16026532.0,26.85469320499282
EA12,F,2019,435750.3,16478901.0,26.44292237692307
EA12,F,2020,413934.1,15504094.0,26.698373990766566
EA12,F,2021,428964.1,17010932.0,25.21696636022059
EA12,F,2022,427468.3,17732808.0,24.10606938280728
EA12,F,2023,434039.6,17959873.0,24.167186482888827
EA12,F,2024,430794.3,18145014.0,23.741745252993468
EA19,F,2008,552003.9,21596614.0,25.55974283746517
EA19,F,2009,512428.6,19837231.0,25.831659670646573
EA19,F,2010,481899.7,18871692.0,25.535585256478328
EA19,F,2011,466912.6,18280335.0,25.541796690268534
EA19,F,2012,440591.8,17066521.0,25.81614612609096
EA19,F,2013,426264.9,16244998.0,26.23976315663443
EA19,F,2014,418695.0,16099340.0,26.00696674522061
EA19,F,2015,420130.1,16223375.0,25.896590567622336
EA19,F,2016,425902.8,16330067.0,26.080897279845818
EA19,F,2017,435085.6,16483482.0,26.39524828552608
EA19,F,2018,444670.7,16985945.0,26.17874366130351
EA19,F,2019,450043.2,17476954.0,25.75066570524818
EA19,F,2020,428165.1,16447773.0,26.031797739426484
EA19,F,2021,444228.6,17975672.0,24.7127673446645
EA19,F,2022,442137.0,18758220.0,23.57030677750874
EA19,F,2023,449460.1,18999103.0,23.656911592089372
EA19,F,2024,445975.8,19188854.0,23.24139836594723
EA20,F,2008,555127.5,21925324.0,25.31901010904103
EA20,F,2009,515218.5,20148489.0,25.571073840822503
EA20,F,2010,484022.0,19127586.0,25.304918247394106
EA20,F,2011,468862.4,18510613.0,25.329382662799986
EA20,F,2012,442252.8,17282527.0,25.589591151803205
EA20,F,2013,427903.1,16460352.0,25.99598720610592
EA20,F,2014,420275.5,16313879.0,25.76183751270927
EA20,F,2015,421768.5,16441517.0,25.65265115135057
EA20,F,2016,427643.0,16553685.0,25.83370409670113
EA20,F,2017,436870.8,16693238.0,26.17052485563316
EA20,F,2018,446631.7,17209130.0,25.953182990656703
EA20,F,2019,452256.7,17701875.0,25.54851957772835
EA20,F,2020,430424.3,16683098.0,25.80002227404047
EA20,F,2021,446802.4,18223557.0,24.517847970075216
EA20,F,2022,444874.2,19014089.0,23.39708202691173
EA20,F,2023,452549.7,19266297.0,23.489189437908074
EA20,F,2024,449532.8,19471340.0,23.086895919849376
EE,F,2008,1203.2,131923.0,9.12047179036256
EE,F,2009,787.3,102137.0,7.7082741807572175
EE,F,2010,750.4,84255.0,8.906296362233695
EE,F,2011,968.3,84904.0,11.40464524639593
EE,F,2012,1050.7,92023.0,11.417797724481924
EE,F,2013,1007.7,92086.0,10.943031514019504
EE,F,2014,946.5,95017.0,9.961375332835178
EE,F,2015,950.0,93964.0,10.110254991273253
EE,F,2016,1063.7,92963.0,11.44218667641965
EE,F,2017,1166.2,88636.0,13.157182183311523
EE,F,2018,1279.2,90250.0,14.173961218836565
EE,F,2019,1341.6,90831.0,14.77028767711464
EE,F,2020,1439.7,90494.0,15.909342055826906
EE,F,2021,1489.5,90243.0,16.50543532462352
EE,F,2022,1438.4,90824.0,15.837223641328283
EE,F,2023,1407.9,91937.0,15.313747457498069
EE,F,2024,1229.4,89691.0,13.707060909121319
EL,F,2008,11675.5,753385.0,15.497388453446778
EL,F,2009,11033.0,707842.0,15.586811746124136
EL,F,2010,8747.7,567589.0,15.412032298018461
EL,F,2011,6246.5,467337.0,13.3661576121728
EL,F,2012,4614.3,385592.0,11.966793916886242
EL,F,2013,4897.8,368221.0,13.301251150803457
EL,F,2014,3616.0,352831.0,10.248532583588178
EL,F,2015,4238.7,353023.0,12.006866408137713
EL,F,2016,4359.8,371809.0,11.725913035994289
EL,F,2017,3063.1,373142.0,8.20893922420955
EL,F,2018,3700.7,393577.0,9.402734407752485
EL,F,2019,3996.8,382054.0,10.461348395776515
EL,F,2020,3585.0,352097.0,10.181853296108743
EL,F,2021,4672.9,348614.0,13.404223582529674
EL,F,2022,5233.9,379736.0,13.782996608169885
EL,F,2023,5601.4,389776.0,14.370818110914986
EL,F,2024,5961.0,416436.0,14.314324409993372
ES,F,2008,115754.4,4675600.0,24.757122080588587
ES,F,2009,105859.1,3671015.0,28.83646620893677
ES,F,2010,89685.0,3180016.0,28.202688288360815
ES,F,2011,77812.5,2718258.0,28.625869950534497
ES,F,2012,70262.8,2210674.0,31.783428945199518
ES,F,2013,63186.2,1946664.0,32.45870884754636
ES,F,2014,62971.0,1922467.0,32.75530867369895
ES,F,2015,66725.5,2085974.0,31.987694956888248
ES,F,2016,69083.4,2148823.0,32.14941388844032
ES,F,2017,70277.1,2227616.0,31.54812139973856
ES,F,2018,72416.7,2388804.0,30.315044683448285
ES,F,2019,75803.8,2590657.0,29.260454008384745
ES,F,2020,64655.9,2258195.0,28.631672641202375
ES,F,2021,63996.2,2422768.0,26.414497797560475
ES,F,2022,69719.8,2550779.0,27.33274815262318
ES,F,2023,70453.7,2635754.0,26.729998323060496
ES,F,2024,73812.3,2753270.0,26.808958075306816
EU27_2020,F,2008,638131.6,29056178.0,21.961993762565744
EU27_2020,F,2009,600245.9,27132247.0,22.12297050074769
EU27_2020,F,2010,564676.3,25741775.0,21.93618349938961
EU27_2020,F,2011,552824.5,25051468.0,22.06754909532647
EU27_2020,F,2012,523718.4,23697166.0,22.100465515581064
EU27_2020,F,2013,508420.7,22624075.0,22.472551916487195
EU27_2020,F,2014,505290.6,22477572.0,22.47976783257551
EU27_2020,F,2015,513132.8,22626170.0,22.678729983908013
EU27_2020,F,2016,517773.7,22910326.0,22.600014508741605
EU27_2020,F,2017,529123.7,23126079.0,22.879957298424863
EU27_2020,F,2018,543209.5,23718951.0,22.901919229058652
EU27_2020,F,2019,550646.6,24533629.0,22.4445637455429
EU27_2020,F,2020,525213.5,23467386.0,22.380571061472292
EU27_2020,F,2021,545110.7,25324510.0,21.52502457105784
EU27_2020,F,2022,544053.4,26144644.0,20.80936347804162
EU27_2020,F,2023,551949.0,26399860.0,20.907269962795255
EU27_2020,F,2024,545584.1,26569809.0,20.53398652583464
FI,F,2008,10433.8,407900.0,25.57930865408188
FI,F,2009,9620.3,371600.0,25.88885898815931
FI,F,2010,10724.0,383700.0,27.94891842585353
FI,F,2011,10829.0,391300.0,27.674418604651162
FI,F,2012,10154.6,386000.0,26.307253886010365
FI,F,2013,9910.5,375800.0,26.371740287386906
FI,F,2014,9535.8,368600.0,25.87032013022246
FI,F,2015,9792.7,380300.0,25.749934262424404
FI,F,2016,10153.8,395300.0,25.686314191753098
FI,F,2017,10572.9,396100.0,26.692501893461248
FI,F,2018,10729.1,410300.0,26.149402875944432
FI,F,2019,10200.7,399600.0,25.52727727727728
FI,F,2020,10070.1,390000.0,25.82076923076923
FI,F,2021,10059.9,397400.0,25.314292903875188
FI,F,2022,10029.2,397500.0,25.23069182389937
FI,F,2023,8915.2,373300.0,23.88213233324404
FI,F,2024,8315.9,348600.0,23.855134825014343
FR,F,2008,117896.7,3650840.0,32.29303393191704
FR,F,2009,110906.6,3620612.0,30.632003650211622
FR,F,2010,107679.0,3572276.0,30.142967676629688
FR,F,2011,106408.9,3603159.0,29.532113348314628
FR,F,2012,101019.0,3572651.0,28.27564181332014
FR,F,2013,101909.2,3504768.0,29.077302691647493
FR,F,2014,99519.1,3469223.0,28.686279319605575
FR,F,2015,99085.8,3388894.0,29.238388689643287
FR,F,2016,97514.4,3309609.0,29.464024300151465
FR,F,2017,99661.6,3265613.0,30.518496833519468
FR,F,2018,99817.8,3346345.0,29.828902877617224
FR,F,2019,102680.6,3469665.0,29.59380804775101
FR,F,2020,94462.6,3299287.0,28.631216380993834
FR,F,2021,99820.9,3744691.0,26.656645368069086
FR,F,2022,95884.4,3822887.0,25.08167256840184
FR,F,2023,99870.9,3838707.0,26.016807221806715
FR,F,2024,99230.0,3834466.0,25.878440439946527
HR,F,2008,3111.0,328710.0,9.464269416811172
HR,F,2009,2782.1,311258.0,8.938244157579884
HR,F,2010,2122.2,255895.0,8.29324527638289
HR,F,2011,1949.8,230278.0,8.467157088388817
HR,F,2012,1656.9,216006.0,7.6706202605483185
HR,F,2013,1636.1,215354.0,7.597258467453588
HR,F,2014,1576.7,214539.0,7.349246523942034
HR,F,2015,1637.5,218143.0,7.506543872597333
HR,F,2016,1743.9,223618.0,7.79856719942044
HR,F,2017,1789.5,209756.0,8.53134117736799
HR,F,2018,1973.5,223185.0,8.842440128144812
HR,F,2019,2238.5,224921.0,9.952383281240968
HR,F,2020,2296.0,235325.0,9.756719430574737
HR,F,2021,2642.0,247885.0,10.65816810214414
HR,F,2022,2841.5,255869.0,11.105292161223126
HR,F,2023,3268.2,267194.0,12.231562085974984
HR,F,2024,3762.3,282485.0,13.318583287608192
HU,F,2008,4075.1,577730.0,7.053640974157479
HU,F,2009,3917.5,512103.0,7.64982825720607
HU,F,2010,3505.8,470770.0,7.446948616097033
HU,F,2011,3583.4,461513.0,7.764461672802283
HU,F,2012,3407.9,459166.0,7.42193455090316
HU,F,2013,3635.4,443954.0,8.188686215238516
HU,F,2014,3945.7,461673.0,8.546525354525821
HU,F,2015,4198.3,457212.0,9.182392413147513
HU,F,2016,3571.9,485881.0,7.351388508708922
HU,F,2017,4332.0,533662.0,8.117497592108863
HU,F,2018,4976.2,577347.0,8.619080033324845
HU,F,2019,5696.2,621839.0,9.160248874708726
HU,F,2020,5184.9,626464.0,8.276453235940133
HU,F,2021,5700.3,682321.0,8.354278997715152
HU,F,2022,5874.9,711204.0,8.260499097305415
HU,F,2023,5381.6,700055.0,7.687395990315047
HU,F,2024,5343.0,689200.0,7.752466627974463
IE,F,2008,4356.7,391400.0,11.131067961165048
IE,F,2009,3170.2,232571.0,13.631106199827148
IE,F,2010,2342.3,170488.0,13.738796865468538
IE,F,2011,2488.3,153244.0,16.237503589047535
IE,F,2012,1972.8,141269.0,13.964847206393475
IE,F,2013,2323.9,148214.0,15.679355526468486
IE,F,2014,2420.2,166767.0,14.51246349697482
IE,F,2015,2520.3,198365.0,12.705366370075367
IE,F,2016,2675.0,225008.0,11.888466187868875
IE,F,2017,2920.2,252132.0,11.582028461282185
IE,F,2018,3177.2,284794.0,11.156133907315462
IE,F,2019,3327.8,292615.0,11.372622729525144
IE,F,2020,2919.1,234474.0,12.449567969156494
IE,F,2021,3111.9,252065.0,12.345625136373556
IE,F,2022,3289.4,326057.0,10.088420122861955
IE,F,2023,3339.5,315329.0,10.590526085453606
IE,F,2024,3365.4,324009.0,10.38674851624492
IS,F,2008,818.3,28851.0,28.362968354649748
IS,F,2009,478.3,16003.0,29.888145972630134
IS,F,2010,422.4,13199.0,32.00242442609289
IS,F,2011,405.6,12627.0,32.12164409598479
IS,F,2012,405.4,12521.0,32.37760562255411
IS,F,2013,440.8,13445.0,32.78542208999628
IS,F,2014,481.0,14304.0,33.62695749440716
IS,F,2015,540.4,15383.0,35.129688617304815
IS,F,2016,683.6,18112.0,37.74293286219081
IS,F,2017,761.5,20972.0,36.310318519931336
IS,F,2018,821.0,22399.0,36.653422027769096
IS,F,2019,781.7,22421.0,34.86463583247848
IS,F,2020,732.3,21186.0,34.56527895780232
IS,F,2021,759.7,21566.0,35.22674580357971
IS,F,2022,839.6,24009.0,34.97021950102045
IS,F,2023,929.2,26101.0,35.60016857591663
IT,F,2008,93267.3,3549382.0,26.277053301109884
IT,F,2009,85231.0,3486836.0,24.443650346617964
IT,F,2010,80291.7,3404708.0,23.58255098528273
IT,F,2011,77242.1,3335959.0,23.15439128598403
IT,F,2012,70641.4,3019508.0,23.39500342439894
IT,F,2013,65597.4,2716756.0,24.14548822198239
IT,F,2014,60196.7,2617961.0,22.993734436838437
IT,F,2015,58940.7,2604560.0,22.629810793377768
IT,F,2016,59246.6,2637678.0,22.46164998153679
IT,F,2017,59786.1,2639437.0,22.651080514518817
IT,F,2018,60451.7,2643384.0,22.869057238751537
IT,F,2019,62252.6,2654613.0,23.450725209286624
IT,F,2020,58460.7,2412595.0,24.23146031555234
IT,F,2021,71237.8,2970447.0,23.982181806307267
IT,F,2022,83067.0,3247585.0,25.5780834065929
IT,F,2023,92562.6,3356569.0,27.576552128080788
IT,F,2024,93557.9,3444430.0,27.162084873259143
LT,F,2008,2844.8,316662.0,8.983711338903941
LT,F,2009,1546.4,216720.0,7.135474344776671
LT,F,2010,1466.3,171064.0,8.571645699855024
LT,F,2011,1763.7,172204.0,10.241922371141206
LT,F,2012,1693.2,179958.0,9.408862067815825
LT,F,2013,1835.4,198893.0,9.228077408455803
LT,F,2014,2078.6,196006.0,10.604777404773323
LT,F,2015,2075.6,210403.0,9.864878352494973
LT,F,2016,1928.2,207828.0,9.277864387859191
LT,F,2017,2030.0,197872.0,10.259157435109566
LT,F,2018,2241.5,207482.0,10.803346796348599
LT,F,2019,2416.0,211273.0,11.435441348397571
LT,F,2020,2413.3,191541.0,12.599391253047653
LT,F,2021,2492.5,202743.0,12.293889308138876
LT,F,2022,2495.7,230077.0,10.847238098549616
LT,F,2023,2764.2,230269.0,12.004221150046249
LT,F,2024,2886.9,235603.0,12.253239559767914
LU,F,2008,2020.5,69538.0,29.056055681785498
LU,F,2009,1908.0,65753.0,29.01768740589783
LU,F,2010,2006.9,64918.0,30.91438430019409
LU,F,2011,1980.2,67583.0,29.30026781883018
LU,F,2012,2026.2,67483.0,30.025339715187528
LU,F,2013,2033.5,67695.0,30.039146170322773
LU,F,2014,2135.7,71076.0,30.04811750801958
LU,F,2015,2177.5,72088.0,30.206136943735434
LU,F,2016,2314.6,74281.0,31.160054388066932
LU,F,2017,2277.6,75608.0,30.12379642365887
LU,F,2018,2315.3,73522.0,31.491254318435303
LU,F,2019,2529.8,76358.0,33.13077870033265
LU,F,2020,2371.8,69807.0,33.97653530448236
LU,F,2021,2253.4,81118.0,27.77928449912473
LU,F,2022,1669.6,81820.0,20.405768760694208
LU,F,2023,1535.1,79867.0,19.220704421100077
LU,F,2024,1731.0,75402.0,22.956950744012094
LV,F,2008,1964.1,230689.0,8.51406005487908
LV,F,2009,1225.7,140067.0,8.750812111346713
LV,F,2010,771.3,113238.0,6.811317755523764
LV,F,2011,946.4,124179.0,7.62125641211477
LV,F,2012,1054.8,120416.0,8.759633271326068
LV,F,2013,1095.9,127375.0,8.603729146221788
LV,F,2014,1138.2,135305.0,8.412105982779646
LV,F,2015,1138.5,126917.0,8.970429493290892
LV,F,2016,1022.6,116862.0,8.750492033338467
LV,F,2017,1180.4,124078.0,9.513370621705702
LV,F,2018,1326.7,137779.0,9.6291887733254
LV,F,2019,1343.6,126674.0,10.606754345801031
LV,F,2020,1266.0,116348.0,10.881149654484823
LV,F,2021,1093.0,112743.0,9.694615186752172
LV,F,2022,1044.7,117906.0,8.860448153613897
LV,F,2023,1116.4,117437.0,9.506373630116574
LV,F,2024,1052.2,110861.0,9.491164611540578
MT,F,2008,265.4,24168.0,10.981463091691491
MT,F,2009,252.0,23333.0,10.8001542879184
MT,F,2010,291.2,21377.0,13.622117228797306
MT,F,2011,285.3,21172.0,13.47534479501228
MT,F,2012,277.8,20791.0,13.361550670963398
MT,F,2013,288.6,20669.0,13.962939668101988
MT,F,2014,281.1,20493.0,13.71687893427024
MT,F,2015,315.4,21915.0,14.391968971024411
MT,F,2016,323.4,22752.0,14.214135021097045
MT,F,2017,374.2,22281.0,16.79457834028993
MT,F,2018,415.2,24343.0,17.05623793287598
MT,F,2019,514.4,29508.0,17.43256066151552
MT,F,2020,479.4,33336.0,14.380849532037436
MT,F,2021,485.2,32982.0,14.711054514583711
MT,F,2022,433.9,34358.0,12.628790965713952
MT,F,2023,464.5,37040.0,12.54049676025918
MT,F,2024,487.8,38521.0,12.663222657771087
NL,F,2008,35596.8,983184.0,36.205633940340775
NL,F,2009,33959.2,970945.0,34.97541055363588
NL,F,2010,29984.0,917533.0,32.67893361873632
NL,F,2011,30242.0,926306.0,32.64795866592681
NL,F,2012,27683.0,891946.0,31.036632262491228
NL,F,2013,25951.7,846308.0,30.664604375711917
NL,F,2014,26619.8,838497.0,31.747042625077963
NL,F,2015,28228.6,836031.0,33.76501589055908
NL,F,2016,30983.7,852021.0,36.36494875126317
NL,F,2017,33289.3,878091.0,37.91099100207154
NL,F,2018,34964.5,922189.0,37.9146790950662
NL,F,2019,37083.0,965377.0,38.41297234137544
NL,F,2020,36797.6,946532.0,38.87623450659883
NL,F,2021,38075.7,1013891.0,37.55403687378623
NL,F,2022,40476.4,1078174.0,37.54162129674802
NL,F,2023,41662.7,1104161.0,37.732450249555995
NL,F,2024,40565.4,1122980.0,36.12299417620972
NO,F,2008,17050.0,314680.0,54.182026185331125
NO,F,2009,15816.6,297510.0,53.163255016638104
NO,F,2010,15460.7,290900.0,53.14781711928498
NO,F,2011,15855.8,301220.0,52.63860301440807
NO,F,2012,16974.4,317750.0,53.42061369000787
NO,F,2013,17281.2,324670.0,53.226968922290325
NO,F,2014,17607.0,332860.0,52.896112479721204
NO,F,2015,17948.5,342340.0,52.428871881754986
NO,F,2016,18645.1,351929.0,52.979720341318846
NO,F,2017,19259.5,361792.0,53.23362595082257
NO,F,2018,19519.9,370781.0,52.64536208705409
NO,F,2019,20307.1,382605.0,53.07588766482403
NO,F,2020,19648.9,379287.0,51.804833806589734
NO,F,2021,20129.5,384052.0,52.41347525855874
NO,F,2022,20773.2,400333.0,51.88980174005141
NO,F,2023,20387.8,400910.0,50.8538075877379
NO,F,2024,19597.3,391409.0,50.06859832042697
PL,F,2008,23037.9,2775655.0,8.299986849950734
PL,F,2009,26363.7,2914146.0,9.046801361359384
PL,F,2010,26976.0,2753918.0,9.795498631404422
PL,F,2011,32601.6,2797780.0,11.652667472067138
PL,F,2012,30737.6,2704724.0,11.364412782967873
PL,F,2013,29400.3,2538525.0,11.581646822465801
PL,F,2014,32018.7,2530610.0,12.652562030498576
PL,F,2015,35395.9,2560268.0,13.825076124843182
PL,F,2016,33866.5,2579513.0,13.129028618967999
PL,F,2017,33720.8,2540154.0,13.275100643504294
PL,F,2018,37890.5,2557888.0,14.813197450396578
PL,F,2019,38196.0,2743777.0,13.920956404255886
PL,F,2020,35421.8,2741425.0,12.920944399354353
PL,F,2021,38195.6,2870334.0,13.307022806405108
PL,F,2022,39095.2,2801227.0,13.95645551038884
PL,F,2023,39142.1,2683027.0,14.588783489692798
PL,F,2024,36883.6,2639457.0,13.973934790375445
PT,F,2008,11094.0,983291.0,11.282519620336197
PT,F,2009,9877.3,893313.0,11.05693077342432
PT,F,2010,9244.9,859418.0,10.757163568833791
PT,F,2011,8647.3,776490.0,11.136395832528429
PT,F,2012,7319.5,615085.0,11.899981303397091
PT,F,2013,6831.3,557596.0,12.251343266450979
PT,F,2014,6259.8,531514.0,11.777300315701938
PT,F,2015,6257.1,538664.0,11.615960970103814
PT,F,2016,6373.9,551876.0,11.549514746066144
PT,F,2017,6760.3,572807.0,11.802055491640292
PT,F,2018,7029.0,603785.0,11.641561151734475
PT,F,2019,7339.1,638270.0,11.498425431243833
PT,F,2020,7339.0,635108.0,11.55551496753308
PT,F,2021,7818.2,678228.0,11.527391968482576
PT,F,2022,8021.5,719951.0,11.141730478879813
PT,F,2023,8596.0,769791.0,11.166667316193616
PT,F,2024,8767.8,806078.0,10.87711114805267
RO,F,2008,14086.4,1463053.0,9.628085927167369
RO,F,2009,12672.8,1336789.0,9.480030131905632
RO,F,2010,10240.2,1255693.0,8.155018782457176
RO,F,2011,7520.5,1225842.0,6.134966822804244
RO,F,2012,7370.2,1233156.0,5.976697189974343
RO,F,2013,7889.7,1199255.0,6.578834359664959
RO,F,2014,8365.1,1201615.0,6.9615475838767
RO,F,2015,8802.8,1191443.0,7.388351771759118
RO,F,2016,9503.5,1289861.0,7.3678481634842825
RO,F,2017,9288.9,1343298.0,6.914995779045305
RO,F,2018,8743.1,1315074.0,6.648371118279275
RO,F,2019,9269.8,1380914.0,6.712800362658355
RO,F,2020,9468.4,1394647.0,6.789101471555168
RO,F,2021,9717.2,1470579.0,6.607737496591478
RO,F,2022,9695.9,1459668.0,6.642537892178222
RO,F,2023,10912.2,1523726.0,7.1615237910227965
RO,F,2024,10612.1,1598546.0,6.638595323500231
RS,F,2008,1226.6,320337.0,3.8290924869746545
RS,F,2009,1074.5,274122.0,3.919787539854517
RS,F,2010,994.5,247294.0,4.021529030223135
RS,F,2011,1142.3,246389.0,4.6361647638490355
RS,F,2012,1156.9,234937.0,4.9242988545865485
RS,F,2013,954.8,214534.0,4.450576598581111
RS,F,2014,968.5,210566.0,4.5995079927433675
RS,F,2015,1134.5,221611.0,5.119330719143003
RS,F,2016,1201.7,223336.0,5.380682021707204
RS,F,2017,1263.8,227201.0,5.562475517273251
RS,F,2018,1416.0,241297.0,5.868286800084543
RS,F,2019,1888.6,260517.0,7.249430939247726
RS,F,2020,1799.0,256278.0,7.0197207719741845
RS,F,2021,2132.9,297571.0,7.167701153674249
RS,F,2022,1929.8,310817.0,6.208798103063861
RS,F,2023,2131.7,314015.0,6.788529210388038
RS,F,2024,2216.3,312207.0,7.098815849740718
SE,F,2008,17990.1,559320.0,32.16423514267324
SE,F,2009,18285.8,547750.0,33.38347786398904
SE,F,2010,18079.9,553020.0,32.69303099345413
SE,F,2011,18696.4,569410.0,32.83468853725786
SE,F,2012,18628.9,580330.0,32.10052900935675
SE,F,2013,17880.2,585480.0,30.53938648630184
SE,F,2014,18430.9,598380.0,30.801330258364253
SE,F,2015,19657.2,612810.0,32.077152787976694
SE,F,2016,19266.2,647280.0,29.764862192559633
SE,F,2017,20098.4,657370.0,30.57395378553935
SE,F,2018,20948.1,678490.0,30.87458916122566
SE,F,2019,21635.4,689990.0,31.356106610240726
SE,F,2020,21398.7,675050.0,31.69942967187616
SE,F,2021,21710.6,687640.0,31.57262521086615
SE,F,2022,22409.9,725480.0,30.88975574791862
SE,F,2023,22290.3,723270.0,30.818781367953875
SE,F,2024,21677.3,666040.0,32.54654375112605
SI,F,2008,2767.6,154864.0,17.871164376485176
SI,F,2009,2390.3,154604.0,15.460790147732272
SI,F,2010,1976.0,142077.0,13.907951322170373
SI,F,2011,1793.9,124698.0,14.385956470833534
SI,F,2012,1645.7,114130.0,14.419521598177518
SI,F,2013,1500.3,107360.0,13.974478390461996
SI,F,2014,1652.4,108195.0,15.272424788576183
SI,F,2015,1595.7,109742.0,14.540467642288275
SI,F,2016,1538.4,100900.0,15.246778989098118
SI,F,2017,1675.7,101917.0,16.441810492852028
SI,F,2018,1829.2,106243.0,17.21713430531894
SI,F,2019,1978.4,116117.0,17.03798754704307
SI,F,2020,1975.2,116779.0,16.913999948620898
SI,F,2021,2097.1,126619.0,16.56228528103997
SI,F,2022,2128.9,136232.0,15.627018615303308
SI,F,2023,2379.3,137290.0,17.33046835166436
SI,F,2024,2290.5,140060.0,16.353705554762247
SK,F,2008,6091.0,371443.0,16.39820914649085
SK,F,2009,5985.5,375432.0,15.942967035308657
SK,F,2010,5676.3,371147.0,15.293940136926878
SK,F,2011,5513.4,352267.0,15.651196393644591
SK,F,2012,5921.5,338119.0,17.51306492684528
SK,F,2013,5081.6,321281.0,15.816683837512956
SK,F,2014,5296.5,319237.0,16.591121956414828
SK,F,2015,5539.0,316349.0,17.509143382782938
SK,F,2016,5495.8,322074.0,17.06378037345455
SK,F,2017,5879.1,324804.0,18.100454427901138
SK,F,2018,5878.4,333833.0,17.608804402201102
SK,F,2019,5204.9,350039.0,14.869485971563169
SK,F,2020,5225.1,322863.0,16.18364445600766
SK,F,2021,6160.1,320521.0,19.21902153057054
SK,F,2022,5729.9,331643.0,17.277313255518735
SK,F,2023,5680.6,339654.0,16.724666866870404
SK,F,2024,5576.9,341545.0,16.328448667086327
UK,F,2008,102105.8,4262772.0,23.95291139192995
UK,F,2009,88629.1,4082274.0,21.710718094865754
UK,F,2010,96190.4,3863873.0,24.894814089386475
UK,F,2011,97138.9,3838581.0,25.305939877261935
UK,F,2012,90108.4,3833140.0,23.507724737421537
UK,F,2013,91557.8,3913010.0,23.398304629939613
UK,F,2014,100618.0,4127940.0,24.374869789774078
UK,F,2015,104469.9,4139961.0,25.234513078746392
UK,F,2016,108705.5,4371054.0,24.869402208254577
UK,F,2017,115316.5,4533176.0,25.438346095540965
UK,F,2018,115346.5,4498324.0,25.642105815410364
AT,G,2008,33778.7,1039780.0,32.486391352016774
AT,G,2009,34050.3,1010253.0,33.70472544996154
AT,G,2010,34623.2,1008195.0,34.34176920139457
AT,G,2011,35731.8,1017574.0,35.11469436129462
AT,G,2012,34886.6,1022963.0,34.10348174860675
AT,G,2013,33945.4,1028540.0,33.003480661909116
AT,G,2014,34739.5,1009229.0,34.42182101386305
AT,G,2015,35784.5,995966.0,35.929439358371674
AT,G,2016,35797.6,1019135.0,35.12547405397714
AT,G,2017,36073.7,1009431.0,35.73666748891207
AT,G,2018,37738.1,1028678.0,36.68601836531937
AT,G,2019,39296.8,1038704.0,37.83252976786457
AT,G,2020,38174.8,920556.0,41.46928595327172
AT,G,2021,40387.7,992014.0,40.712832681796826
AT,G,2022,40789.0,1031339.0,39.54955645040089
AT,G,2023,37584.1,1026562.0,36.611622093940746
AT,G,2024,36438.6,1011802.0,36.01356787197495
BE,G,2008,43118.2,982502.0,43.886119315787646
BE,G,2009,40156.8,937148.0,42.85000874995198
BE,G,2010,40843.9,919613.0,44.41422641915676
BE,G,2011,41639.3,921287.0,45.196882187635346
BE,G,2012,40538.1,918087.0,44.15496570586448
BE,G,2013,40135.9,904387.0,44.37912088519627
BE,G,2014,40245.9,889608.0,45.240038309008014
BE,G,2015,40524.7,889860.0,45.540534466095785
BE,G,2016,41613.3,896541.0,46.4153898148551
BE,G,2017,39514.4,892291.0,44.284207730437714
BE,G,2018,39841.7,892203.0,44.65542034716314
BE,G,2019,40697.0,895972.0,45.42217837164554
BE,G,2020,39416.2,811791.0,48.55461565846382
BE,G,2021,44818.3,886377.0,50.5634735558346
BE,G,2022,44118.3,910041.0,48.4794641120565
BE,G,2023,43840.2,897684.0,48.83700723194353
BE,G,2024,43843.1,885582.0,49.507668403377664
BG,G,2008,3422.4,953382.0,3.589746817120525
BG,G,2009,3313.7,960567.0,3.449733334582595
BG,G,2010,4050.9,962848.0,4.207206121838546
BG,G,2011,4363.0,936224.0,4.660209522507434
BG,G,2012,4329.0,905617.0,4.780166450055598
BG,G,2013,4387.6,903473.0,4.856370915345561
BG,G,2014,4111.3,906207.0,4.536822160941154
BG,G,2015,4233.2,899472.0,4.706316594624401
BG,G,2016,4190.9,899076.0,4.661341199186721
BG,G,2017,4443.9,910464.0,4.880917861661746
BG,G,2018,4709.4,928263.0,5.073346670070874
BG,G,2019,4781.0,906140.0,5.276226631646324
BG,G,2020,4958.6,865609.0,5.728452453706003
BG,G,2021,5414.3,863849.0,6.267646313186679
BG,G,2022,5072.2,875568.0,5.793039489794054
BG,G,2023,5611.3,889618.0,6.30753874134741
BG,G,2024,6239.8,922333.0,6.765235549416534
CH,G,2008,68460.2,1060540.0,64.55220925189055
CH,G,2009,72297.7,1079404.0,66.97927745311301
CH,G,2010,74473.2,983549.0,75.71885081475351
CH,G,2011,71642.2,1001391.0,71.54268412638021
CH,G,2012,73916.2,989211.0,74.72237975517862
CH,G,2013,75287.1,981086.0,76.7385326057043
CH,G,2014,78461.0,982193.0,79.88348522133634
CH,G,2015,86143.5,999971.0,86.14599823394877
CH,G,2016,89374.0,1010870.0,88.41295122023602
CH,G,2017,87559.4,992881.0,88.18720471033285
CH,G,2018,85311.1,963648.0,88.52931775918178
CH,G,2019,83572.5,966346.0,86.4829988430645
CH,G,2020,84128.3,911844.0,92.26172459324184
CH,G,2021,79226.4,936623.0,84.58728858889862
CH,G,2022,75960.3,922330.0,82.35696551125953
CH,G,2023,79924.9,934417.0,85.53450975314018
CY,G,2008,2011.1,136940.0,14.685993865926683
CY,G,2009,1922.4,131748.0,14.591492849986338
CY,G,2010,1949.2,128640.0,15.152363184079602
CY,G,2011,1902.9,127509.0,14.92365244806249
CY,G,2012,1836.9,120358.0,15.261968460758737
CY,G,2013,1587.7,112349.0,14.13185698137055
CY,G,2014,1604.9,110791.0,14.48583368685182
CY,G,2015,1666.9,115619.0,14.417180567207811
CY,G,2016,1815.1,119129.0,15.23642438029363
CY,G,2017,2066.6,123225.0,16.77094745384459
CY,G,2018,2222.1,134087.0,16.572076338496647
CY,G,2019,2346.3,138369.0,16.956832816599096
CY,G,2020,2313.0,132101.0,17.50932998236198
CY,G,2021,2982.9,142238.0,20.971189133705483
CY,G,2022,2965.3,146426.0,20.251184898856764
CY,G,2023,2715.6,147732.0,18.381934855007717
CY,G,2024,2828.8,151058.0,18.726581842735904
CZ,G,2008,15222.3,1325147.0,11.487253866929478
CZ,G,2009,14178.1,1323775.0,10.71035485637665
CZ,G,2010,15035.4,1347880.0,11.154850580170342
CZ,G,2011,15516.8,1337496.0,11.601380490109875
CZ,G,2012,15802.6,1322352.0,11.95037327428703
CZ,G,2013,15795.4,1310936.0,12.048948232407989
CZ,G,2014,17074.8,1315321.0,12.981469922551225
CZ,G,2015,18758.2,1306984.0,14.352279752468279
CZ,G,2016,18733.1,1320552.0,14.185810176350495
CZ,G,2017,20173.9,1312513.0,15.370438235659382
CZ,G,2018,21045.5,1320892.0,15.93279389987978
CZ,G,2019,21951.5,1300483.0,16.879497848107203
CZ,G,2020,21337.1,1223554.0,17.4386255122373
CZ,G,2021,22941.9,1246922.0,18.398825267338296
CZ,G,2022,21208.5,1289003.0,16.453413995157497
CZ,G,2023,20676.1,1304733.0,15.846997048438261
CZ,G,2024,21686.6,1336353.0,16.228197190413013
DE,G,2008,254952.4,8292432.0,30.745190313288067
DE,G,2009,239922.9,8113710.0,29.57006104482413
DE,G,2010,232104.0,8096459.0,28.667347046406338
DE,G,2011,242721.9,8140241.0,29.817532429322423
DE,G,2012,252396.7,8046216.0,31.368372412572572
DE,G,2013,249141.4,7953704.0,31.32394667943388
DE,G,2014,258968.3,7971367.0,32.48731365649079
DE,G,2015,266574.3,7958419.0,33.49588655736774
DE,G,2016,275549.3,7982330.0,34.51990834756268
DE,G,2017,289148.8,7959661.0,36.3267732130803
DE,G,2018,288935.9,8003552.0,36.10095867434859
DE,G,2019,301622.6,7955539.0,37.91353420553906
DE,G,2020,304239.1,7573200.0,40.17312364654307
DE,G,2021,305790.7,7598882.0,40.241538163113994
DE,G,2022,310232.6,7714025.0,40.216696212418285
DE,G,2023,294838.1,7597340.0,38.808069666488535
DE,G,2024,294168.8,7483729.0,39.30778359291204
DK,G,2008,25847.3,659592.0,39.186800325049425
DK,G,2009,24416.7,615396.0,39.6764034865355
DK,G,2010,25917.4,599904.0,43.202579079319364
DK,G,2011,26195.0,619573.0,42.279118037745356
DK,G,2012,25717.0,605456.0,42.475423482466105
DK,G,2013,25852.9,605814.0,42.674649314806196
DK,G,2014,26950.2,608747.0,44.27159394625353
DK,G,2015,28383.2,611319.0,46.429441911669684
DK,G,2016,29308.0,631103.0,46.43932923785817
DK,G,2017,30329.2,636560.0,47.64546939801433
DK,G,2018,31719.6,636318.0,49.84866057537269
DK,G,2019,31430.4,645600.0,48.68401486988848
DK,G,2020,34723.3,608052.0,57.10580674021301
DK,G,2021,35485.9,648836.0,54.69163240017509
DK,G,2022,32150.1,680028.0,47.277612098325356
DK,G,2023,33255.7,666034.0,49.9309344567995
DK,G,2024,33111.1,661144.0,50.08152535604951
EA,G,2008,979614.5,37063038.0,26.431036225362856
EA,G,2009,936175.4,36666162.0,25.53240778241257
EA,G,2010,946548.2,36454359.0,25.965295398555764
EA,G,2011,975254.1,36431956.0,26.769194055899714
EA,G,2012,974804.8,35862918.0,27.181413403114604
EA,G,2013,974440.2,35146734.0,27.72491463929479
EA,G,2014,1003484.3,35248463.0,28.4688810402882
EA,G,2015,1049859.8,35780605.0,29.34158883003795
EA,G,2016,1081353.2,36232109.0,29.84516302928985
EA,G,2017,1107922.1,36306077.0,30.516161247606014
EA,G,2018,1123098.0,36513363.0,30.75854722009583
EA,G,2019,1157715.7,36913570.0,31.362875495380152
EA,G,2020,1110307.1,33389039.0,33.25364051358292
EA,G,2021,1179166.8,35269455.0,33.433088206211295
EA,G,2022,1187274.5,36276150.0,32.72879012794908
EA,G,2023,1172598.1,37051129.0,31.648107133253617
EA,G,2024,1176724.3,37163232.0,31.66366961840133
EA12,G,2008,972814.4,36670401.0,26.528600000856276
EA12,G,2009,922135.8,35552983.0,25.93694599409563
EA12,G,2010,931574.5,35354820.0,26.34929268484467
EA12,G,2011,958261.0,35181440.0,27.237685552382164
EA12,G,2012,958747.3,34628929.0,27.68631106090518
EA12,G,2013,959443.5,33955576.0,28.255845225538216
EA12,G,2014,985769.3,33782826.0,29.17959853329026
EA12,G,2015,1026389.2,33889241.0,30.286579743700955
EA12,G,2016,1057353.2,34309866.0,30.817759533074245
EA12,G,2017,1082572.4,34401927.0,31.468365129662647
EA12,G,2018,1097129.1,34577991.0,31.729116361907785
EA12,G,2019,1130203.0,34969406.0,32.31976545440892
EA12,G,2020,1082299.4,31602869.0,34.246871700161144
EA12,G,2021,1149377.5,33480971.0,34.32927617302377
EA12,G,2022,1157602.3,34420172.0,33.631508291126494
EA12,G,2023,1135507.2,34726440.0,32.69863539136174
EA12,G,2024,1138422.0,34803314.0,32.710160877208416
EA19,G,2008,998390.7,38859263.0,25.69247646307651
EA19,G,2009,944481.0,37576923.0,25.13460189382723
EA19,G,2010,954924.2,37322639.0,25.58565593392257
EA19,G,2011,982436.4,37119108.0,26.467133854617412
EA19,G,2012,982532.1,36547677.0,26.88357183412779
EA19,G,2013,982390.1,35835058.0,27.41421822172019
EA19,G,2014,1008875.2,35687762.0,28.26950034020065
EA19,G,2015,1049859.8,35780605.0,29.34158883003795
EA19,G,2016,1081353.2,36232109.0,29.84516302928985
EA19,G,2017,1107922.1,36306077.0,30.516161247606014
EA19,G,2018,1123098.0,36513363.0,30.75854722009583
EA19,G,2019,1157715.7,36913570.0,31.362875495380152
EA19,G,2020,1110307.1,33389039.0,33.25364051358292
EA19,G,2021,1179166.8,35269455.0,33.433088206211295
EA19,G,2022,1187274.5,36276150.0,32.72879012794908
EA19,G,2023,1165975.6,36587090.0,31.868497877256708
EA19,G,2024,1169628.2,36682440.0,31.88523446095734
EA20,G,2008,1003691.9,39327300.0,25.52150541735639
EA20,G,2009,948981.7,38035286.0,24.950034554755288
EA20,G,2010,959517.0,37760873.0,25.4103500202445
EA20,G,2011,987097.1,37526896.0,26.30372360133383
EA20,G,2012,986984.4,37036028.0,26.64930483366089
EA20,G,2013,986734.2,36268192.0,27.206600207697146
EA20,G,2014,1013251.8,36130647.0,28.044108925035303
EA20,G,2015,1054548.1,36226141.0,29.11014176199447
EA20,G,2016,1086174.8,36664540.0,29.624667321613746
EA20,G,2017,1112966.2,36760034.0,30.27652803585546
EA20,G,2018,1128426.0,36943321.0,30.54479049135837
EA20,G,2019,1163311.8,37355910.0,31.141305351683307
EA20,G,2020,1115593.5,33835025.0,32.971558318635786
EA20,G,2021,1185210.8,35713855.0,33.186302626809685
EA20,G,2022,1193693.0,36734059.0,32.495537724268374
EA20,G,2023,1172598.1,37051129.0,31.648107133253617
EA20,G,2024,1176724.3,37163232.0,31.66366961840133
EE,G,2008,1863.3,172769.0,10.784920905949562
EE,G,2009,1403.9,165884.0,8.463142919148321
EE,G,2010,1496.3,156338.0,9.570929652419757
EE,G,2011,1639.0,155259.0,10.556553887375289
EE,G,2012,1693.9,155029.0,10.926342813280096
EE,G,2013,1719.5,152947.0,11.242456537231853
EE,G,2014,1796.2,154516.0,11.624686116648116
EE,G,2015,1801.6,154867.0,11.633207849315864
EE,G,2016,1889.3,157943.0,11.96191030941542
EE,G,2017,2082.2,158947.0,13.099964138989725
EE,G,2018,2121.0,158791.0,13.357180192832088
EE,G,2019,2049.6,152111.0,13.474370689825193
EE,G,2020,1966.6,147196.0,13.360417402646812
EE,G,2021,2255.3,146401.0,15.404949419744401
EE,G,2022,2166.8,149471.0,14.496457506807342
EE,G,2023,2014.7,156124.0,12.904486177653661
EE,G,2024,1952.9,161843.0,12.066632477153785
EL,G,2008,26846.0,2229066.0,12.043609296449725
EL,G,2009,26586.6,2177149.0,12.211658457919048
EL,G,2010,24853.0,2089884.0,11.892047596900115
EL,G,2011,21460.1,1963674.0,10.928545165847284
EL,G,2012,18190.8,1846110.0,9.853584022620538
EL,G,2013,16459.8,1776949.0,9.262955774194982
EL,G,2014,16756.3,1733923.0,9.663808600497253
EL,G,2015,17334.9,1658878.0,10.449773883311492
EL,G,2016,17997.7,1719645.0,10.465939190937666
EL,G,2017,18262.2,1711156.0,10.672434307567517
EL,G,2018,18443.9,1769059.0,10.42582525512151
EL,G,2019,17597.4,1803099.0,9.759530674688412
EL,G,2020,17139.3,1621368.0,10.570888286928076
EL,G,2021,17362.9,1789007.0,9.705328151315227
EL,G,2022,17552.6,1835880.0,9.560864544523607
EL,G,2023,17110.2,1839641.0,9.300836413191488
EL,G,2024,17349.5,1863458.0,9.310378876261229
ES,G,2008,119161.6,6638674.0,17.949608611599245
ES,G,2009,116707.9,6236176.0,18.71465782877199
ES,G,2010,119726.0,6204552.0,19.296477811774324
ES,G,2011,119921.4,6124145.0,19.58173753234125
ES,G,2012,118052.8,5956166.0,19.820266930102353
ES,G,2013,119970.0,5835271.0,20.559456450265976
ES,G,2014,121744.4,5819616.0,20.91966205330386
ES,G,2015,130764.1,5934885.0,22.033131223267173
ES,G,2016,137600.8,6065601.0,22.685435458085685
ES,G,2017,139102.4,6101838.0,22.796803192742907
ES,G,2018,143214.6,6090769.0,23.513385583987834
ES,G,2019,146461.8,6377044.0,22.96703613774658
ES,G,2020,134499.3,5559694.0,24.19185300485962
ES,G,2021,143577.6,5893901.0,24.360368455459295
ES,G,2022,143897.9,6070631.0,23.703944449926208
ES,G,2023,150855.6,6259793.0,24.09913554649491
ES,G,2024,154882.5,6287439.0,24.633638592756128
EU27_2020,G,2008,1156863.9,51480954.0,22.47168729623775
EU27_2020,G,2009,1099839.9,49914469.0,22.034490640379243
EU27_2020,G,2010,1114248.7,49488064.0,22.515503940505734
EU27_2020,G,2011,1146744.7,49192570.0,23.311339497001274
EU27_2020,G,2012,1153844.4,48583452.0,23.749740961181594
EU27_2020,G,2013,1153666.0,47695398.0,24.188203650171864
EU27_2020,G,2014,1182293.3,47822935.0,24.722307403341095
EU27_2020,G,2015,1232193.7,48042564.0,25.647958755906533
EU27_2020,G,2016,1269457.7,48633459.0,26.102558323067253
EU27_2020,G,2017,1307578.8,48753939.0,26.819962177825264
EU27_2020,G,2018,1329061.5,48872166.0,27.194651041249124
EU27_2020,G,2019,1369629.3,49501579.0,27.668396193988077
EU27_2020,G,2020,1327100.9,45503726.0,29.164664449676053
EU27_2020,G,2021,1417345.4,47920296.0,29.57714201097589
EU27_2020,G,2022,1414799.4,49097770.0,28.81596048048618
EU27_2020,G,2023,1394930.5,49268565.0,28.312789300845274
EU27_2020,G,2024,1403993.9,49521506.0,28.351195539166355
FI,G,2008,16920.8,515700.0,32.81132441341865
FI,G,2009,15051.1,488300.0,30.823469178783537
FI,G,2010,15427.0,474600.0,32.505267593763165
FI,G,2011,15800.2,473900.0,33.34078919603292
FI,G,2012,16170.8,482700.0,33.50072508804641
FI,G,2013,15511.0,478300.0,32.429437591469785
FI,G,2014,15245.7,473600.0,32.191089527027025
FI,G,2015,14908.7,468900.0,31.795052249946686
FI,G,2016,15642.8,463400.0,33.75658178679326
FI,G,2017,16372.4,452700.0,36.16611442456373
FI,G,2018,16360.1,461200.0,35.47289679098006
FI,G,2019,16516.6,460900.0,35.835539162508134
FI,G,2020,17170.2,439200.0,39.09426229508197
FI,G,2021,17553.2,452600.0,38.783031374281926
FI,G,2022,17020.7,455200.0,37.391695957820744
FI,G,2023,15477.4,445700.0,34.7260489118241
FI,G,2024,15238.6,439000.0,34.7120728929385
FR,G,2008,196440.0,5468140.0,35.924464260242054
FR,G,2009,186871.7,5428921.0,34.4215176459558
FR,G,2010,188267.6,5476890.0,34.3749098484724
FR,G,2011,194528.4,5495169.0,35.39989397960281
FR,G,2012,193762.2,5521310.0,35.09351947273383
FR,G,2013,195390.7,5440258.0,35.91570473312111
FR,G,2014,198796.8,5355447.0,37.12048686132081
FR,G,2015,208564.4,5417967.0,38.49495576477302
FR,G,2016,212336.0,5423877.0,39.14838039284445
FR,G,2017,214926.3,5450599.0,39.43168448091668
FR,G,2018,216468.7,5534359.0,39.113599244284664
FR,G,2019,219744.7,5632219.0,39.01565262288274
FR,G,2020,201565.2,5174863.0,38.95082826347287
FR,G,2021,211491.4,5624473.0,37.60199400014899
FR,G,2022,209357.1,5787542.0,36.17375044535314
FR,G,2023,208629.3,5811685.0,35.89824637777168
FR,G,2024,208777.1,5869592.0,35.569269550592274
HR,G,2008,5298.7,468037.0,11.321113501710334
HR,G,2009,4499.5,458363.0,9.816455516697465
HR,G,2010,4592.8,438233.0,10.480269628257115
HR,G,2011,4660.7,407788.0,11.429223027651624
HR,G,2012,4448.2,488352.0,9.108593801192583
HR,G,2013,4340.9,433135.0,10.022048552991562
HR,G,2014,4373.7,442885.0,9.875475574923513
HR,G,2015,4686.1,445536.0,10.517893054657762
HR,G,2016,4819.3,432432.0,11.144642394642394
HR,G,2017,5046.9,453957.0,11.117572809759514
HR,G,2018,5341.9,429959.0,12.424207889589471
HR,G,2019,5615.1,442340.0,12.694081475787856
HR,G,2020,5300.8,445986.0,11.885574883516524
HR,G,2021,6102.9,444400.0,13.732898289828983
HR,G,2022,6530.3,457909.0,14.261130486625072
HR,G,2023,6783.9,464039.0,14.619245365152498
HR,G,2024,7264.6,480793.0,15.109620980338732
HU,G,2008,10326.1,1069092.0,9.658757150928079
HU,G,2009,8440.8,1007092.0,8.381359399141289
HU,G,2010,8316.8,1002036.0,8.299901400748075
HU,G,2011,8449.3,972408.0,8.689048218443286
HU,G,2012,8411.2,945642.0,8.894697993532438
HU,G,2013,9163.1,979337.0,9.356431953454225
HU,G,2014,9724.2,1038378.0,9.364797790400027
HU,G,2015,9964.9,1058611.0,9.41318387963095
HU,G,2016,10235.6,1054123.0,9.71006229823275
HU,G,2017,10878.8,1079947.0,10.073457308553104
HU,G,2018,12145.2,1068291.0,11.368812430320952
HU,G,2019,12642.9,1101441.0,11.478508608268623
HU,G,2020,13004.0,1028403.0,12.644848371698645
HU,G,2021,14584.3,1077274.0,13.5381527819292
HU,G,2022,14515.4,1112995.0,13.041747716746258
HU,G,2023,14032.0,1094674.0,12.81842813476889
HU,G,2024,14070.0,1096107.0,12.836338058237015
IE,G,2008,18035.8,537731.0,33.54056210261265
IE,G,2009,15707.2,457861.0,34.30560803387928
IE,G,2010,15871.1,447472.0,35.46836450101906
IE,G,2011,15615.3,439908.0,35.496740227502116
IE,G,2012,15400.6,437130.0,35.2311669297463
IE,G,2013,15517.5,451190.0,34.392384582991646
IE,G,2014,16590.0,460024.0,36.06333582595691
IE,G,2015,17834.5,464615.0,38.38554502114654
IE,G,2016,19070.2,479215.0,39.794664190394705
IE,G,2017,19969.8,496823.0,40.19499902379721
IE,G,2018,20684.6,497579.0,41.57048428490752
IE,G,2019,21172.8,500374.0,42.31394916602381
IE,G,2020,20160.1,466044.0,43.257932727381956
IE,G,2021,23687.1,471476.0,50.240309156775744
IE,G,2022,24999.5,503666.0,49.63507562551373
IE,G,2023,25741.0,515533.0,49.93084826771516
IE,G,2024,25530.8,493127.0,51.77327544425675
IS,G,2008,878.9,36155.0,24.30922417369658
IS,G,2009,792.3,29506.0,26.852165661221445
IS,G,2010,761.6,29133.0,26.1421755397659
IS,G,2011,799.0,29557.0,27.03251344859086
IS,G,2012,790.3,30133.0,26.22706003384993
IS,G,2013,818.3,30431.0,26.890342085373465
IS,G,2014,867.1,30811.0,28.14254649313557
IS,G,2015,936.1,31207.0,29.996475149806134
IS,G,2016,1036.3,32803.0,31.591622717434383
IS,G,2017,1098.8,34017.0,32.30149631066819
IS,G,2018,1093.0,33691.0,32.44189842984773
IS,G,2019,1082.7,33150.0,32.6606334841629
IS,G,2020,1072.8,30765.0,34.87079473427596
IS,G,2021,1138.4,31351.0,36.31144142132628
IS,G,2022,1226.9,32395.0,37.873128569223645
IS,G,2023,1266.1,33519.0,37.772606581341925
IT,G,2008,166903.9,7382384.0,22.60840129692522
IT,G,2009,154681.7,7219667.0,21.425046335239564
IT,G,2010,163201.3,7185826.0,22.711557446562164
IT,G,2011,170070.7,7187593.0,23.661704272904714
IT,G,2012,169361.8,7064178.0,23.974735630953802
IT,G,2013,171295.4,6834381.0,25.063776807292424
IT,G,2014,177702.2,6742539.0,26.35538333556543
IT,G,2015,185987.1,6732600.0,27.624855182247572
IT,G,2016,189649.4,6820876.0,27.80425857323898
IT,G,2017,193149.5,6858408.0,28.16243944658877
IT,G,2018,196601.1,6812793.0,28.857635921126622
IT,G,2019,203592.9,6812411.0,29.885586762161005
IT,G,2020,186464.7,5793161.0,32.18703916566448
IT,G,2021,212807.7,6358543.0,33.46799730693022
IT,G,2022,219149.1,6547966.0,33.46827091038652
IT,G,2023,213680.8,6724894.0,31.774597488079362
IT,G,2024,213337.0,6822098.0,31.271465170978196
LT,G,2008,5467.7,502888.0,10.872599863190212
LT,G,2009,4289.0,448674.0,9.559279120252121
LT,G,2010,4327.8,435982.0,9.92655660096059
LT,G,2011,4729.4,423656.0,11.163302301867551
LT,G,2012,5061.1,422515.0,11.978509638711053
LT,G,2013,5233.8,422797.0,12.378990390187253
LT,G,2014,5365.9,439299.0,12.214687490752311
LT,G,2015,5571.3,429832.0,12.961575685384059
LT,G,2016,5778.5,449447.0,12.856910825970582
LT,G,2017,5975.1,432516.0,13.814749049746137
LT,G,2018,6232.5,446407.0,13.961474618453565
LT,G,2019,6413.4,438660.0,14.620434961017644
LT,G,2020,6499.4,399423.0,16.2719723200717
LT,G,2021,6914.9,382240.0,18.090466722478023
LT,G,2022,6907.1,391475.0,17.64378312791366
LT,G,2023,6689.2,393821.0,16.985381683556742
LT,G,2024,6865.2,391614.0,17.530527509231028
LU,G,2008,3490.0,67438.0,51.751238174323085
LU,G,2009,3162.5,65704.0,48.13253378789724
LU,G,2010,3695.6,67455.0,54.786153732117704
LU,G,2011,4345.9,69489.0,62.54083380103326
LU,G,2012,3880.8,71069.0,54.60608704217029
LU,G,2013,3901.6,71692.0,54.42169279696479
LU,G,2014,3844.4,73181.0,52.53276123583991
LU,G,2015,3521.0,73922.0,47.631287032277264
LU,G,2016,3676.1,74418.0,49.397995108710255
LU,G,2017,3778.7,74930.0,50.429734418790865
LU,G,2018,3512.0,76081.0,46.1613280582537
LU,G,2019,3499.2,78385.0,44.64119410601518
LU,G,2020,3443.5,68824.0,50.03341857491573
LU,G,2021,3311.2,76443.0,43.315934748767056
LU,G,2022,2936.0,77225.0,38.01877630301068
LU,G,2023,3275.9,78086.0,41.95246266936454
LU,G,2024,2992.8,78318.0,38.21343752394086
LV,G,2008,3051.5,381278.0,8.003346639459922
LV,G,2009,2613.8,304105.0,8.595057628121866
LV,G,2010,2552.0,280599.0,9.094829275941823
LV,G,2011,2453.0,263496.0,9.309439232474118
LV,G,2012,2645.9,262244.0,10.089458672076386
LV,G,2013,2678.9,265526.0,10.089030829372643
LV,G,2014,2826.9,265261.0,10.65705097997821
LV,G,2015,3024.1,261287.0,11.573863223199012
LV,G,2016,3157.8,261295.0,12.08519106756731
LV,G,2017,3240.6,253218.0,12.797668412198185
LV,G,2018,3362.8,258608.0,13.003464703334776
LV,G,2019,3437.1,269950.0,12.732357844045193
LV,G,2020,3292.9,259549.0,12.687007077661637
LV,G,2021,3940.2,253860.0,15.521153391633183
LV,G,2022,4160.9,264715.0,15.718414143512833
LV,G,2023,4257.9,258968.0,16.441799759043587
LV,G,2024,4293.4,268551.0,15.987279883523053
MT,G,2008,573.0,53912.0,10.62843151802938
MT,G,2009,549.2,54471.0,10.08242918250078
MT,G,2010,617.3,52124.0,11.842913053487836
MT,G,2011,625.4,51555.0,12.130734167394046
MT,G,2012,674.8,52423.0,12.87221257844839
MT,G,2013,743.9,55516.0,13.399740615318105
MT,G,2014,807.4,56778.0,14.220296593751101
MT,G,2015,887.7,58221.0,15.247075797392695
MT,G,2016,862.5,61885.0,13.937141472085319
MT,G,2017,950.6,62888.0,15.115761353517366
MT,G,2018,1017.3,69002.0,14.743050926060112
MT,G,2019,1087.6,73516.0,14.794058436258773
MT,G,2020,1004.8,63509.0,15.821379646979167
MT,G,2021,1058.2,68524.0,15.442764578833694
MT,G,2022,1147.8,73406.0,15.636324006212025
MT,G,2023,1159.6,79791.0,14.532967377273126
MT,G,2024,1132.4,83306.0,13.593258588817132
NL,G,2008,73481.3,2000357.0,36.73409296440585
NL,G,2009,69020.3,1945301.0,35.48052460775993
NL,G,2010,72006.0,1931213.0,37.285374528858284
NL,G,2011,75356.0,1942320.0,38.79690267309197
NL,G,2012,75104.0,1925211.0,39.01078894728941
NL,G,2013,76440.0,1887784.0,40.49192068584118
NL,G,2014,78658.9,1894451.0,41.5206833008613
NL,G,2015,81288.8,1908579.0,42.59126816338229
NL,G,2016,84043.2,1947389.0,43.15686285585468
NL,G,2017,86527.9,1973770.0,43.83889713593782
NL,G,2018,89729.3,2008547.0,44.67373678584569
NL,G,2019,93658.6,2043987.0,45.821524305193726
NL,G,2020,93263.0,1968494.0,47.37784316335229
NL,G,2021,102105.8,2010750.0,50.779957727216214
NL,G,2022,101676.6,2082059.0,48.834639172088785
NL,G,2023,99581.9,2089847.0,47.650330383037605
NL,G,2024,101062.3,2104334.0,48.025788681834726
NO,G,2008,22307.7,470230.0,47.439976181868445
NO,G,2009,21620.6,456500.0,47.361664841182915
NO,G,2010,22722.4,454970.0,49.94263358023606
NO,G,2011,23140.0,452770.0,51.107626388674156
NO,G,2012,24323.4,458080.0,53.09858539993015
NO,G,2013,24640.6,455390.0,54.108785875842685
NO,G,2014,25966.3,456700.0,56.85636084957302
NO,G,2015,26949.6,461440.0,58.40325936199722
NO,G,2016,27738.9,462844.0,59.931423978705574
NO,G,2017,28388.2,461690.0,61.48757824514284
NO,G,2018,29095.2,458304.0,63.484499371596144
NO,G,2019,30009.8,453652.0,66.15158756050893
NO,G,2020,31828.6,439374.0,72.44079076140144
NO,G,2021,32924.8,448466.0,73.41649088225195
NO,G,2022,33335.7,454890.0,73.28299149244872
NO,G,2023,32849.1,455294.0,72.14920468971697
NO,G,2024,33043.3,448933.0,73.60407900510766
PL,G,2008,54842.4,5024385.0,10.915246343582348
PL,G,2009,58277.9,4976617.0,11.710344597544879
PL,G,2010,57208.3,4857660.0,11.77692551557746
PL,G,2011,57110.1,4796931.0,11.905549610782392
PL,G,2012,58901.1,4749296.0,12.402069696224451
PL,G,2013,58660.8,4633802.0,12.659323812282011
PL,G,2014,56105.3,4791571.0,11.709165949956706
PL,G,2015,59500.6,4853766.0,12.258646172889257
PL,G,2016,61950.6,4892343.0,12.66276710361477
PL,G,2017,67200.5,4775212.0,14.072778339474771
PL,G,2018,69049.7,4613129.0,14.968083485200609
PL,G,2019,71529.9,4782471.0,14.956682434666096
PL,G,2020,69827.2,4570450.0,15.277970440547428
PL,G,2021,77873.2,4830377.0,16.121557385686458
PL,G,2022,79913.8,4800661.0,16.64641598313232
PL,G,2023,80200.6,4755185.0,16.865926351971588
PL,G,2024,82180.4,4593507.0,17.890557258321365
PT,G,2008,20696.3,1516197.0,13.650139130996829
PT,G,2009,20555.3,1472793.0,13.956679587694945
PT,G,2010,20985.2,1452660.0,14.446050693211076
PT,G,2011,21170.7,1406141.0,15.05588699853002
PT,G,2012,20893.4,1337789.0,15.617859019621182
PT,G,2013,21711.4,1293120.0,16.78993442217273
PT,G,2014,22548.9,1359844.0,16.581975579551774
PT,G,2015,23104.2,1384650.0,16.68594951792872
PT,G,2016,23926.1,1417439.0,16.879809289853036
PT,G,2017,24274.0,1420320.0,17.090514813563143
PT,G,2018,24655.9,1403172.0,17.571545042232884
PT,G,2019,25264.5,1370772.0,18.430855021841705
PT,G,2020,23434.8,1205674.0,19.437094936110423
PT,G,2021,24660.4,1326505.0,18.59050663208959
PT,G,2022,25148.1,1404597.0,17.904139051984306
PT,G,2023,25465.6,1439674.0,17.688448912739965
PT,G,2024,25905.8,1464838.0,17.68509555322841
RO,G,2008,6754.9,2231607.0,3.026921854968191
RO,G,2009,5804.2,2108967.0,2.752153068303108
RO,G,2010,6066.3,2045152.0,2.966185398444712
RO,G,2011,8467.5,2070497.0,4.089597811539934
RO,G,2012,16588.1,2100628.0,7.896733738672435
RO,G,2013,11831.7,2082874.0,5.680468429679377
RO,G,2014,11383.8,2097813.0,5.426508463814458
RO,G,2015,11849.7,2141386.0,5.533659041387214
RO,G,2016,12224.1,2211444.0,5.527655233413101
RO,G,2017,12919.1,2302924.0,5.609868150229882
RO,G,2018,14443.6,2368185.0,6.09901675755906
RO,G,2019,14421.2,2427895.0,5.93979558424067
RO,G,2020,16033.4,2449700.0,6.545046332203943
RO,G,2021,19676.1,2591494.0,7.592570154513187
RO,G,2022,19855.9,2598812.0,7.640375679348872
RO,G,2023,19083.4,2507123.0,7.611672821796139
RO,G,2024,19133.1,2733938.0,6.998366458932133
RS,G,2008,2955.5,707756.0,4.175874171324581
RS,G,2009,3077.8,680038.0,4.525923551330955
RS,G,2010,3118.2,652253.0,4.780660265265165
RS,G,2011,2913.5,614855.0,4.738515584975319
RS,G,2012,2835.4,631417.0,4.490534781293504
RS,G,2013,2503.2,605993.0,4.13074078413447
RS,G,2014,2454.6,613524.0,4.000821483756137
RS,G,2015,2607.2,650974.0,4.005075471524208
RS,G,2016,2727.2,662377.0,4.117292720006883
RS,G,2017,2885.5,683374.0,4.222431640653581
RS,G,2018,3157.2,691946.0,4.562783801048059
RS,G,2019,3429.9,692577.0,4.952373526698114
RS,G,2020,3497.0,696834.0,5.018411845575848
RS,G,2021,3924.3,703797.0,5.575897595471422
RS,G,2022,3775.7,704926.0,5.35616504427415
RS,G,2023,3925.1,701319.0,5.596739857325981
RS,G,2024,4167.0,706205.0,5.900552955586551
SE,G,2008,36712.4,906740.0,40.488342854622054
SE,G,2009,36725.8,901260.0,40.749395291037
SE,G,2010,38137.1,926230.0,41.17454627900197
SE,G,2011,39546.9,949050.0,41.66998577524893
SE,G,2012,39622.5,936030.0,42.33037402647351
SE,G,2013,42284.8,929070.0,45.513039921642076
SE,G,2014,44854.2,951950.0,47.118230999527285
SE,G,2015,46199.4,963940.0,47.92767184679544
SE,G,2016,47864.1,979870.0,48.847398124240975
SE,G,2017,49967.9,996080.0,50.164545016464544
SE,G,2018,48102.8,1015270.0,47.3793178169354
SE,G,2019,50535.7,1003810.0,50.34388977993843
SE,G,2020,51717.5,946190.0,54.658683773872056
SE,G,2021,55232.1,971490.0,56.85297841460025
SE,G,2022,46910.9,1031320.0,45.486270022883296
SE,G,2023,47918.2,1025000.0,46.74946341463414
SE,G,2024,48777.1,1040670.0,46.87086204080064
SI,G,2008,4219.7,201785.0,20.91186163490844
SI,G,2009,3903.7,203773.0,19.1571012842722
SI,G,2010,3808.0,202619.0,18.793893958611978
SI,G,2011,3874.1,195409.0,19.825596569247068
SI,G,2012,3676.1,191419.0,19.20446768607087
SI,G,2013,3725.5,187787.0,19.83896648862807
SI,G,2014,3851.1,190029.0,20.26585415910203
SI,G,2015,4058.8,191704.0,21.17222384509452
SI,G,2016,4278.6,189212.0,22.612730693613514
SI,G,2017,4544.6,191473.0,23.73493912979898
SI,G,2018,4777.5,192432.0,24.826951858318782
SI,G,2019,4931.9,195974.0,25.16609346137753
SI,G,2020,4943.6,185860.0,26.59851501129883
SI,G,2021,5316.1,192507.0,27.615099710659877
SI,G,2022,5053.7,200424.0,25.215044106494233
SI,G,2023,4923.6,197931.0,24.87533534413508
SI,G,2024,5090.0,201265.0,25.29004049387623
SK,G,2008,8397.3,730158.0,11.500661500661499
SK,G,2009,7638.6,723187.0,10.56241331771727
SK,G,2010,8599.3,716154.0,12.00761288773085
SK,G,2011,8951.9,716608.0,12.492045860498347
SK,G,2012,8194.6,716031.0,11.444476565958738
SK,G,2013,7294.8,684692.0,10.654133537415364
SK,G,2014,6924.8,685507.0,10.101720332542191
SK,G,2015,6612.6,682200.0,9.693051890941074
SK,G,2016,6429.4,682678.0,9.417910054227615
SK,G,2017,6657.5,680240.0,9.786986945783841
SK,G,2018,6436.8,677940.0,9.494645543853439
SK,G,2019,7384.8,669817.0,11.02510088576432
SK,G,2020,7925.8,604054.0,13.121012359822135
SK,G,2021,7371.7,605567.0,12.17321947860435
SK,G,2022,7367.0,629894.0,11.695618627896122
SK,G,2023,8530.4,627604.0,13.592010248500648
SK,G,2024,8794.0,620062.0,14.182452722469689
UK,G,2008,196269.1,7482748.0,26.229548288944116
UK,G,2009,185298.3,7201544.0,25.73035726783034
UK,G,2010,187397.4,7129089.0,26.286303902223693
UK,G,2011,190090.5,7183186.0,26.463257390244387
UK,G,2012,191848.7,7315942.0,26.223376292485643
UK,G,2013,202049.7,7449692.0,27.121886381343014
UK,G,2014,210404.7,7555972.0,27.846146068302
UK,G,2015,217785.5,7564827.0,28.78922412898537
UK,G,2016,225500.1,7566286.0,29.803274684567832
UK,G,2017,229820.7,7660774.0,29.99967105151516
UK,G,2018,237038.8,7641038.0,31.021806199628895
AT,H,2008,15762.7,403165.0,39.09739188669651
AT,H,2009,14517.7,385427.0,37.666536075573326
AT,H,2010,14621.5,380093.0,38.46821698900006
AT,H,2011,15202.7,385293.0,39.45750376985826
AT,H,2012,15267.6,371939.0,41.04866658242346
AT,H,2013,15189.2,365493.0,41.558114656094645
AT,H,2014,15608.4,366612.0,42.574711138751596
AT,H,2015,15630.0,363805.0,42.96257610533116
AT,H,2016,16008.9,381179.0,41.998378714462234
AT,H,2017,16652.6,378467.0,44.000137396391224
AT,H,2018,17033.8,383725.0,44.390644341650926
AT,H,2019,17136.3,389087.0,44.04233500476757
AT,H,2020,15359.7,351176.0,43.73789780622822
AT,H,2021,15078.7,358961.0,42.006513242385665
AT,H,2022,18006.4,370722.0,48.57116653449216
AT,H,2023,18018.3,368039.0,48.95758329959597
AT,H,2024,17749.6,382974.0,46.34674938768689
BE,H,2008,19833.5,405854.0,48.868558644241524
BE,H,2009,19327.5,406177.0,47.58393508248867
BE,H,2010,19586.5,399870.0,48.98216920499162
BE,H,2011,19614.3,398507.0,49.21946164057344
BE,H,2012,19569.6,390521.0,50.1115176904699
BE,H,2013,18966.7,381570.0,49.70700002620751
BE,H,2014,19497.2,376204.0,51.8261368831804
BE,H,2015,20356.5,380041.0,53.5639575729987
BE,H,2016,19885.4,380967.0,52.19717193352705
BE,H,2017,20178.7,387759.0,52.039282131426994
BE,H,2018,20701.8,396621.0,52.1954208173546
BE,H,2019,20654.5,406018.0,50.8708973493786
BE,H,2020,18931.6,383982.0,49.30335276132735
BE,H,2021,19712.4,403142.0,48.896914734758475
BE,H,2022,20237.1,418416.0,48.36598026844097
BE,H,2023,20812.2,423786.0,49.11016409225411
BE,H,2024,20360.7,421604.0,48.29342226354589
BG,H,2008,2167.6,358488.0,6.046506438151347
BG,H,2009,2031.6,345193.0,5.885403238188491
BG,H,2010,2104.1,334348.0,6.293143670666491
BG,H,2011,1949.3,333915.0,5.837713190482607
BG,H,2012,1837.3,326874.0,5.620820254899441
BG,H,2013,1911.8,322801.0,5.922534316808188
BG,H,2014,2048.1,322423.0,6.352214327141674
BG,H,2015,2200.6,335894.0,6.55147159520563
BG,H,2016,2214.4,357761.0,6.1896070281556685
BG,H,2017,2089.9,357431.0,5.8470026382714435
BG,H,2018,2077.8,366377.0,5.671207526673345
BG,H,2019,2174.3,362400.0,5.999724061810155
BG,H,2020,1796.5,335494.0,5.354790249602079
BG,H,2021,2024.9,355257.0,5.699817315351985
BG,H,2022,2322.8,369587.0,6.284853092776532
BG,H,2023,2237.3,377967.0,5.919299833054209
BG,H,2024,2386.3,352857.0,6.762796260241401
CH,H,2008,17161.3,396639.0,43.26679928095825
CH,H,2009,15956.3,389535.0,40.96242956345386
CH,H,2010,16851.9,364981.0,46.17199251467885
CH,H,2011,17238.1,380350.0,45.321677402392524
CH,H,2012,17747.4,377210.0,47.049123830227195
CH,H,2013,17018.2,374659.0,45.423171470590596
CH,H,2014,17427.0,376569.0,46.27837129450379
CH,H,2015,16955.4,395636.0,42.856059610348915
CH,H,2016,16685.2,393292.0,42.424458163400224
CH,H,2017,16894.1,393202.0,42.965447785107905
CH,H,2018,17543.6,403436.0,43.485459899463606
CH,H,2019,18151.6,409570.0,44.31867568425422
CH,H,2020,14357.4,381341.0,37.64976753089754
CH,H,2021,14677.5,385756.0,38.04866288534721
CH,H,2022,16342.0,401336.0,40.71899854486017
CH,H,2023,17356.9,410112.0,42.32234121410737
CY,H,2008,1141.8,36844.0,30.990120508088154
CY,H,2009,1141.6,35230.0,32.404200965086574
CY,H,2010,1288.9,35133.0,36.68630632169186
CY,H,2011,1375.8,33810.0,40.69210292812777
CY,H,2012,1144.5,33246.0,34.425194008301744
CY,H,2013,1143.2,31584.0,36.19554204660587
CY,H,2014,1128.8,30703.0,36.76513695730059
CY,H,2015,1185.6,28028.0,42.300556586270865
CY,H,2016,1173.2,29667.0,39.54562308288671
CY,H,2017,1199.6,31602.0,37.959622808682994
CY,H,2018,1344.3,33173.0,40.523920055466796
CY,H,2019,1357.4,33971.0,39.957610903417624
CY,H,2020,1075.5,29196.0,36.83723797780518
CY,H,2021,1148.9,33182.0,34.624193840033755
CY,H,2022,1295.9,35454.0,36.55158797314831
CY,H,2023,1309.9,36805.0,35.590273060725444
CY,H,2024,1316.1,37587.0,35.01476574347513
CZ,H,2008,10062.3,581295.0,17.310143730807933
CZ,H,2009,8461.6,559182.0,15.132103680018313
CZ,H,2010,8734.9,566911.0,15.407885893905744
CZ,H,2011,8338.6,557482.0,14.9576129812263
CZ,H,2012,8138.9,551244.0,14.764605147629725
CZ,H,2013,7864.4,549487.0,14.312258524769465
CZ,H,2014,7472.3,563047.0,13.271183400320044
CZ,H,2015,7688.7,569974.0,13.489562681806538
CZ,H,2016,7983.4,578718.0,13.7949744089522
CZ,H,2017,8907.9,583736.0,15.260151849466197
CZ,H,2018,9522.2,594521.0,16.016591508121667
CZ,H,2019,9676.2,590247.0,16.39347595159315
CZ,H,2020,8547.9,544594.0,15.695912918614601
CZ,H,2021,9159.6,555480.0,16.48952257507021
CZ,H,2022,10550.7,576839.0,18.29054554217035
CZ,H,2023,9823.8,584157.0,16.817054319301146
CZ,H,2024,10159.3,594017.0,17.102709181723753
DE,H,2008,113694.7,3010171.0,37.77017983363736
DE,H,2009,108152.2,2923243.0,36.997334809319646
DE,H,2010,108858.0,2933297.0,37.11114149027528
DE,H,2011,111110.3,3008206.0,36.93573511920393
DE,H,2012,109958.2,3005093.0,36.59061466650117
DE,H,2013,114224.1,3009528.0,37.954157595476765
DE,H,2014,110134.7,3068764.0,35.88894421337059
DE,H,2015,110902.7,3130134.0,35.43065568438923
DE,H,2016,109947.8,3186336.0,34.506028240587305
DE,H,2017,112449.2,3248764.0,34.61291740489614
DE,H,2018,119579.8,3351975.0,35.6744307460527
DE,H,2019,118915.5,3390482.0,35.07333175636975
DE,H,2020,103792.9,3234397.0,32.09034017778275
DE,H,2021,115895.2,3315303.0,34.957649421485755
DE,H,2022,124655.3,3366453.0,37.02867677047623
DE,H,2023,125610.2,3374029.0,37.228547828130694
DE,H,2024,127717.2,3376389.0,37.82656560011302
DK,H,2008,14034.9,243048.0,57.74538362792535
DK,H,2009,12068.4,224634.0,53.72472555356714
DK,H,2010,12342.7,218869.0,56.39309358566083
DK,H,2011,13252.4,218917.0,60.53618494680632
DK,H,2012,13211.7,213021.0,62.02064585181743
DK,H,2013,14555.3,212565.0,68.47458424481923
DK,H,2014,13720.4,209956.0,65.34893025205281
DK,H,2015,13409.9,212096.0,63.2256148159324
DK,H,2016,13900.0,218894.0,63.50105530530759
DK,H,2017,14258.2,217469.0,65.56428732371052
DK,H,2018,14481.9,215103.0,67.32542084489756
DK,H,2019,15014.9,215893.0,69.54787788395177
DK,H,2020,12360.2,200044.0,61.78740677051049
DK,H,2021,13778.2,210744.0,65.3788482708879
DK,H,2022,15586.9,225797.0,69.030589423243
DK,H,2023,14631.5,227281.0,64.37625670425597
DK,H,2024,14801.4,224398.0,65.96048093120258
EA,H,2008,421456.9,12256489.0,34.386429914798605
EA,H,2009,397267.2,12055124.0,32.95421930126974
EA,H,2010,410857.3,12039830.0,34.12484229428488
EA,H,2011,416666.4,12205285.0,34.13819505238919
EA,H,2012,412723.4,11968159.0,34.48512005898317
EA,H,2013,408647.8,11803414.0,34.621152829172985
EA,H,2014,410769.1,12068494.0,34.03648375679683
EA,H,2015,411240.9,12352504.0,33.29210822356342
EA,H,2016,411042.7,12592166.0,32.64273199702101
EA,H,2017,428545.6,12805269.0,33.46634889122595
EA,H,2018,438103.0,13077526.0,33.500449549861344
EA,H,2019,446173.3,13347100.0,33.42848259172405
EA,H,2020,369311.2,12164422.0,30.359946407646824
EA,H,2021,409957.5,12895569.0,31.790570854221322
EA,H,2022,453629.4,13475861.0,33.6623685863189
EA,H,2023,455258.1,13871618.0,32.81939424802499
EA,H,2024,460368.5,14052439.0,32.76075420074764
EA12,H,2008,418216.7,12110019.0,34.53476827740732
EA12,H,2009,391309.6,11678470.0,33.50692342404441
EA12,H,2010,404709.2,11658620.0,34.71330226047337
EA12,H,2011,409004.7,11742366.0,34.83154076444219
EA12,H,2012,405197.3,11512936.0,35.194958088883666
EA12,H,2013,401091.0,11341727.0,35.36419100900594
EA12,H,2014,400078.0,11481215.0,34.84631199746717
EA12,H,2015,396397.2,11556049.0,34.30213907884953
EA12,H,2016,396385.2,11782994.0,33.640448259584964
EA12,H,2017,412722.6,11998451.0,34.397990207235914
EA12,H,2018,421218.8,12261486.0,34.35299767091852
EA12,H,2019,428608.2,12492871.0,34.30822266555062
EA12,H,2020,353868.9,11386594.0,31.077677837639598
EA12,H,2021,393493.8,12091753.0,32.54232864333236
EA12,H,2022,436303.1,12656303.0,34.47318699623421
EA12,H,2023,435492.1,12854831.0,33.8776993645424
EA12,H,2024,440871.0,13030502.0,33.83376941272102
EA19,H,2008,431134.7,12946497.0,33.3012628821526
EA19,H,2009,402883.0,12446196.0,32.369970712336524
EA19,H,2010,416534.3,12440764.0,33.481408376527355
EA19,H,2011,421423.2,12534820.0,33.62020356096059
EA19,H,2012,417928.8,12286259.0,34.01595229271986
EA19,H,2013,414075.7,12126173.0,34.14726971155698
EA19,H,2014,414368.1,12274586.0,33.758213922652864
EA19,H,2015,411240.9,12352504.0,33.29210822356342
EA19,H,2016,411042.7,12592166.0,32.64273199702101
EA19,H,2017,428545.6,12805269.0,33.46634889122595
EA19,H,2018,438103.0,13077526.0,33.500449549861344
EA19,H,2019,446173.3,13347100.0,33.42848259172405
EA19,H,2020,369311.2,12164422.0,30.359946407646824
EA19,H,2021,409957.5,12895569.0,31.790570854221322
EA19,H,2022,453629.4,13475861.0,33.6623685863189
EA19,H,2023,452670.0,13687250.0,33.07238488374217
EA19,H,2024,457707.3,13852634.0,33.04117469645123
EA20,H,2008,433185.3,13174850.0,32.879714000538904
EA20,H,2009,404810.3,12669830.0,31.950728620668155
EA20,H,2010,418388.4,12654576.0,33.06222191877468
EA20,H,2011,423227.4,12733778.0,33.23659325614127
EA20,H,2012,419715.5,12469131.0,33.66036494443759
EA20,H,2013,415778.6,12307575.0,33.78233323786367
EA20,H,2014,415951.2,12491557.0,33.298587197736836
EA20,H,2015,412917.7,12547816.0,32.907535462745074
EA20,H,2016,412800.5,12764270.0,32.34031401717451
EA20,H,2017,430468.9,12999371.0,33.11459454461297
EA20,H,2018,440136.0,13257489.0,33.19904696884908
EA20,H,2019,448198.1,13531748.0,33.12196620865242
EA20,H,2020,371302.4,12338037.0,30.09412275226602
EA20,H,2021,412143.1,13075883.0,31.519332193474046
EA20,H,2022,456194.9,13659824.0,33.396835859671405
EA20,H,2023,455258.1,13871618.0,32.81939424802499
EA20,H,2024,460368.5,14052439.0,32.76075420074764
EE,H,2008,1273.0,98884.0,12.873670158974152
EE,H,2009,1124.8,88584.0,12.697552605436648
EE,H,2010,1198.1,87303.0,13.723468838413341
EE,H,2011,1263.3,89439.0,14.124710696675946
EE,H,2012,1293.1,91362.0,14.153586830410893
EE,H,2013,1294.9,91070.0,14.218732842868123
EE,H,2014,1334.9,86783.0,15.382044870539163
EE,H,2015,1293.5,89174.0,14.505349092784892
EE,H,2016,1296.5,90273.0,14.36199084997729
EE,H,2017,1357.3,93396.0,14.532742301597498
EE,H,2018,1498.0,92545.0,16.18671997406667
EE,H,2019,1583.3,85004.0,18.626182297303654
EE,H,2020,1244.5,80667.0,15.427622199908265
EE,H,2021,1420.3,77607.0,18.30118417153092
EE,H,2022,1489.0,78685.0,18.923555950943634
EE,H,2023,1240.6,80737.0,15.36594126608618
EE,H,2024,1231.9,84737.0,14.53792322126108
EL,H,2008,17611.2,572938.0,30.73840450450136
EL,H,2009,13949.2,548624.0,25.425792528216046
EL,H,2010,14199.3,535361.0,26.522850936097324
EL,H,2011,12569.7,543733.0,23.117412406456847
EL,H,2012,11967.5,531863.0,22.50109520684838
EL,H,2013,11113.2,532423.0,20.872877392599495
EL,H,2014,11517.6,576982.0,19.961801234700562
EL,H,2015,8547.1,552635.0,15.466085209948702
EL,H,2016,7653.5,566719.0,13.504929250651557
EL,H,2017,8845.9,571453.0,15.479663244396301
EL,H,2018,9834.9,584503.0,16.826089857537085
EL,H,2019,9681.9,576271.0,16.800949553248383
EL,H,2020,6881.0,516394.0,13.325096728467022
EL,H,2021,8028.3,551122.0,14.567192019189944
EL,H,2022,8390.4,589561.0,14.231606229041608
EL,H,2023,8672.0,585595.0,14.808869611250095
EL,H,2024,8743.1,598652.0,14.604645102663985
ES,H,2008,43654.2,1726490.0,25.28494228173925
ES,H,2009,41518.4,1649791.0,25.16585434154993
ES,H,2010,43578.0,1666049.0,26.15649359652687
ES,H,2011,44469.1,1613046.0,27.568401645086375
ES,H,2012,43762.7,1528351.0,28.633932912007776
ES,H,2013,41391.4,1452996.0,28.486933205597264
ES,H,2014,43056.3,1473351.0,29.223382615547823
ES,H,2015,45024.9,1483782.0,30.344686753175335
ES,H,2016,43049.3,1514948.0,28.416354884788127
ES,H,2017,45277.9,1569454.0,28.849459748422063
ES,H,2018,47307.8,1588671.0,29.778223433297395
ES,H,2019,48521.8,1638892.0,29.606465831793678
ES,H,2020,35161.8,1454275.0,24.178233140224513
ES,H,2021,40617.7,1554166.0,26.13472434733484
ES,H,2022,49844.4,1730731.0,28.799622818335145
ES,H,2023,49238.7,1798112.0,27.383555640583012
ES,H,2024,52199.9,1849168.0,28.228857518624594
EU27_2020,H,2008,511879.1,18160099.0,28.1870214474051
EU27_2020,H,2009,477093.0,17520955.0,27.22985134086584
EU27_2020,H,2010,491606.9,17391808.0,28.26657814989678
EU27_2020,H,2011,497882.8,17490846.0,28.465335524651007
EU27_2020,H,2012,497933.4,17224712.0,28.908082759235686
EU27_2020,H,2013,496368.5,17107834.0,29.014105467705612
EU27_2020,H,2014,496735.1,17307180.0,28.701099774775553
EU27_2020,H,2015,494159.4,17512363.0,28.217745372226467
EU27_2020,H,2016,497503.9,17855617.0,27.862599203376732
EU27_2020,H,2017,520889.6,18223139.0,28.58396679079274
EU27_2020,H,2018,535798.0,18557622.0,28.87212596527723
EU27_2020,H,2019,546579.1,18891053.0,28.933225691548266
EU27_2020,H,2020,456456.4,17644305.0,25.869899664509315
EU27_2020,H,2021,503828.5,18700774.0,26.94158541245405
EU27_2020,H,2022,558813.6,19277637.0,28.987660676461537
EU27_2020,H,2023,556558.6,19513763.0,28.521336453660936
EU27_2020,H,2024,563176.4,19732735.0,28.5402099607581
FI,H,2008,9090.8,286200.0,31.763801537386442
FI,H,2009,7891.1,281700.0,28.012424565140222
FI,H,2010,8462.0,277800.0,30.460763138948884
FI,H,2011,9003.9,264900.0,33.989807474518685
FI,H,2012,9188.9,259700.0,35.38274932614555
FI,H,2013,9163.7,253900.0,36.091768412760935
FI,H,2014,8806.8,250100.0,35.213114754098356
FI,H,2015,8392.9,248200.0,33.81506849315068
FI,H,2016,8417.2,243800.0,34.52502050861362
FI,H,2017,8618.0,242300.0,35.56747833264548
FI,H,2018,8587.2,245300.0,35.006930289441506
FI,H,2019,8688.1,248400.0,34.97624798711755
FI,H,2020,6672.8,223400.0,29.869292748433303
FI,H,2021,6884.0,222600.0,30.92542677448338
FI,H,2022,7023.2,232800.0,30.168384879725085
FI,H,2023,6790.5,228600.0,29.704724409448822
FI,H,2024,6791.5,234000.0,29.023504273504273
FR,H,2008,79771.1,2245764.0,35.52069585228012
FR,H,2009,74640.9,2146237.0,34.777566503606074
FR,H,2010,81155.4,2148116.0,37.779803325332516
FR,H,2011,82543.4,2187684.0,37.730952002208724
FR,H,2012,84124.1,2167847.0,38.80536772198407
FR,H,2013,82520.3,2128402.0,38.771012242987936
FR,H,2014,83223.9,2133102.0,39.01543386110931
FR,H,2015,80354.7,2130639.0,37.71389709847609
FR,H,2016,81374.5,2155574.0,37.750733679289134
FR,H,2017,83629.4,2166420.0,38.602579370574496
FR,H,2018,80701.7,2210774.0,36.50382173844997
FR,H,2019,84082.1,2281697.0,36.85068613404847
FR,H,2020,68999.6,2115497.0,32.61625991433692
FR,H,2021,78890.5,2317352.0,34.04338227425095
FR,H,2022,90843.6,2398244.0,37.879214958944964
FR,H,2023,87946.8,2403892.0,36.585171047617784
FR,H,2024,88437.1,2438473.0,36.26740997337268
HR,H,2008,2054.1,228354.0,8.99524422607005
HR,H,2009,1929.8,223634.0,8.629278195623206
HR,H,2010,1854.1,213812.0,8.671636765008511
HR,H,2011,1804.2,198959.0,9.068199980900587
HR,H,2012,1786.7,182872.0,9.770221794479198
HR,H,2013,1701.3,181403.0,9.378565955359063
HR,H,2014,1580.9,216971.0,7.2862271916523405
HR,H,2015,1676.1,195312.0,8.58165396903416
HR,H,2016,1761.2,172104.0,10.233347278389811
HR,H,2017,1927.6,194102.0,9.93086109365179
HR,H,2018,2036.2,179963.0,11.314547990420253
HR,H,2019,2029.5,184648.0,10.99118322429704
HR,H,2020,1991.1,173615.0,11.468479106068024
HR,H,2021,2184.0,180313.0,12.112271439108662
HR,H,2022,2576.8,183962.0,14.007240625781412
HR,H,2023,2601.7,184367.0,14.111527551025942
HR,H,2024,2673.4,199805.0,13.380045544405796
HU,H,2008,5236.7,432589.0,12.105485807544806
HU,H,2009,4868.9,442140.0,11.012122857013615
HU,H,2010,5081.3,417738.0,12.16384432347548
HU,H,2011,5133.9,436471.0,11.762293485706953
HU,H,2012,5270.5,454657.0,11.59225526055906
HU,H,2013,5256.6,443327.0,11.857161869229712
HU,H,2014,5416.0,443855.0,12.202183145396582
HU,H,2015,5484.1,452262.0,12.125935851342806
HU,H,2016,5765.9,473225.0,12.184267526018278
HU,H,2017,5884.1,485635.0,12.116301337424197
HU,H,2018,6285.3,487219.0,12.900358976148304
HU,H,2019,6726.2,488753.0,13.761961563407283
HU,H,2020,6101.0,447289.0,13.639950904225232
HU,H,2021,6393.0,459604.0,13.90980061096074
HU,H,2022,7300.5,477827.0,15.27854223390474
HU,H,2023,7050.2,471367.0,14.956923161782646
HU,H,2024,7346.4,463025.0,15.866097942875655
IE,H,2008,6673.5,175831.0,37.95405815811774
IE,H,2009,5934.1,172164.0,34.46771682814062
IE,H,2010,5684.4,165057.0,34.43901197768044
IE,H,2011,6022.5,165210.0,36.453604503359365
IE,H,2012,6058.7,155970.0,38.845290761043785
IE,H,2013,6034.0,156107.0,38.6529752029057
IE,H,2014,6292.1,159692.0,39.40147283520778
IE,H,2015,6639.4,165863.0,40.029421872268074
IE,H,2016,7013.8,175296.0,40.01118108798832
IE,H,2017,7189.1,178917.0,40.181201339168446
IE,H,2018,7590.2,191461.0,39.64358276620303
IE,H,2019,7930.3,201884.0,39.28146856610727
IE,H,2020,4676.6,164996.0,28.34371742345269
IE,H,2021,4782.4,170932.0,27.978377366438114
IE,H,2022,3832.6,206272.0,18.580321129382565
IE,H,2023,4412.1,205681.0,21.45117925330974
IE,H,2024,4594.6,209675.0,21.91296053416001
IS,H,2008,598.7,16992.0,35.23422787193974
IS,H,2009,555.2,14713.0,37.7353360973289
IS,H,2010,555.9,14778.0,37.61672756800649
IS,H,2011,586.6,15412.0,38.06125097326758
IS,H,2012,618.6,15961.0,38.75697011465447
IS,H,2013,690.4,16840.0,40.99762470308788
IS,H,2014,686.3,17541.0,39.12547745282481
IS,H,2015,758.5,18668.0,40.63102635526034
IS,H,2016,873.0,21589.0,40.43725971559591
IS,H,2017,968.8,23626.0,41.00567171759925
IS,H,2018,981.1,24759.0,39.62599458782665
IS,H,2019,918.1,22135.0,41.47729839620511
IS,H,2020,536.2,17337.0,30.928072907654155
IS,H,2021,583.4,16211.0,35.987909444204554
IS,H,2022,809.0,19914.0,40.62468615044692
IS,H,2023,878.0,21705.0,40.451508868924215
IT,H,2008,76868.0,2253026.0,34.1176710788069
IT,H,2009,72422.5,2159057.0,33.54357944232135
IT,H,2010,73744.4,2142283.0,34.42327647654395
IT,H,2011,72898.8,2154026.0,33.843045534269315
IT,H,2012,69582.5,2104770.0,33.059431671869135
IT,H,2013,66941.5,2084760.0,32.109931119169595
IT,H,2014,65948.8,2095501.0,31.47161466398728
IT,H,2015,63963.0,2109389.0,30.322998745134253
IT,H,2016,66447.2,2165902.0,30.6787657059276
IT,H,2017,71067.9,2221783.0,31.986877206279818
IT,H,2018,70510.7,2239182.0,31.489490358532713
IT,H,2019,72735.4,2255016.0,32.254937437250994
IT,H,2020,59730.7,1933374.0,30.89453980450756
IT,H,2021,65337.2,2130557.0,30.66672236415172
IT,H,2022,70531.8,2212848.0,31.873766295741955
IT,H,2023,71223.7,2287241.0,31.139569463821257
IT,H,2024,69901.1,2328469.0,30.020197820971635
LT,H,2008,2976.8,182973.0,16.269067020817282
LT,H,2009,2735.1,166979.0,16.37990405979195
LT,H,2010,2814.6,177338.0,15.871386843203373
LT,H,2011,2947.8,188655.0,15.625347857199653
LT,H,2012,3188.1,191187.0,16.6752969605674
LT,H,2013,3411.6,195011.0,17.494397751921685
LT,H,2014,3555.5,206093.0,17.251920249596058
LT,H,2015,3540.4,206742.0,17.124725503284285
LT,H,2016,3797.9,214882.0,17.674351504546685
LT,H,2017,4205.6,209779.0,20.047764552219242
LT,H,2018,4701.9,201165.0,23.373350234881812
LT,H,2019,5087.6,213410.0,23.83955765896631
LT,H,2020,4883.2,200748.0,24.32502440871142
LT,H,2021,5099.6,218509.0,23.338169137198012
LT,H,2022,4506.3,221481.0,20.34621479946361
LT,H,2023,4540.7,227714.0,19.940363789665984
LT,H,2024,4553.8,214220.0,21.257585659602277
LU,H,2008,1678.3,41573.0,40.36995165131215
LU,H,2009,1630.5,40307.0,40.452030664648824
LU,H,2010,1752.6,40106.0,43.699197127611825
LU,H,2011,1677.3,40003.0,41.92935529835262
LU,H,2012,1624.6,39535.0,41.09270266852156
LU,H,2013,1647.1,39222.0,41.99428891948396
LU,H,2014,1734.2,39273.0,44.157563720622306
LU,H,2015,1873.3,39846.0,47.01350198263314
LU,H,2016,2089.2,40996.0,50.961069372621715
LU,H,2017,2305.8,41786.0,55.18116115445365
LU,H,2018,2378.4,43796.0,54.30632934514568
LU,H,2019,2330.9,45292.0,51.4638346727899
LU,H,2020,2063.8,42486.0,48.57600150637858
LU,H,2021,2502.9,45443.0,55.07778975859868
LU,H,2022,2265.9,46938.0,48.27431931484086
LU,H,2023,1892.8,47496.0,39.85177699174667
LU,H,2024,1868.5,48577.0,38.464705519072815
LV,H,2008,2260.9,167111.0,13.529330804076332
LV,H,2009,1751.7,139728.0,12.536499484713158
LV,H,2010,1664.4,138876.0,11.984792188715113
LV,H,2011,1809.1,140881.0,12.841334175651792
LV,H,2012,2002.9,126913.0,15.781677211948342
LV,H,2013,1982.7,127748.0,15.520399536587657
LV,H,2014,1982.3,131642.0,15.058264079852933
LV,H,2015,2007.6,129242.0,15.533650051840732
LV,H,2016,2039.9,128615.0,15.860513936943592
LV,H,2017,2178.4,121388.0,17.945760701222525
LV,H,2018,2257.8,123852.0,18.22982269159965
LV,H,2019,2208.4,143618.0,15.376902616663651
LV,H,2020,1858.3,126292.0,14.714312862255724
LV,H,2021,1950.3,125673.0,15.518846530280967
LV,H,2022,2017.7,124023.0,16.26875660159809
LV,H,2023,1804.1,122918.0,14.67726451780862
LV,H,2024,1636.8,121080.0,13.518334985133796
MT,H,2008,331.9,18340.0,18.097055616139585
MT,H,2009,339.3,19060.0,17.801678908709338
MT,H,2010,325.4,18584.0,17.509685751183813
MT,H,2011,282.9,17729.0,15.95690676293079
MT,H,2012,308.1,18691.0,16.48386924188112
MT,H,2013,335.6,18920.0,17.73784355179704
MT,H,2014,364.7,18791.0,19.40822734287691
MT,H,2015,438.0,20354.0,21.519111722511543
MT,H,2016,438.5,21865.0,20.05488223187743
MT,H,2017,483.6,22584.0,21.413390010626994
MT,H,2018,536.5,25083.0,21.38898855798748
MT,H,2019,544.2,27863.0,19.53127803897642
MT,H,2020,200.2,23286.0,8.59744052220218
MT,H,2021,587.0,25256.0,23.242001900538487
MT,H,2022,729.2,27911.0,26.125900182723658
MT,H,2023,966.7,30329.0,31.873784166968907
MT,H,2024,1102.8,32122.0,34.331610734076335
NL,H,2008,26526.9,657681.0,40.33399170722585
NL,H,2009,24451.3,638470.0,38.29670932071984
NL,H,2010,25633.0,628986.0,40.75289434105052
NL,H,2011,26567.0,639648.0,41.53378107959377
NL,H,2012,26839.8,631851.0,42.47805257885166
NL,H,2013,26671.1,617585.0,43.18612012921298
NL,H,2014,27372.0,616639.0,44.389018534345055
NL,H,2015,27275.6,618359.0,44.10965151311778
NL,H,2016,26921.7,636779.0,42.277933160484245
NL,H,2017,27992.1,644781.0,43.41334499620801
NL,H,2018,28137.1,665044.0,42.308629203481274
NL,H,2019,28885.4,684053.0,42.22684499592868
NL,H,2020,23737.4,630621.0,37.64130912227789
NL,H,2021,26570.7,669677.0,39.676889007685794
NL,H,2022,30497.1,707354.0,43.11433878934734
NL,H,2023,30218.1,714151.0,42.31332029220711
NL,H,2024,31487.3,722698.0,43.56909801881283
NO,H,2008,16446.5,250310.0,65.70452638727977
NO,H,2009,15759.3,240770.0,65.45375254392158
NO,H,2010,16140.7,247180.0,65.29937697224695
NO,H,2011,16827.1,248380.0,67.74740317255818
NO,H,2012,17019.0,251810.0,67.58667249116397
NO,H,2013,17708.1,251080.0,70.52772024852635
NO,H,2014,17466.7,246720.0,70.79563878080415
NO,H,2015,17457.0,247700.0,70.47638272103352
NO,H,2016,17022.6,247280.0,68.83937237140084
NO,H,2017,17004.1,241555.0,70.39432013413094
NO,H,2018,17350.4,244117.0,71.07411610006677
NO,H,2019,17100.4,245977.0,69.52032100562248
NO,H,2020,10954.4,231076.0,47.406048226557495
NO,H,2021,12270.0,229306.0,53.50928453681979
NO,H,2022,16120.9,241304.0,66.807429632331
NO,H,2023,15963.7,241478.0,66.10829972088555
NO,H,2024,16202.2,242382.0,66.84572286720962
PL,H,2008,18463.3,1996605.0,9.24734737216425
PL,H,2009,17356.2,1956047.0,8.87309967500781
PL,H,2010,19140.4,1909127.0,10.025734275404412
PL,H,2011,19929.6,1924009.0,10.3583715044992
PL,H,2012,21717.7,1947697.0,11.150451019845491
PL,H,2013,22167.0,1979513.0,11.198208852379347
PL,H,2014,22130.7,1988638.0,11.128571414204092
PL,H,2015,21840.0,2029500.0,10.761271249076128
PL,H,2016,22351.3,2088522.0,10.701970101344395
PL,H,2017,25125.1,2178616.0,11.532596841297408
PL,H,2018,28235.7,2196310.0,12.855972062231652
PL,H,2019,28960.7,2245064.0,12.899721344246757
PL,H,2020,26277.5,2363511.0,11.117993527425936
PL,H,2021,29312.0,2539164.0,11.543956987417905
PL,H,2022,31810.5,2454330.0,12.960971018567186
PL,H,2023,32014.9,2461465.0,13.00644128598213
PL,H,2024,32454.6,2485488.0,13.057636971089781
PT,H,2008,7445.2,331326.0,22.470919879514437
PT,H,2009,7016.1,327272.0,21.438130973624386
PT,H,2010,7446.8,341604.0,21.799510544373017
PT,H,2011,7355.4,342110.0,21.500102306275757
PT,H,2012,7261.0,325496.0,22.30749379408656
PT,H,2013,7130.7,319740.0,22.301557515481328
PT,H,2014,6898.4,324994.0,21.226238022855807
PT,H,2015,6959.0,333357.0,20.875517838233485
PT,H,2016,6870.9,334498.0,20.540929990612796
PT,H,2017,7367.4,346567.0,21.258227124913795
PT,H,2018,7607.7,360436.0,21.106937153891398
PT,H,2019,7955.4,375780.0,21.1703656394699
PT,H,2020,5776.4,335996.0,17.191871331801565
PT,H,2021,6584.5,352499.0,18.67948561556203
PT,H,2022,7818.6,375966.0,20.796029428192973
PT,H,2023,8533.9,418210.0,20.40577700198465
PT,H,2024,8938.6,419821.0,21.291455167797704
RO,H,2008,9967.6,909319.0,10.961609732118212
RO,H,2009,10288.8,890481.0,11.554204974614843
RO,H,2010,7849.7,837529.0,9.372451580781084
RO,H,2011,6466.0,825612.0,7.831766011152938
RO,H,2012,9033.3,815419.0,11.07810830996089
RO,H,2013,9492.8,851982.0,11.142019432335424
RO,H,2014,10240.8,852560.0,12.011823214788402
RO,H,2015,11291.0,931090.0,12.126647262885434
RO,H,2016,13299.5,935239.0,14.220429216489046
RO,H,2017,14535.0,954354.0,15.230197599632842
RO,H,2018,14352.2,988745.0,14.515572771543725
RO,H,2019,14542.4,1007708.0,14.43116458339122
RO,H,2020,12335.2,993895.0,12.41096896553459
RO,H,2021,12304.0,1073835.0,11.457998668324276
RO,H,2022,14092.5,1073836.0,13.12351234266685
RO,H,2023,15672.3,1080882.0,14.499547591689009
RO,H,2024,16487.9,1129394.0,14.598891086724386
RS,H,2008,1014.7,210982.0,4.809415021186642
RS,H,2009,983.8,210747.0,4.668156604838977
RS,H,2010,1031.8,205719.0,5.015579504080809
RS,H,2011,1023.6,201820.0,5.071846199583788
RS,H,2012,982.3,201632.0,4.871746548166958
RS,H,2013,892.5,203068.0,4.395079480765063
RS,H,2014,911.5,205224.0,4.441488324952247
RS,H,2015,995.6,211306.0,4.7116504027334765
RS,H,2016,1045.4,208813.0,5.006393280111871
RS,H,2017,1101.3,212372.0,5.185711864087544
RS,H,2018,1197.2,216075.0,5.540668749276872
RS,H,2019,1292.2,220117.0,5.870514317385754
RS,H,2020,1155.5,219516.0,5.263853204322236
RS,H,2021,1351.5,221729.0,6.09527847056542
RS,H,2022,1439.0,222030.0,6.481106156825654
RS,H,2023,1525.1,230989.0,6.602478905921927
RS,H,2024,1576.4,230454.0,6.840410667638661
SE,H,2008,18824.5,472460.0,39.8435846420861
SE,H,2009,17034.9,440630.0,38.66032725869778
SE,H,2010,17965.8,459930.0,39.06203117865762
SE,H,2011,19586.2,468930.0,41.76785447721409
SE,H,2012,19210.6,455270.0,42.196059481186985
SE,H,2013,19754.8,449370.0,43.961101097091486
SE,H,2014,20042.4,443400.0,45.20162381596752
SE,H,2015,19748.9,442540.0,44.62624847471415
SE,H,2016,19981.8,447990.0,44.60322775061943
SE,H,2017,20541.1,455590.0,45.08681050944928
SE,H,2018,21446.2,461600.0,46.4605719237435
SE,H,2019,22074.2,459300.0,48.060526888743745
SE,H,2020,18336.7,432110.0,42.43525954039481
SE,H,2021,19080.5,441600.0,43.20765398550724
SE,H,2022,21215.4,450290.0,47.11497035243954
SE,H,2023,21152.2,449910.0,47.01429174723834
SE,H,2024,20220.0,441990.0,45.747641349351795
SI,H,2008,1767.7,91285.0,19.36462726625404
SI,H,2009,1615.9,89604.0,18.03379313423508
SI,H,2010,1767.8,88566.0,19.96025562857078
SI,H,2011,1788.5,82450.0,21.69193450576107
SI,H,2012,1721.3,79659.0,21.6083556158124
SI,H,2013,1688.1,80065.0,21.084119153188034
SI,H,2014,1759.5,80908.0,21.74692243041479
SI,H,2015,1889.6,82018.0,23.038845131556485
SI,H,2016,2027.7,81407.0,24.908177429459386
SI,H,2017,2278.1,84563.0,26.93967810981162
SI,H,2018,2379.2,87787.0,27.101962705184135
SI,H,2019,2465.4,92677.0,26.60206955339513
SI,H,2020,2216.5,87829.0,25.23653918409637
SI,H,2021,2504.5,91874.0,27.260160654809848
SI,H,2022,2670.4,94065.0,28.388880029766653
SI,H,2023,2644.1,95790.0,27.60309009291158
SI,H,2024,2570.0,97746.0,26.29263601579604
SK,H,2008,3211.4,235751.0,13.621999482504846
SK,H,2009,2872.0,232761.0,12.338836832630895
SK,H,2010,2766.0,238927.0,11.576757754460568
SK,H,2011,2951.4,237092.0,12.448332292949573
SK,H,2012,3052.3,233057.0,13.096796062765762
SK,H,2013,3075.6,241189.0,12.751825332001044
SK,H,2014,3943.3,236847.0,16.649144806562887
SK,H,2015,4218.4,242393.0,17.40314283003222
SK,H,2016,3671.1,241973.0,15.171527401817558
SK,H,2017,3905.7,242546.0,16.10292480601618
SK,H,2018,3981.7,253541.0,15.704363396847057
SK,H,2019,4126.2,254463.0,16.21532403532144
SK,H,2020,3813.9,232824.0,16.381043191423565
SK,H,2021,3689.1,233215.0,15.818450785755632
SK,H,2022,4319.2,237852.0,18.15919142996485
SK,H,2023,4370.2,238973.0,18.287421591560552
SK,H,2024,4162.0,233994.0,17.786780857628827
UK,H,2008,77162.3,2580891.0,29.897543135297074
UK,H,2009,68626.5,2605749.0,26.336573476570457
UK,H,2010,68761.1,2520999.0,27.275338070344336
UK,H,2011,71166.8,2498666.0,28.481917951418875
UK,H,2012,70545.6,2582097.0,27.3210495190537
UK,H,2013,71715.8,2585085.0,27.742143875346457
UK,H,2014,75059.3,2593488.0,28.941448736219332
UK,H,2015,75796.2,2688784.0,28.18976905545406
UK,H,2016,74560.7,2882116.0,25.870124589017237
UK,H,2017,75288.8,2830200.0,26.60193625892163
UK,H,2018,76430.3,2902245.0,26.334889025564692
AT,I,2008,10088.0,481302.0,20.959813173433727
AT,I,2009,9843.3,469440.0,20.968174846625764
AT,I,2010,9983.2,473542.0,21.08197372144393
AT,I,2011,10117.9,472842.0,21.398056856201435
AT,I,2012,10344.6,481116.0,21.501259571496274
AT,I,2013,10180.4,477280.0,21.330036875628558
AT,I,2014,9957.3,481349.0,20.68623805180856
AT,I,2015,10252.9,474189.0,21.621969299161304
AT,I,2016,10434.2,496146.0,21.030503118033806
AT,I,2017,10501.3,490951.0,21.38971098948775
AT,I,2018,10529.9,514196.0,20.47837789481054
AT,I,2019,10406.7,523068.0,19.895501158549177
AT,I,2020,5823.8,348873.0,16.69318061300244
AT,I,2021,4775.3,351109.0,13.60061975056179
AT,I,2022,8829.4,459877.0,19.19948160051492
AT,I,2023,9160.1,475023.0,19.28348732587685
AT,I,2024,9129.9,486945.0,18.749345408619043
BE,I,2008,6031.3,229518.0,26.27811326344775
BE,I,2009,5438.1,213790.0,25.43664343514664
BE,I,2010,5774.1,211434.0,27.30923124946792
BE,I,2011,5924.3,218197.0,27.15115239897891
BE,I,2012,5859.5,218614.0,26.802949490883474
BE,I,2013,5898.0,213135.0,27.672601872052926
BE,I,2014,5998.6,214211.0,28.003230459686947
BE,I,2015,5955.2,218579.0,27.245069288449482
BE,I,2016,5789.7,230163.0,25.154781611292865
BE,I,2017,5923.1,235565.0,25.14422770785134
BE,I,2018,6066.9,241973.0,25.072632070520264
BE,I,2019,6249.5,249986.0,24.99939996639812
BE,I,2020,3541.7,146956.0,24.100411007376355
BE,I,2021,4600.5,182879.0,25.155977449570482
BE,I,2022,6472.0,262002.0,24.702101510675494
BE,I,2023,6915.8,275786.0,25.076689897239163
BE,I,2024,6942.6,273837.0,25.353038486398844
BG,I,2008,718.3,259358.0,2.7695309186529813
BG,I,2009,686.5,257634.0,2.6646327736245996
BG,I,2010,787.0,258333.0,3.0464555438136047
BG,I,2011,828.7,253513.0,3.2688658964234576
BG,I,2012,946.2,243461.0,3.8864540932633975
BG,I,2013,1050.8,237248.0,4.4291205826814135
BG,I,2014,1120.4,243383.0,4.603443954590091
BG,I,2015,1237.4,243125.0,5.089562982005142
BG,I,2016,1231.3,254317.0,4.841595331810299
BG,I,2017,1279.7,250652.0,5.105484895392816
BG,I,2018,1329.1,243367.0,5.461299190112053
BG,I,2019,1364.6,251500.0,5.425844930417495
BG,I,2020,854.4,179746.0,4.753374205823773
BG,I,2021,1332.3,195052.0,6.830486229313208
BG,I,2022,1649.9,217259.0,7.594161806875665
BG,I,2023,1571.6,271041.0,5.798384746219206
BG,I,2024,1660.4,252545.0,6.5746698608168845
CH,I,2008,9480.7,414639.0,22.864949992644206
CH,I,2009,8845.5,418460.0,21.13822109640109
CH,I,2010,8937.7,409111.0,21.846638198435144
CH,I,2011,8835.6,399823.0,22.09877870957899
CH,I,2012,8537.4,385020.0,22.173913043478258
CH,I,2013,8701.6,379328.0,22.939514088071537
CH,I,2014,8714.4,381697.0,22.830674592674292
CH,I,2015,8419.4,389118.0,21.63713834877852
CH,I,2016,8407.0,391166.0,21.492154226083045
CH,I,2017,8590.3,392698.0,21.87507957769074
CH,I,2018,8968.5,406081.0,22.085495258335158
CH,I,2019,9097.3,396137.0,22.965034823810953
CH,I,2020,5354.0,280978.0,19.05487262347942
CH,I,2021,5196.9,280152.0,18.550286987064162
CH,I,2022,7920.5,365135.0,21.69197694003588
CH,I,2023,8758.3,389488.0,22.486700488846896
CY,I,2008,934.4,76604.0,12.197796459714898
CY,I,2009,877.4,72043.0,12.178837638632483
CY,I,2010,890.3,72256.0,12.321468113374667
CY,I,2011,960.4,74228.0,12.938513768389287
CY,I,2012,947.5,76855.0,12.328410643419426
CY,I,2013,886.8,74385.0,11.921758419036095
CY,I,2014,901.0,74184.0,12.145476113447645
CY,I,2015,913.4,76451.0,11.94752194215903
CY,I,2016,1028.7,84911.0,12.115038098715127
CY,I,2017,1081.0,87966.0,12.288838869563241
CY,I,2018,1171.1,89961.0,13.017863296317291
CY,I,2019,1202.1,87915.0,13.673434567479951
CY,I,2020,386.9,53525.0,7.228397944885567
CY,I,2021,852.7,63620.0,13.403017918893429
CY,I,2022,1212.5,81320.0,14.910231185440235
CY,I,2023,1413.9,87348.0,16.18697623299904
CY,I,2024,1501.6,90147.0,16.657237622993556
CZ,I,2008,4297.7,395418.0,10.868751548993723
CZ,I,2009,3250.9,417114.0,7.7937925842815154
CZ,I,2010,3007.1,381107.0,7.8904349697066705
CZ,I,2011,3229.9,400829.0,8.058049692013302
CZ,I,2012,2826.0,373104.0,7.5742956387495175
CZ,I,2013,2803.4,368673.0,7.604028502222838
CZ,I,2014,2707.6,355102.0,7.624851451132351
CZ,I,2015,2703.7,356725.0,7.579227696404793
CZ,I,2016,2808.2,366237.0,7.6677124375745755
CZ,I,2017,2963.7,365771.0,8.102610649832819
CZ,I,2018,2903.6,373804.0,7.767707140640549
CZ,I,2019,2998.4,376157.0,7.971139710280548
CZ,I,2020,1659.5,255418.0,6.497192836840004
CZ,I,2021,1758.0,279836.0,6.2822510327477525
CZ,I,2022,1974.1,348420.0,5.665863038861144
CZ,I,2023,1838.1,373067.0,4.926997027343614
CZ,I,2024,1812.9,398965.0,4.544007619716016
DE,I,2008,38810.7,2266766.0,17.121617317358737
DE,I,2009,35854.3,2282555.0,15.707967606476078
DE,I,2010,34831.0,2302620.0,15.126681779885521
DE,I,2011,37366.1,2308449.0,16.186669057882586
DE,I,2012,38435.6,2319624.0,16.5697544084731
DE,I,2013,36838.2,2309137.0,15.953232744527499
DE,I,2014,38523.6,2302497.0,16.7312270113707
DE,I,2015,39364.0,2325596.0,16.926413702121952
DE,I,2016,40544.7,2330800.0,17.395186202162346
DE,I,2017,42364.4,2337324.0,18.12517220547943
DE,I,2018,44228.1,2349454.0,18.82484185687398
DE,I,2019,45434.3,2385129.0,19.048990641596326
DE,I,2020,23151.2,1838321.0,12.593665632933531
DE,I,2021,25811.3,1764323.0,14.629577463990437
DE,I,2022,41491.6,2160033.0,19.208780606592583
DE,I,2023,42903.8,2266628.0,18.928469956252194
DE,I,2024,42494.0,2288108.0,18.571675812505354
DK,I,2008,3115.4,113944.0,27.34150108825388
DK,I,2009,2887.8,105730.0,27.312966991393175
DK,I,2010,2830.8,105507.0,26.830447268901594
DK,I,2011,3132.1,111725.0,28.0340120832401
DK,I,2012,3093.8,111477.0,27.75280999668093
DK,I,2013,3154.3,116602.0,27.05185159774275
DK,I,2014,3124.3,117753.0,26.532657342063473
DK,I,2015,3119.2,122454.0,25.472422297352473
DK,I,2016,3405.2,133365.0,25.532935927717165
DK,I,2017,3505.1,138040.0,25.391915386844392
DK,I,2018,3473.0,140343.0,24.746513898092534
DK,I,2019,3757.3,143996.0,26.09308591905331
DK,I,2020,2462.0,116173.0,21.192531827533077
DK,I,2021,2786.1,131343.0,21.21239807222311
DK,I,2022,3669.7,159821.0,22.961312968883938
DK,I,2023,3576.4,163902.0,21.82035606642994
DK,I,2024,3579.6,164545.0,21.754535233522745
EA,I,2008,252162.1,12424672.0,20.2952721810282
EA,I,2009,242193.5,12332878.0,19.63803582586319
EA,I,2010,239062.9,12295516.0,19.443096166114543
EA,I,2011,245048.4,12401859.0,19.759005484580978
EA,I,2012,245015.8,12336435.0,19.86115113482947
EA,I,2013,241330.8,12296713.0,19.625634915607122
EA,I,2014,243963.9,12660198.0,19.270148855491833
EA,I,2015,249943.4,13064802.0,19.131051507707504
EA,I,2016,255629.2,13582635.0,18.820295178365612
EA,I,2017,266221.6,14000374.0,19.01532059072136
EA,I,2018,272799.3,14689551.0,18.570976063189406
EA,I,2019,278373.7,14805214.0,18.802409745647715
EA,I,2020,146857.3,9797709.0,14.988942823266132
EA,I,2021,179119.7,11206910.0,15.982969435821293
EA,I,2022,270767.9,14123557.0,19.171367382876706
EA,I,2023,291057.1,15114587.0,19.256702151372046
EA,I,2024,299345.9,15529918.0,19.27543339250085
EA12,I,2008,250145.6,12263444.0,20.397663168682467
EA12,I,2009,239699.2,12042650.0,19.90419052285004
EA12,I,2010,236405.6,12006538.0,19.689739040512762
EA12,I,2011,242082.6,12067864.0,20.060103428411193
EA12,I,2012,241893.5,11995828.0,20.164802296265
EA12,I,2013,238182.0,11949907.0,19.9317032341758
EA12,I,2014,240567.8,12248333.0,19.640860515467697
EA12,I,2015,245949.3,12583078.0,19.546036351360133
EA12,I,2016,251419.4,13083000.0,19.21725903844684
EA12,I,2017,261686.7,13492265.0,19.395312795887126
EA12,I,2018,267864.8,14172904.0,18.899782288795578
EA12,I,2019,273349.7,14264179.0,19.163367201154724
EA12,I,2020,143705.7,9406213.0,15.27774248786414
EA12,I,2021,175067.5,10805734.0,16.201351985899336
EA12,I,2022,265166.1,13635122.0,19.447284740099864
EA12,I,2023,282038.2,14365479.0,19.633052263694097
EA12,I,2024,289654.8,14729593.0,19.66482033821301
EA19,I,2008,253897.9,12721281.0,19.958516756292074
EA19,I,2009,242963.2,12475653.0,19.474988603802945
EA19,I,2010,239857.3,12431400.0,19.294472062679986
EA19,I,2011,245703.8,12504210.0,19.649685985759994
EA19,I,2012,245693.4,12439599.0,19.75090997708206
EA19,I,2013,242053.7,12403204.0,19.515417145440807
EA19,I,2014,244378.3,12719658.0,19.21264706959888
EA19,I,2015,249943.4,13064802.0,19.131051507707504
EA19,I,2016,255629.2,13582635.0,18.820295178365612
EA19,I,2017,266221.6,14000374.0,19.01532059072136
EA19,I,2018,272799.3,14689551.0,18.570976063189406
EA19,I,2019,278373.7,14805214.0,18.802409745647715
EA19,I,2020,146857.3,9797709.0,14.988942823266132
EA19,I,2021,179119.7,11206910.0,15.982969435821293
EA19,I,2022,270767.9,14123557.0,19.171367382876706
EA19,I,2023,288394.0,14882913.0,19.377523741487973
EA19,I,2024,296492.0,15270637.0,19.41582397643268
EA20,I,2008,255603.5,12960916.0,19.721098416192188
EA20,I,2009,244659.0,12710335.0,19.24882389016497
EA20,I,2010,241565.5,12655775.0,19.087373155733253
EA20,I,2011,247501.9,12712998.0,19.46841335143764
EA20,I,2012,247516.6,12631283.0,19.595523273447363
EA20,I,2013,244018.8,12599466.0,19.36739223709957
EA20,I,2014,246346.6,12918343.0,19.069519984103227
EA20,I,2015,251979.8,13271296.0,18.98682690823865
EA20,I,2016,257804.1,13806725.0,18.672357130311497
EA20,I,2017,268521.5,14245592.0,18.849444796678156
EA20,I,2018,275098.1,14934217.0,18.42065774188228
EA20,I,2019,280610.4,15021914.0,18.68006966355952
EA20,I,2020,147883.9,9986005.0,14.809115356942039
EA20,I,2021,181006.8,11400358.0,15.877290871041067
EA20,I,2022,273294.1,14342750.0,19.054511861393387
EA20,I,2023,291057.1,15114587.0,19.256702151372046
EA20,I,2024,299345.9,15529918.0,19.27543339250085
EE,I,2008,226.0,41551.0,5.439098938653703
EE,I,2009,170.6,38602.0,4.419460131599399
EE,I,2010,186.4,34892.0,5.342198784821735
EE,I,2011,223.3,34018.0,6.564171908989359
EE,I,2012,229.1,35692.0,6.418805334528746
EE,I,2013,238.2,40022.0,5.951726550397281
EE,I,2014,235.3,45663.0,5.152968486520816
EE,I,2015,239.1,49097.0,4.869951320854635
EE,I,2016,245.9,49085.0,5.009677090760926
EE,I,2017,248.6,49253.0,5.047408279698699
EE,I,2018,255.8,49959.0,5.120198562821513
EE,I,2019,263.2,46629.0,5.6445559630273
EE,I,2020,165.2,41229.0,4.006888355283902
EE,I,2021,192.4,34801.0,5.528576765035488
EE,I,2022,286.3,35167.0,8.14115506014161
EE,I,2023,270.7,38910.0,6.957080442045746
EE,I,2024,270.3,42785.0,6.317634685053173
EL,I,2008,12451.5,844936.0,14.73661910487895
EL,I,2009,10776.4,839200.0,12.841277407054337
EL,I,2010,10145.3,798701.0,12.702250278890347
EL,I,2011,9513.9,792559.0,12.004027460416195
EL,I,2012,9817.2,822502.0,11.935776447960006
EL,I,2013,12455.1,889161.0,14.007699393023312
EL,I,2014,11690.4,929509.0,12.576962675993455
EL,I,2015,11851.8,933221.0,12.69988566481037
EL,I,2016,11426.7,1134316.0,10.07364790763773
EL,I,2017,12134.4,1108391.0,10.947761214228551
EL,I,2018,12236.3,1279270.0,9.565064450819607
EL,I,2019,12255.4,1375906.0,8.907149180249231
EL,I,2020,6350.4,843515.0,7.528496825782588
EL,I,2021,8649.4,1189052.0,7.274198268873017
EL,I,2022,10950.3,1448260.0,7.561004239570242
EL,I,2023,11691.1,1489722.0,7.847840066804411
EL,I,2024,11725.9,1486972.0,7.885757095627893
ES,I,2008,63828.0,2671497.0,23.89222222596544
ES,I,2009,61441.2,2627204.0,23.386535647783727
ES,I,2010,60270.0,2544847.0,23.683152661044062
ES,I,2011,60270.9,2538937.0,23.738635499817445
ES,I,2012,59346.5,2397475.0,24.753751342558317
ES,I,2013,56635.3,2352899.0,24.07043396252878
ES,I,2014,56962.3,2493750.0,22.842025062656642
ES,I,2015,59714.5,2651889.0,22.517722272689394
ES,I,2016,61652.2,2699074.0,22.8419821020098
ES,I,2017,65484.0,2807743.0,23.322647407544068
ES,I,2018,66495.6,3008061.0,22.105801710803075
ES,I,2019,67435.6,2851456.0,23.64953202854963
ES,I,2020,30150.3,1680109.0,17.94544282543573
ES,I,2021,44211.2,2066465.0,21.39460382827679
ES,I,2022,65395.9,2573330.0,25.412947426097706
ES,I,2023,71318.0,2686956.0,26.542302888473053
ES,I,2024,77014.2,2815643.0,27.352260211965792
EU27_2020,I,2008,275659.4,15154044.0,18.190484335402488
EU27_2020,I,2009,263169.5,14956154.0,17.59606781262081
EU27_2020,I,2010,259386.5,14912316.0,17.394112356524634
EU27_2020,I,2011,265949.7,15028269.0,17.696628933112656
EU27_2020,I,2012,266303.0,14921607.0,17.846804301976324
EU27_2020,I,2013,263249.3,14850109.0,17.727095471151085
EU27_2020,I,2014,266950.5,15173323.0,17.5934104876038
EU27_2020,I,2015,273776.2,15586588.0,17.564857684055035
EU27_2020,I,2016,280786.1,16336923.0,17.187208386793518
EU27_2020,I,2017,293374.0,16739146.0,17.526222663928017
EU27_2020,I,2018,300365.6,17511489.0,17.15248771820603
EU27_2020,I,2019,307173.3,17643754.0,17.40974738142461
EU27_2020,I,2020,165024.5,12034193.0,13.712967707930227
EU27_2020,I,2021,201037.7,13636497.0,14.742620483838335
EU27_2020,I,2022,298375.4,16862005.0,17.69513174738117
EU27_2020,I,2023,315448.0,17695520.0,17.826432905051675
EU27_2020,I,2024,324000.3,18060088.0,17.940128530935173
FI,I,2008,3082.2,143600.0,21.463788300835652
FI,I,2009,2811.6,137900.0,20.388687454677303
FI,I,2010,2673.0,136400.0,19.596774193548388
FI,I,2011,2721.1,134500.0,20.231226765799256
FI,I,2012,2763.5,135500.0,20.394833948339485
FI,I,2013,2419.5,133100.0,18.178061607813675
FI,I,2014,2349.4,136300.0,17.236977256052825
FI,I,2015,2376.3,138700.0,17.13266041816871
FI,I,2016,2373.0,141700.0,16.746647847565278
FI,I,2017,2509.1,142200.0,17.644866385372715
FI,I,2018,2519.7,148400.0,16.979110512129377
FI,I,2019,2562.1,153500.0,16.691205211726384
FI,I,2020,1804.8,124800.0,14.461538461538462
FI,I,2021,1787.7,127600.0,14.010188087774294
FI,I,2022,2450.5,138700.0,17.667627974044702
FI,I,2023,2608.6,148200.0,17.601889338731446
FI,I,2024,2578.4,154500.0,16.688673139158578
FR,I,2008,38353.8,1791449.0,21.409373082906633
FR,I,2009,37434.3,1770729.0,21.140614967055946
FR,I,2010,38453.6,1831099.0,21.000284528580924
FR,I,2011,40758.7,1870446.0,21.7908990689921
FR,I,2012,40631.0,1895050.0,21.440595234954223
FR,I,2013,40945.7,1900399.0,21.54584379385592
FR,I,2014,40386.5,1901028.0,21.244558207454073
FR,I,2015,40157.7,1909142.0,21.034422793066202
FR,I,2016,40655.5,1943181.0,20.922137464291797
FR,I,2017,41113.4,1989200.0,20.668308867886587
FR,I,2018,41663.2,2052875.0,20.295049625525177
FR,I,2019,44121.5,2103301.0,20.97726383432519
FR,I,2020,24406.0,1318048.0,18.516776323775765
FR,I,2021,27548.6,1589390.0,17.332813217649537
FR,I,2022,48125.5,2187127.0,22.00398056445739
FR,I,2023,53656.9,2273744.0,23.59847898444152
FR,I,2024,56358.4,2317725.0,24.316258399939596
HR,I,2008,1706.2,239635.0,7.119994992384251
HR,I,2009,1695.7,234682.0,7.225522195992875
HR,I,2010,1708.2,224375.0,7.6131476323119776
HR,I,2011,1798.1,208788.0,8.612084985727149
HR,I,2012,1823.3,191685.0,9.511959725591465
HR,I,2013,1968.6,196261.0,10.030520582285833
HR,I,2014,1972.4,198684.0,9.9273217772946
HR,I,2015,2039.2,206495.0,9.875299644059178
HR,I,2016,2175.4,224091.0,9.707663404599025
HR,I,2017,2298.7,245218.0,9.374107936611505
HR,I,2018,2300.5,244666.0,9.402614176060425
HR,I,2019,2246.4,216700.0,10.366405168435625
HR,I,2020,1042.4,188297.0,5.5359352512254585
HR,I,2021,1900.6,193448.0,9.824862495347586
HR,I,2022,2557.5,219193.0,11.667799610389018
HR,I,2023,2701.4,231674.0,11.66035031984599
HR,I,2024,2871.1,259281.0,11.073314280645322
HU,I,2008,1736.2,272860.0,6.362970021256322
HU,I,2009,1642.0,267864.0,6.129976405937342
HU,I,2010,1503.7,255294.0,5.890071838742783
HU,I,2011,1536.4,272067.0,5.647138388705724
HU,I,2012,1550.5,272720.0,5.685318275154004
HU,I,2013,1491.4,259904.0,5.7382725929574
HU,I,2014,1723.6,245652.0,7.0164297461449525
HU,I,2015,1791.5,256481.0,6.984922859782986
HU,I,2016,1817.7,307210.0,5.916799583346896
HU,I,2017,2022.9,274843.0,7.360202006236288
HU,I,2018,2172.7,277080.0,7.841417641114479
HU,I,2019,2294.9,285172.0,8.047424010772446
HU,I,2020,1277.0,223402.0,5.716152944020196
HU,I,2021,1858.6,253730.0,7.325109368226067
HU,I,2022,2543.6,284584.0,8.937958564079498
HU,I,2023,2484.8,285652.0,8.698696315796845
HU,I,2024,2591.3,291937.0,8.876230145545101
IE,I,2008,3808.5,217563.0,17.505274334330746
IE,I,2009,3470.3,207676.0,16.7101639091662
IE,I,2010,3335.7,200176.0,16.663835824474464
IE,I,2011,3372.6,185301.0,18.200657308919
IE,I,2012,3321.4,188647.0,17.606428938705623
IE,I,2013,3608.7,210831.0,17.11655306857151
IE,I,2014,3818.9,226051.0,16.893975253372027
IE,I,2015,4038.1,232443.0,17.372431090632972
IE,I,2016,4285.9,244309.0,17.542947660544638
IE,I,2017,4523.5,254400.0,17.781053459119498
IE,I,2018,4954.5,278534.0,17.787774562530966
IE,I,2019,5049.5,276885.0,18.236813117359194
IE,I,2020,2509.5,155958.0,16.09087061901281
IE,I,2021,2017.2,181327.0,11.12465325075692
IE,I,2022,3347.3,243949.0,13.721310601806115
IE,I,2023,3699.2,252651.0,14.641541098194741
IE,I,2024,3821.4,270019.0,14.152337428106913
IS,I,2008,176.7,9961.0,17.739182812970586
IS,I,2009,167.7,8993.0,18.647837206716332
IS,I,2010,171.9,9648.0,17.817164179104477
IS,I,2011,180.2,10412.0,17.306953515174797
IS,I,2012,198.3,11350.0,17.47136563876652
IS,I,2013,229.2,12659.0,18.10569555257129
IS,I,2014,260.0,13912.0,18.68890166762507
IS,I,2015,311.7,15988.0,19.495871903927945
IS,I,2016,362.8,18592.0,19.513769363166954
IS,I,2017,379.0,20401.0,18.57752070976913
IS,I,2018,380.8,20402.0,18.664836780707773
IS,I,2019,382.2,19608.0,19.49204406364749
IS,I,2020,213.6,12676.0,16.850741558851375
IS,I,2021,269.2,14476.0,18.596297319701577
IS,I,2022,381.4,20146.0,18.931797875508785
IS,I,2023,438.0,21851.0,20.044849205985997
IT,I,2008,55206.5,2505715.0,22.03223431236194
IT,I,2009,54725.7,2414498.0,22.66545675332926
IT,I,2010,53392.2,2417360.0,22.086987457391533
IT,I,2011,54330.7,2455910.0,22.122431196582934
IT,I,2012,53733.5,2483386.0,21.637192123979116
IT,I,2013,52012.5,2412570.0,21.558959947276144
IT,I,2014,52880.8,2468174.0,21.42506970740313
IT,I,2015,53479.3,2563207.0,20.86421424410904
IT,I,2016,54792.7,2646480.0,20.70399171729996
IT,I,2017,56717.7,2822220.0,20.09683865892808
IT,I,2018,57850.9,2891858.0,20.004751270636387
IT,I,2019,57879.2,2877287.0,20.11589389588178
IT,I,2020,33472.6,1897251.0,17.64268407290337
IT,I,2021,43125.7,2264072.0,19.047848301644116
IT,I,2022,56889.8,2840982.0,20.02469568620991
IT,I,2023,57845.1,3076706.0,18.800983909414807
IT,I,2024,58543.3,3196576.0,18.314377634068453
LT,I,2008,428.6,69812.0,6.1393456712313075
LT,I,2009,346.8,60340.0,5.747431223069274
LT,I,2010,332.6,60100.0,5.534109816971714
LT,I,2011,364.5,59604.0,6.115361385141937
LT,I,2012,387.1,57661.0,6.713376458958395
LT,I,2013,401.0,58493.0,6.855521173473749
LT,I,2014,412.3,59460.0,6.934073326606122
LT,I,2015,450.2,64522.0,6.977465050680388
LT,I,2016,471.7,67284.0,7.01058201058201
LT,I,2017,493.0,64965.0,7.588701608558455
LT,I,2018,524.6,63041.0,8.321568503037707
LT,I,2019,553.4,72129.0,7.672364790860819
LT,I,2020,382.6,54992.0,6.957375618271749
LT,I,2021,456.4,56639.0,8.058051872384752
LT,I,2022,574.2,73007.0,7.8649992466475815
LT,I,2023,583.2,72382.0,8.057251802934433
LT,I,2024,550.6,80713.0,6.821701584627012
LU,I,2008,665.6,23416.0,28.42500854116843
LU,I,2009,644.4,23978.0,26.874635082158644
LU,I,2010,664.2,24509.0,27.100248888163534
LU,I,2011,689.9,25220.0,27.355273592386993
LU,I,2012,711.4,26128.0,27.227495407225963
LU,I,2013,708.6,26714.0,26.525417384143147
LU,I,2014,734.8,27557.0,26.664731284247196
LU,I,2015,726.2,28461.0,25.515617863040653
LU,I,2016,741.8,29521.0,25.127875071982654
LU,I,2017,744.7,30521.0,24.3995937223551
LU,I,2018,737.0,31499.0,23.397568176767518
LU,I,2019,760.9,32385.0,23.49544542226339
LU,I,2020,442.7,20271.0,21.839080459770116
LU,I,2021,524.9,23967.0,21.90094713564484
LU,I,2022,804.0,31296.0,25.690184049079754
LU,I,2023,876.3,33190.0,26.40253088279602
LU,I,2024,867.6,33976.0,25.535672239227694
LV,I,2008,349.8,60882.0,5.745540553858284
LV,I,2009,255.2,45746.0,5.578629825558518
LV,I,2010,275.4,41962.0,6.563080882703398
LV,I,2011,290.8,42748.0,6.802657434265931
LV,I,2012,290.3,45503.0,6.379799134123026
LV,I,2013,318.7,47998.0,6.639859994166423
LV,I,2014,312.4,50269.0,6.21456563687362
LV,I,2015,340.3,51846.0,6.563669328395633
LV,I,2016,354.6,51616.0,6.869962802231866
LV,I,2017,388.4,51023.0,7.612253297532485
LV,I,2018,417.7,53994.0,7.736044745712487
LV,I,2019,397.7,60170.0,6.609606116004653
LV,I,2020,273.0,45791.0,5.961870236509357
LV,I,2021,261.6,44940.0,5.82109479305741
LV,I,2022,354.4,52955.0,6.692474742706071
LV,I,2023,384.2,58501.0,6.567409104117878
LV,I,2024,389.0,57177.0,6.803434947618797
MT,I,2008,319.2,29600.0,10.783783783783782
MT,I,2009,292.1,28993.0,10.074845652398857
MT,I,2010,291.5,28797.0,10.12258221342501
MT,I,2011,311.7,28862.0,10.79966738271776
MT,I,2012,307.0,29819.0,10.295449210235084
MT,I,2013,365.2,29910.0,12.20996322300234
MT,I,2014,379.5,30492.0,12.445887445887445
MT,I,2015,423.4,30137.0,14.049175432192985
MT,I,2016,409.5,32445.0,12.62135922330097
MT,I,2017,493.9,33429.0,14.774596906877262
MT,I,2018,580.6,37448.0,15.504165776543473
MT,I,2019,540.8,41240.0,13.113482056256062
MT,I,2020,207.7,34151.0,6.081813124066645
MT,I,2021,285.9,35783.0,7.989827571751949
MT,I,2022,504.3,38871.0,12.973682179516864
MT,I,2023,612.7,45290.0,13.528372709207332
MT,I,2024,721.3,48972.0,14.728824634485012
NL,I,2008,10741.7,450546.0,23.841516737469647
NL,I,2009,9787.9,436589.0,22.4190256740321
NL,I,2010,9208.0,445774.0,20.656206956888468
NL,I,2011,9521.0,452993.0,21.017984825372576
NL,I,2012,9423.1,452053.0,20.8451221427576
NL,I,2013,9468.9,461259.0,20.528379934050065
NL,I,2014,9776.0,480447.0,20.347717854414743
NL,I,2015,10230.0,494722.0,20.67827992286577
NL,I,2016,10606.1,514917.0,20.597688559515415
NL,I,2017,10916.5,535471.0,20.386724958027607
NL,I,2018,11364.7,562266.0,20.212319435996488
NL,I,2019,11562.0,581486.0,19.883539758480858
NL,I,2020,6234.3,422713.0,14.748304405116473
NL,I,2021,7048.6,455385.0,15.478331521679458
NL,I,2022,11072.9,563551.0,19.648443530399202
NL,I,2023,11991.2,586202.0,20.455747336242457
NL,I,2024,11889.6,595022.0,19.98178218620488
NO,I,2008,3998.4,103720.0,38.54994215194755
NO,I,2009,3786.3,100400.0,37.712151394422314
NO,I,2010,3683.9,101820.0,36.18051463366726
NO,I,2011,3774.4,105650.0,35.72550875532418
NO,I,2012,3807.2,106690.0,35.68469397319336
NO,I,2013,3986.8,109240.0,36.49578908824606
NO,I,2014,4176.8,113890.0,36.67398366845202
NO,I,2015,4374.9,117890.0,37.110017813215705
NO,I,2016,4469.1,120872.0,36.97382354887815
NO,I,2017,4490.4,125408.0,35.80632814493493
NO,I,2018,4568.4,127388.0,35.862090620780606
NO,I,2019,4777.6,129029.0,37.02733494020724
NO,I,2020,2945.5,106191.0,27.737755553672155
NO,I,2021,3535.3,107690.0,32.828489181911046
NO,I,2022,5047.1,134790.0,37.444172416351364
NO,I,2023,5238.7,135107.0,38.77445284108151
NO,I,2024,5345.4,131611.0,40.61514615039776
PL,I,2008,3390.8,655385.0,5.173752832304676
PL,I,2009,3296.0,690874.0,4.770768620616783
PL,I,2010,3390.2,708602.0,4.784350030059187
PL,I,2011,3680.9,709278.0,5.189643553021523
PL,I,2012,3856.1,713694.0,5.403015858337046
PL,I,2013,3899.9,676735.0,5.762817055420512
PL,I,2014,5032.3,684929.0,7.3471848906967
PL,I,2015,5044.8,705496.0,7.150713824033021
PL,I,2016,5066.1,781546.0,6.4821520422342385
PL,I,2017,6188.0,785025.0,7.882551511098374
PL,I,2018,6027.2,830150.0,7.260374631090767
PL,I,2019,6094.5,847558.0,7.190658338426397
PL,I,2020,4485.5,707346.0,6.341309627820048
PL,I,2021,5467.0,778412.0,7.0232730225125
PL,I,2022,6060.5,878069.0,6.902077171611798
PL,I,2023,6021.1,849096.0,7.0911887466199355
PL,I,2024,6227.4,775255.0,8.032711817402015
PT,I,2008,7468.4,637136.0,11.7218301901007
PT,I,2009,7501.2,619092.0,12.116454420344633
PT,I,2010,7682.8,620078.0,12.39005415447734
PT,I,2011,7514.5,612511.0,12.26835109900067
PT,I,2012,7458.4,575734.0,12.954593614412211
PT,I,2013,7393.0,563422.0,13.121603345272282
PT,I,2014,7646.4,587460.0,13.016035134307016
PT,I,2015,7783.9,612931.0,12.69947188182683
PT,I,2016,7987.2,672394.0,11.878749661656707
PT,I,2017,8569.1,738280.0,11.606842932220838
PT,I,2018,8971.3,814519.0,11.01423048449453
PT,I,2019,9351.0,853791.0,10.952329082878597
PT,I,2020,5347.9,609399.0,8.775695398253033
PT,I,2021,6003.7,610168.0,9.839421274140891
PT,I,2022,9092.8,726016.0,12.524241889985895
PT,I,2023,9509.3,800672.0,11.876648615163262
PT,I,2024,9551.3,810271.0,11.787784580714352
RO,I,2008,2121.6,287467.0,7.380325393871296
RO,I,2009,2135.7,296132.0,7.211986546540055
RO,I,2010,1508.3,321909.0,4.68548564967118
RO,I,2011,1111.3,333886.0,3.328381543401041
RO,I,2012,1464.9,333770.0,4.388950474877911
RO,I,2013,1495.5,334936.0,4.465032125540402
RO,I,2014,1467.9,343216.0,4.276898512889842
RO,I,2015,2093.5,352565.0,5.9379121580417795
RO,I,2016,2483.6,393290.0,6.31493300109334
RO,I,2017,2873.4,378274.0,7.596081147527983
RO,I,2018,3206.6,405882.0,7.900325710428153
RO,I,2019,3893.6,413897.0,9.40717134939369
RO,I,2020,2413.6,319484.0,7.554681924603423
RO,I,2021,2306.4,367832.0,6.270253811522652
RO,I,2022,3050.6,351124.0,8.688098791310193
RO,I,2023,2728.1,359121.0,7.596603930151676
RO,I,2024,2750.5,369492.0,7.444004200361578
RS,I,2008,416.3,125264.0,3.323381019287265
RS,I,2009,377.5,129732.0,2.9098449110473896
RS,I,2010,368.5,115308.0,3.195788670343775
RS,I,2011,372.0,112383.0,3.310109180214089
RS,I,2012,348.9,111533.0,3.128222140532398
RS,I,2013,337.4,103797.0,3.2505756428413153
RS,I,2014,328.1,105616.0,3.10653688835025
RS,I,2015,344.1,123555.0,2.784994536845939
RS,I,2016,371.3,133545.0,2.7803362162566927
RS,I,2017,413.5,143584.0,2.8798473367506126
RS,I,2018,449.9,152575.0,2.9487137473373752
RS,I,2019,478.2,153438.0,3.116568255582059
RS,I,2020,332.7,147870.0,2.2499492797727734
RS,I,2021,441.0,155608.0,2.834044522132538
RS,I,2022,509.6,158964.0,3.205757278377494
RS,I,2023,595.9,166939.0,3.569567326987702
RS,I,2024,637.7,171648.0,3.7151612602535424
SE,I,2008,4735.9,212390.0,22.298130797118507
SE,I,2009,4651.3,213750.0,21.760467836257313
SE,I,2010,4793.4,229250.0,20.90905125408942
SE,I,2011,4927.5,238000.0,20.703781512605044
SE,I,2012,5002.1,246590.0,20.2850886086216
SE,I,2013,5218.5,261510.0,19.95525983709992
SE,I,2014,5419.4,269850.0,20.08300907911803
SE,I,2015,5755.4,283960.0,20.26834765459924
SE,I,2016,6037.7,300200.0,20.112258494337105
SE,I,2017,6076.6,307020.0,19.792195948146702
SE,I,2018,6207.6,313180.0,19.821189092534645
SE,I,2019,6190.3,310330.0,19.947475268262817
SE,I,2020,3964.7,252760.0,15.68563063775914
SE,I,2021,4586.2,235530.0,19.471829490935338
SE,I,2022,6366.2,286700.0,22.20509243111266
SE,I,2023,6669.9,286020.0,23.31969792322215
SE,I,2024,6593.1,284500.0,23.174340949033393
SI,I,2008,763.3,55024.0,13.872128525734224
SI,I,2009,681.8,56246.0,12.121750880062582
SI,I,2010,688.0,55741.0,12.342799734486285
SI,I,2011,707.2,53654.0,13.180750736198608
SI,I,2012,671.5,52785.0,12.721417069243158
SI,I,2013,680.3,54383.0,12.509423900851369
SI,I,2014,691.9,54780.0,12.630522088353413
SI,I,2015,705.1,57097.0,12.349160201061354
SI,I,2016,723.0,60913.0,11.869387487071725
SI,I,2017,778.9,62749.0,12.412946819869639
SI,I,2018,828.5,62069.0,13.348048139973255
SI,I,2019,874.1,64838.0,13.48129183503501
SI,I,2020,508.6,42639.0,11.928047093036891
SI,I,2021,651.9,48247.0,13.511720936016747
SI,I,2022,903.4,67264.0,13.430661274976211
SI,I,2023,949.8,68296.0,13.907110226074732
SI,I,2024,943.5,71263.0,13.239689600493945
SK,I,2008,726.5,122058.0,5.952088351439479
SK,I,2009,646.9,132946.0,4.865885397078513
SK,I,2010,787.6,132185.0,5.958315996520029
SK,I,2011,763.2,142201.0,5.367050864621206
SK,I,2012,963.3,145894.0,6.6027389748721665
SK,I,2013,973.0,148529.0,6.5509092500454456
SK,I,2014,873.4,155606.0,5.61289410434045
SK,I,2015,914.1,153501.0,5.95501006508101
SK,I,2016,959.9,152952.0,6.275825095454784
SK,I,2017,1033.1,158239.0,6.528731854978861
SK,I,2018,1130.2,160794.0,7.028869236414295
SK,I,2019,1159.2,166357.0,6.968146816785588
SK,I,2020,1176.8,120657.0,9.753267526956579
SK,I,2021,1302.5,117883.0,11.04909104790343
SK,I,2022,1672.5,139789.0,11.964460722946727
SK,I,2023,2114.8,146814.0,14.404620812729034
SK,I,2024,2565.8,149449.0,17.16839858413238
UK,I,2008,44142.7,2648416.0,16.66758545485301
UK,I,2009,41624.5,2523981.0,16.49160591937895
UK,I,2010,42647.8,2515232.0,16.955811630895283
UK,I,2011,43731.9,2551498.0,17.139695974678403
UK,I,2012,45583.0,2632281.0,17.31692019203117
UK,I,2013,44849.0,2742630.0,16.352552112388473
UK,I,2014,45856.3,2832587.0,16.18884080171236
UK,I,2015,48166.4,2969422.0,16.220799872837205
UK,I,2016,48759.4,3090099.0,15.779235552000115
UK,I,2017,49537.2,3141417.0,15.76906217799165
UK,I,2018,50229.2,3118489.0,16.106903054652427
AT,J,2008,9256.7,174959.0,52.90782411879355
AT,J,2009,8831.3,171993.0,51.34685713953475
AT,J,2010,8609.0,175622.0,49.02005443509355
AT,J,2011,9233.9,186382.0,49.54287431189707
AT,J,2012,9129.8,184562.0,49.46738765292964
AT,J,2013,9268.0,189975.0,48.785366495591525
AT,J,2014,9347.2,203407.0,45.953187451759284
AT,J,2015,9525.4,200827.0,47.43087333874429
AT,J,2016,10094.4,205130.0,49.20976941451762
AT,J,2017,10278.8,211284.0,48.649211487855204
AT,J,2018,11166.9,220822.0,50.56968961425945
AT,J,2019,11934.6,233308.0,51.15383955972363
AT,J,2020,11920.1,215077.0,55.42247660140322
AT,J,2021,13241.4,234599.0,56.44269583416809
AT,J,2022,13802.0,238612.0,57.84285786129784
AT,J,2023,14534.7,250973.0,57.9134010431401
AT,J,2024,14784.1,251638.0,58.75146043125442
BE,J,2008,12718.1,172805.0,73.59798616938168
BE,J,2009,13367.6,179032.0,74.66598150051388
BE,J,2010,13936.9,175773.0,79.2891968618616
BE,J,2011,14394.5,179916.0,80.00678094221749
BE,J,2012,15061.4,180481.0,83.45144364226705
BE,J,2013,14992.5,179493.0,83.52693419799101
BE,J,2014,15382.0,181117.0,84.92852686385044
BE,J,2015,16041.7,183803.0,87.2765950501352
BE,J,2016,16681.5,187493.0,88.97132159600625
BE,J,2017,17637.0,196048.0,89.96266220517424
BE,J,2018,18459.5,203857.0,90.55121972755411
BE,J,2019,19858.5,214308.0,92.66336301024694
BE,J,2020,19714.4,205803.0,95.79257833947999
BE,J,2021,21472.4,219945.0,97.62622473800269
BE,J,2022,22886.7,230736.0,99.1899833576035
BE,J,2023,23838.2,235098.0,101.3968642863827
BE,J,2024,24630.3,231265.0,106.50249713532095
BG,J,2008,1692.1,111152.0,15.223297826399884
BG,J,2009,1649.3,113647.0,14.512481631719272
BG,J,2010,1654.4,122808.0,13.471435085662172
BG,J,2011,1859.8,125005.0,14.877804887804487
BG,J,2012,1800.7,125742.0,14.320592960188323
BG,J,2013,1810.3,128407.0,14.098141067075781
BG,J,2014,1824.8,130383.0,13.995689622113312
BG,J,2015,1860.3,140559.0,13.23501163212601
BG,J,2016,2171.6,149184.0,14.556520806520806
BG,J,2017,2291.3,156022.0,14.685749445591009
BG,J,2018,2527.6,164730.0,15.343896072360831
BG,J,2019,2889.2,176486.0,16.37070362521673
BG,J,2020,3070.9,185975.0,16.51243446699825
BG,J,2021,3291.8,203815.0,16.150921178519734
BG,J,2022,3357.5,216619.0,15.499563750178885
BG,J,2023,3501.3,243118.0,14.401648582169974
BG,J,2024,3558.6,241864.0,14.71322726821685
CH,J,2008,17763.7,229683.0,77.34007305721364
CH,J,2009,18160.2,234108.0,77.57188989697063
CH,J,2010,18861.8,227984.0,82.73299880693381
CH,J,2011,18620.2,234530.0,79.39368097897923
CH,J,2012,19014.5,241195.0,78.83455295507784
CH,J,2013,19471.0,252095.0,77.23675598484698
CH,J,2014,19998.8,263207.0,75.98126189653011
CH,J,2015,20360.5,267389.0,76.14561556384145
CH,J,2016,21029.2,268372.0,78.35839804450539
CH,J,2017,21482.0,269794.0,79.6237129068845
CH,J,2018,22131.3,276140.0,80.14521619468385
CH,J,2019,22377.5,285469.0,78.38854656722796
CH,J,2020,22970.6,288235.0,79.69399968775478
CH,J,2021,24128.2,304985.0,79.11274324966803
CH,J,2022,25196.6,310367.0,81.18324435265346
CH,J,2023,26422.9,308417.0,85.67264450403188
CY,J,2008,620.5,16740.0,37.06690561529271
CY,J,2009,589.4,16796.0,35.09168849726125
CY,J,2010,622.6,17408.0,35.76516544117647
CY,J,2011,633.3,18024.0,35.136484687083886
CY,J,2012,612.7,17636.0,34.74143796779315
CY,J,2013,689.0,16886.0,40.80303209759564
CY,J,2014,723.2,16871.0,42.8664572343074
CY,J,2015,744.1,17414.0,42.72998736648673
CY,J,2016,985.3,18782.0,52.45980193802577
CY,J,2017,1192.4,19947.0,59.77841279390385
CY,J,2018,1286.5,20985.0,61.30569454372171
CY,J,2019,1520.3,27509.0,55.26554945654149
CY,J,2020,1840.0,31855.0,57.76173285198556
CY,J,2021,2132.5,35547.0,59.99099783385377
CY,J,2022,3006.7,38969.0,77.15620108291206
CY,J,2023,3153.0,44689.0,70.55427510125534
CY,J,2024,3510.5,45980.0,76.34841235319705
CZ,J,2008,7249.1,233021.0,31.10921333270392
CZ,J,2009,7171.0,243764.0,29.417797541884774
CZ,J,2010,7164.3,236582.0,30.282523607036886
CZ,J,2011,7256.1,229137.0,31.667081265792955
CZ,J,2012,7083.8,227394.0,31.152097240912248
CZ,J,2013,7356.4,231270.0,31.80870843602715
CZ,J,2014,7870.4,240175.0,32.76943895076507
CZ,J,2015,8570.7,237646.0,36.06498741826078
CZ,J,2016,8966.1,251594.0,35.63717735717068
CZ,J,2017,9860.4,265506.0,37.13814377076224
CZ,J,2018,10868.0,278723.0,38.99211762215533
CZ,J,2019,12450.3,288253.0,43.192265128203346
CZ,J,2020,13064.8,290915.0,44.90933777907636
CZ,J,2021,14573.3,299455.0,48.66607670601593
CZ,J,2022,15490.0,322251.0,48.06812081265846
CZ,J,2023,16313.6,336824.0,48.43360330617771
CZ,J,2024,17275.3,341583.0,50.574238179300494
DE,J,2008,104351.4,1821041.0,57.303157919014446
DE,J,2009,102695.3,1769341.0,58.04155332409072
DE,J,2010,101827.0,1733142.0,58.75283156256095
DE,J,2011,113934.3,1756738.0,64.85560168903957
DE,J,2012,118854.4,1767406.0,67.24793284621643
DE,J,2013,125286.0,1796111.0,69.7540408137359
DE,J,2014,131395.9,1826297.0,71.94662204449769
DE,J,2015,134595.6,1846077.0,72.90898483649383
DE,J,2016,136476.8,1892418.0,72.11768224567722
DE,J,2017,145095.0,1946584.0,74.53826806343831
DE,J,2018,156768.2,1990080.0,78.77482312268855
DE,J,2019,162765.6,2056912.0,79.13104692859976
DE,J,2020,160787.9,2029977.0,79.2067594854523
DE,J,2021,172702.3,2138895.0,80.74370177124169
DE,J,2022,175773.4,2240287.0,78.46021514207779
DE,J,2023,188958.0,2296081.0,82.2958771924858
DE,J,2024,192929.4,2291408.0,84.1968780767109
DK,J,2008,9257.8,154612.0,59.877629162031404
DK,J,2009,9527.3,153604.0,62.02507747194083
DK,J,2010,9991.7,154288.0,64.76005911023542
DK,J,2011,10270.3,150961.0,68.03280317432979
DK,J,2012,10468.7,149051.0,70.23569113927448
DK,J,2013,11464.3,149662.0,76.60127487271318
DK,J,2014,11585.0,148793.0,77.85984555725068
DK,J,2015,12778.6,151961.0,84.09131290265266
DK,J,2016,14026.8,156374.0,89.70033381508433
DK,J,2017,14332.8,157423.0,91.04641634322812
DK,J,2018,14574.2,157468.0,92.5534076764803
DK,J,2019,15636.9,161384.0,96.89250483319287
DK,J,2020,16206.2,163448.0,99.15202388527238
DK,J,2021,16794.0,173892.0,96.57718583948657
DK,J,2022,17418.1,179604.0,96.98057949711587
DK,J,2023,18535.0,179142.0,103.4654073304976
DK,J,2024,19639.6,176519.0,111.26054419071033
EA,J,2008,383610.0,6665856.0,57.54849789734431
EA,J,2009,382535.0,6714390.0,56.97241298167071
EA,J,2010,388534.4,6646507.0,58.456930836001526
EA,J,2011,409005.3,6749960.0,60.59373685177393
EA,J,2012,417754.7,6753491.0,61.85759335431113
EA,J,2013,426395.9,6767286.0,63.00840543757129
EA,J,2014,442277.4,6865869.0,64.41681307930577
EA,J,2015,459636.5,7078917.0,64.93034174577835
EA,J,2016,475111.2,7291516.0,65.159453809057
EA,J,2017,508200.9,7511851.0,67.65321889371874
EA,J,2018,540327.3,7801923.0,69.25565658620319
EA,J,2019,571989.8,8025737.0,71.26944229545525
EA,J,2020,580945.7,7924794.0,73.30735663286642
EA,J,2021,640738.1,8534791.0,75.07367198564089
EA,J,2022,682399.1,9059279.0,75.3259834474686
EA,J,2023,731408.0,9538371.0,76.68059881503875
EA,J,2024,752792.4,9747960.0,77.22563490207182
EA12,J,2008,381369.8,6599401.0,57.78854777880598
EA12,J,2009,377354.7,6546849.0,57.63913296304833
EA12,J,2010,383032.3,6479759.0,59.112121299573026
EA12,J,2011,402700.5,6540898.0,61.56654636718078
EA12,J,2012,410806.5,6541679.0,62.79832746302593
EA12,J,2013,419426.5,6548994.0,64.04441659283853
EA12,J,2014,434445.7,6591911.0,65.90588070743067
EA12,J,2015,450355.3,6731415.0,66.9035113716804
EA12,J,2016,464916.5,6929290.0,67.09439206614242
EA12,J,2017,497185.0,7134712.0,69.68536361383613
EA12,J,2018,528642.9,7407287.0,71.36795158605304
EA12,J,2019,559376.9,7607670.0,73.52801843402777
EA12,J,2020,567548.5,7503988.0,75.63291679037866
EA12,J,2021,626169.1,8066494.0,77.62593017486903
EA12,J,2022,665471.7,8549722.0,77.83547815940682
EA12,J,2023,709569.1,8881246.0,79.8952196572418
EA12,J,2024,729984.2,9038471.0,80.76412481712892
EA19,J,2008,388994.2,6882431.0,56.51988374456642
EA19,J,2009,384856.6,6823686.0,56.400103990717035
EA19,J,2010,390881.2,6750570.0,57.90343630241595
EA19,J,2011,410614.7,6836027.0,60.06627826367567
EA19,J,2012,419443.0,6847513.0,61.2547942588791
EA19,J,2013,428207.7,6857904.0,62.44002540717981
EA19,J,2014,443239.7,6911195.0,64.13358326599091
EA19,J,2015,459636.5,7078917.0,64.93034174577835
EA19,J,2016,475111.2,7291516.0,65.159453809057
EA19,J,2017,508200.9,7511851.0,67.65321889371874
EA19,J,2018,540327.3,7801923.0,69.25565658620319
EA19,J,2019,571989.8,8025737.0,71.26944229545525
EA19,J,2020,580945.7,7924794.0,73.30735663286642
EA19,J,2021,640738.1,8534791.0,75.07367198564089
EA19,J,2022,682399.1,9059279.0,75.3259834474686
EA19,J,2023,727907.8,9414083.0,77.32115809898852
EA19,J,2024,749177.9,9598718.0,78.04978748203666
EA20,J,2008,390962.1,6959265.0,56.17864817620826
EA20,J,2009,386770.8,6906258.0,56.002946892514004
EA20,J,2010,392837.3,6837523.0,57.453159572552806
EA20,J,2011,412565.7,6916957.0,59.645549336218224
EA20,J,2012,421385.2,6922491.0,60.87190290316015
EA20,J,2013,430129.4,6936570.0,62.00894678493838
EA20,J,2014,445127.2,6994444.0,63.64011206609131
EA20,J,2015,461526.7,7166153.0,64.40369051567836
EA20,J,2016,477066.4,7395146.0,64.51074799605038
EA20,J,2017,510251.6,7601624.0,67.12402507674675
EA20,J,2018,542501.4,7908809.0,68.5945759974732
EA20,J,2019,574277.0,8137666.0,70.57023475773029
EA20,J,2020,583554.1,8032826.0,72.64617707392144
EA20,J,2021,643524.3,8631158.0,74.55828059224498
EA20,J,2022,685719.4,9167008.0,74.8029673367799
EA20,J,2023,731408.0,9538371.0,76.68059881503875
EA20,J,2024,752792.4,9747960.0,77.22563490207182
EE,J,2008,767.7,29173.0,26.315428649778905
EE,J,2009,701.3,27972.0,25.07150007150007
EE,J,2010,681.1,28065.0,24.268662034562624
EE,J,2011,733.6,30776.0,23.836755913698987
EE,J,2012,816.4,34822.0,23.444948595715353
EE,J,2013,863.2,37728.0,22.879558948261238
EE,J,2014,908.9,43608.0,20.84250596220877
EE,J,2015,957.9,48422.0,19.782330345710626
EE,J,2016,1015.3,54439.0,18.650232370175793
EE,J,2017,1127.8,54760.0,20.595325054784514
EE,J,2018,1292.2,57199.0,22.59130404377699
EE,J,2019,1427.1,53548.0,26.65085530738776
EE,J,2020,1580.2,56218.0,28.10843502081184
EE,J,2021,1487.3,59388.0,25.0437798881929
EE,J,2022,1745.2,63380.0,27.53550015777848
EE,J,2023,1998.6,67395.0,29.65501891831738
EE,J,2024,1976.2,68654.0,28.78492149037201
EL,J,2008,6397.8,212574.0,30.09681334499986
EL,J,2009,6606.6,215094.0,30.7149432341209
EL,J,2010,6270.0,204454.0,30.667044909857474
EL,J,2011,5559.3,188607.0,29.475576198126262
EL,J,2012,5170.2,189967.0,27.216305989987735
EL,J,2013,4911.7,180917.0,27.148913590209876
EL,J,2014,4280.8,189862.0,22.546902487069556
EL,J,2015,4318.9,178205.0,24.235571392497402
EL,J,2016,4384.3,181996.0,24.090089892085544
EL,J,2017,4436.7,180221.0,24.61810776768523
EL,J,2018,4235.9,199501.0,21.232475025187842
EL,J,2019,4436.7,204036.0,21.7446921131565
EL,J,2020,4863.2,193641.0,25.114516037409434
EL,J,2021,5324.0,220615.0,24.13253858531831
EL,J,2022,6084.9,228962.0,26.576025716057686
EL,J,2023,6246.1,259652.0,24.055659112966588
EL,J,2024,6751.8,248187.0,27.204486939283687
ES,J,2008,38545.0,768359.0,50.16535239386797
ES,J,2009,38600.1,771305.0,50.04518316359935
ES,J,2010,39693.0,755621.0,52.530302889940856
ES,J,2011,39396.9,777157.0,50.69361789188028
ES,J,2012,39990.4,741284.0,53.94747492189229
ES,J,2013,41122.3,725180.0,56.7063349789018
ES,J,2014,43964.9,726231.0,60.53845126412946
ES,J,2015,46652.6,771719.0,60.45283322038203
ES,J,2016,48610.9,802290.0,60.59018559373793
ES,J,2017,52752.2,857686.0,61.50525950056314
ES,J,2018,54933.9,891062.0,61.64991886086491
ES,J,2019,57242.1,911392.0,62.80733208103648
ES,J,2020,54491.1,904662.0,60.23365632689335
ES,J,2021,59052.3,976334.0,60.483707419796914
ES,J,2022,67690.2,1082700.0,62.51981158215572
ES,J,2023,72573.1,1125759.0,64.46592920864947
ES,J,2024,74805.9,1251706.0,59.76315524572064
EU27_2020,J,2008,449815.0,8816594.0,51.019135053740705
EU27_2020,J,2009,446663.4,8785875.0,50.83880660719621
EU27_2020,J,2010,454264.0,8671288.0,52.38714248679089
EU27_2020,J,2011,476846.1,8759740.0,54.4361019847621
EU27_2020,J,2012,488744.6,8848343.0,55.23572040550417
EU27_2020,J,2013,501489.0,8899869.0,56.34790804224197
EU27_2020,J,2014,520532.9,9054327.0,57.4899603250468
EU27_2020,J,2015,545188.3,9338882.0,58.378326227914656
EU27_2020,J,2016,564426.3,9580975.0,58.91115465805934
EU27_2020,J,2017,601362.0,9895728.0,60.76985947875689
EU27_2020,J,2018,642253.4,10301633.0,62.34481465220126
EU27_2020,J,2019,685772.3,10670343.0,64.26900241163756
EU27_2020,J,2020,701980.7,10654686.0,65.88469148691946
EU27_2020,J,2021,777928.7,11472737.0,67.80672301648683
EU27_2020,J,2022,825948.6,12113332.0,68.18508730710921
EU27_2020,J,2023,874647.2,12707710.0,68.82807366551486
EU27_2020,J,2024,900207.4,13073518.0,68.85731904755858
FI,J,2008,7966.5,160900.0,49.51211932877564
FI,J,2009,7898.6,154600.0,51.090556274256144
FI,J,2010,8208.0,154400.0,53.160621761658035
FI,J,2011,8724.0,155400.0,56.138996138996134
FI,J,2012,9247.0,155700.0,59.38985228002569
FI,J,2013,9559.4,159300.0,60.008788449466415
FI,J,2014,9955.6,158800.0,62.6926952141058
FI,J,2015,10265.0,163000.0,62.97546012269939
FI,J,2016,10455.6,163600.0,63.909535452322736
FI,J,2017,10919.7,167900.0,65.03692674210839
FI,J,2018,11214.1,174700.0,64.19061247853463
FI,J,2019,11588.4,176300.0,65.73114010209869
FI,J,2020,12086.4,178100.0,67.86299831555306
FI,J,2021,13349.0,184700.0,72.27395776935572
FI,J,2022,13629.4,194100.0,70.21844410097887
FI,J,2023,14348.0,196400.0,73.05498981670061
FI,J,2024,14432.9,196300.0,73.52470708099847
FR,J,2008,94028.0,1384969.0,67.89177230681697
FR,J,2009,90531.0,1376475.0,65.77017381354547
FR,J,2010,93632.8,1400376.0,66.86261404080048
FR,J,2011,99465.3,1418191.0,70.1353343802069
FR,J,2012,103881.0,1450411.0,71.6217678988921
FR,J,2013,103617.5,1448935.0,71.51286979747194
FR,J,2014,106685.7,1442598.0,73.95386656573764
FR,J,2015,110291.4,1477558.0,74.644379442296
FR,J,2016,113419.7,1531801.0,74.04336464070724
FR,J,2017,120864.8,1538481.0,78.56112620175355
FR,J,2018,127858.7,1631207.0,78.38287844522492
FR,J,2019,135647.8,1648614.0,82.27990299730561
FR,J,2020,134881.8,1639909.0,82.24956384775008
FR,J,2021,147984.9,1788589.0,82.7383484970555
FR,J,2022,158416.8,1899039.0,83.41945584055935
FR,J,2023,166231.5,1967812.0,84.47529540423578
FR,J,2024,171654.1,1986631.0,86.40462169371162
HR,J,2008,1968.1,76834.0,25.61496212614207
HR,J,2009,1914.0,82572.0,23.17977038221189
HR,J,2010,1956.1,86953.0,22.496061090474164
HR,J,2011,1951.0,80930.0,24.10725318176202
HR,J,2012,1940.7,74979.0,25.88324730924659
HR,J,2013,1918.0,78666.0,24.38156255561488
HR,J,2014,1879.3,83249.0,22.574445338682747
HR,J,2015,1878.5,87236.0,21.53354119858774
HR,J,2016,1943.2,103630.0,18.751326835858343
HR,J,2017,2036.2,89773.0,22.681652612700926
HR,J,2018,2158.6,106886.0,20.195348315027225
HR,J,2019,2271.1,111929.0,20.290541325304435
HR,J,2020,2583.2,108032.0,23.911433649289098
HR,J,2021,2761.2,96368.0,28.652664784990865
HR,J,2022,3264.2,107729.0,30.30010489283294
HR,J,2023,3445.7,124289.0,27.723290073940575
HR,J,2024,3556.7,149242.0,23.831763176585678
HU,J,2008,4219.0,181636.0,23.227774229778237
HU,J,2009,4479.6,186243.0,24.05244760876919
HU,J,2010,4505.8,174079.0,25.883650526485102
HU,J,2011,4695.2,184656.0,25.42673945065419
HU,J,2012,4762.4,182307.0,26.122968399458053
HU,J,2013,4906.3,195119.0,25.145167820663286
HU,J,2014,5134.7,211312.0,24.299140607253726
HU,J,2015,5195.6,217693.0,23.866637879950208
HU,J,2016,5462.9,232314.0,23.5151562109903
HU,J,2017,6025.9,245580.0,24.537421614137955
HU,J,2018,6732.9,256021.0,26.298233348045667
HU,J,2019,7440.7,268033.0,27.760387713453195
HU,J,2020,7933.7,282269.0,28.106876773574143
HU,J,2021,9434.2,307297.0,30.700592586325282
HU,J,2022,10007.9,315649.0,31.705787124305793
HU,J,2023,10745.5,310962.0,34.55566918144339
HU,J,2024,11025.9,325353.0,33.889037445482295
IE,J,2008,12166.3,158675.0,76.67433433118008
IE,J,2009,12936.7,160228.0,80.73932146690966
IE,J,2010,14008.3,163762.0,85.5406016047679
IE,J,2011,14449.5,166259.0,86.90958083472172
IE,J,2012,14667.4,174247.0,84.1759112065057
IE,J,2013,16272.5,179343.0,90.73395671980506
IE,J,2014,18395.5,184704.0,99.5944863132363
IE,J,2015,21367.0,191742.0,111.43620072806166
IE,J,2016,23330.0,200980.0,116.08120210966266
IE,J,2017,29904.1,219683.0,136.12386939362625
IE,J,2018,37140.6,229230.0,162.02329538018583
IE,J,2019,44585.3,240707.0,185.22643712064877
IE,J,2020,53059.4,251626.0,210.86612671186603
IE,J,2021,65568.1,284324.0,230.61050069638864
IE,J,2022,70542.2,310911.0,226.8887237826902
IE,J,2023,79273.1,317507.0,249.67355050439835
IE,J,2024,84187.6,326995.0,257.4583709231028
IS,J,2008,383.6,12683.0,30.24521012378775
IS,J,2009,370.2,11179.0,33.11566329725378
IS,J,2010,356.8,11246.0,31.726836208429663
IS,J,2011,375.3,11579.0,32.41212539943
IS,J,2012,376.9,11463.0,32.87969990403908
IS,J,2013,415.7,11957.0,34.76624571380781
IS,J,2014,428.4,12131.0,35.314483554529716
IS,J,2015,467.2,12326.0,37.90361836767808
IS,J,2016,529.2,12819.0,41.28247133161714
IS,J,2017,521.6,12703.0,41.06116665354641
IS,J,2018,649.2,13146.0,49.38384299406664
IS,J,2019,675.1,12896.0,52.34956575682383
IS,J,2020,644.1,13098.0,49.175446633073754
IS,J,2021,669.2,13306.0,50.293100856756354
IS,J,2022,687.7,14165.0,48.54924108718673
IS,J,2023,761.1,14384.0,52.91295884315907
IT,J,2008,59773.6,1125257.0,53.11995393052432
IT,J,2009,59919.0,1129637.0,53.042703098428966
IT,J,2010,60865.1,1106149.0,55.024323124642336
IT,J,2011,60560.1,1088759.0,55.623053403002864
IT,J,2012,57421.9,1069821.0,53.67430626244951
IT,J,2013,56616.5,1061483.0,53.337170731891135
IT,J,2014,56221.9,1031808.0,54.48872270810073
IT,J,2015,56645.7,1046741.0,54.116252253422765
IT,J,2016,58932.4,1067773.0,55.19188067126627
IT,J,2017,59838.7,1090517.0,54.87186352895003
IT,J,2018,59052.4,1106347.0,53.37602036250833
IT,J,2019,60677.1,1125055.0,53.932563296905485
IT,J,2020,60200.7,1067929.0,56.3714441690412
IT,J,2021,66544.7,1150204.0,57.85469360217839
IT,J,2022,68771.3,1198745.0,57.36941551372477
IT,J,2023,71398.4,1257338.0,56.78536718050357
IT,J,2024,72319.7,1265425.0,57.15052255171187
LT,J,2008,890.8,47152.0,18.89209365456396
LT,J,2009,891.4,45844.0,19.444202076607624
LT,J,2010,915.6,42109.0,21.74357025813959
LT,J,2011,871.5,46993.0,18.545315259719533
LT,J,2012,883.7,53798.0,16.42626119930109
LT,J,2013,941.6,46021.0,20.460224680037378
LT,J,2014,961.9,45326.0,21.221815293650444
LT,J,2015,1045.8,50742.0,20.610145441645972
LT,J,2016,1100.2,54342.0,20.245850355158073
LT,J,2017,1184.8,51393.0,23.05372326970599
LT,J,2018,1291.2,62749.0,20.57722035410923
LT,J,2019,1446.6,70161.0,20.618292213622954
LT,J,2020,1557.6,73230.0,21.269971323228184
LT,J,2021,1718.4,98338.0,17.4744249425451
LT,J,2022,2002.3,109849.0,18.227749000901234
LT,J,2023,2302.7,114919.0,20.03759169501997
LT,J,2024,2619.4,134375.0,19.49320930232558
LU,J,2008,1936.8,22621.0,85.61955704876
LU,J,2009,2277.7,22479.0,101.3256817474087
LU,J,2010,2504.5,22817.0,109.7646491650962
LU,J,2011,2657.0,24060.0,110.43225270157939
LU,J,2012,2942.1,24665.0,119.28238394486114
LU,J,2013,2734.0,25129.0,108.7985992279836
LU,J,2014,2790.5,26032.0,107.19499078057774
LU,J,2015,2938.3,27018.0,108.75342364349694
LU,J,2016,3117.8,28284.0,110.23193324847972
LU,J,2017,3261.7,29626.0,110.09586174306352
LU,J,2018,3174.6,30956.0,102.5520093035276
LU,J,2019,2868.5,31583.0,90.8241775638793
LU,J,2020,2664.7,31507.0,84.57485638112165
LU,J,2021,3040.7,34684.0,87.66866566716641
LU,J,2022,3861.6,35420.0,109.02315076228119
LU,J,2023,4845.5,35525.0,136.3969035890218
LU,J,2024,3612.6,36172.0,99.87282981311512
LV,J,2008,895.9,40470.0,22.13738571781567
LV,J,2009,730.6,36395.0,20.07418601456244
LV,J,2010,750.1,37230.0,20.147730325006716
LV,J,2011,737.8,39074.0,18.882121103547114
LV,J,2012,802.3,40224.0,19.94580350039777
LV,J,2013,861.0,44597.0,19.306231360853868
LV,J,2014,853.1,48435.0,17.61329617012491
LV,J,2015,877.0,54470.0,16.100605838076007
LV,J,2016,923.4,58585.0,15.761713749253222
LV,J,2017,1003.3,61576.0,16.293685851630503
LV,J,2018,1100.8,67418.0,16.327983624551308
LV,J,2019,1145.1,64047.0,17.87905756709916
LV,J,2020,1154.1,58442.0,19.747784127853254
LV,J,2021,1292.8,65129.0,19.849836478373685
LV,J,2022,1404.8,72777.0,19.302801709331245
LV,J,2023,1390.1,75368.0,18.444167285850757
LV,J,2024,1375.9,75952.0,18.11538866652623
MT,J,2008,282.8,10235.0,27.630679042501225
MT,J,2009,287.0,11148.0,25.74452816648726
MT,J,2010,323.3,10661.0,30.325485414126256
MT,J,2011,394.2,11138.0,35.39235051176154
MT,J,2012,437.4,11851.0,36.90827778246561
MT,J,2013,467.8,12400.0,37.725806451612904
MT,J,2014,588.4,12654.0,46.49913070965702
MT,J,2015,673.7,14392.0,46.810728182323516
MT,J,2016,763.9,15761.0,48.467736818729776
MT,J,2017,918.1,16987.0,54.04721257432154
MT,J,2018,1010.1,17909.0,56.40180914623932
MT,J,2019,1107.7,20505.0,54.02097049500122
MT,J,2020,1310.9,21516.0,60.926752184420906
MT,J,2021,1581.9,22114.0,71.53386994664014
MT,J,2022,1871.7,25192.0,74.29739599872975
MT,J,2023,2273.2,26113.0,87.05242599471526
MT,J,2024,2416.7,26550.0,91.02448210922786
NL,J,2008,28828.3,459495.0,62.739094005375456
NL,J,2009,27933.0,453811.0,61.55205581178067
NL,J,2010,27843.0,442495.0,62.92274488977277
NL,J,2011,28390.0,452577.0,62.729657052833
NL,J,2012,28670.0,456361.0,62.82307208547619
NL,J,2013,29172.1,452547.0,64.46203377770706
NL,J,2014,30052.5,466418.0,64.43254762895086
NL,J,2015,31260.0,478960.0,65.2664105562051
NL,J,2016,32618.2,494903.0,65.90826889309623
NL,J,2017,34311.9,511453.0,67.08710282274227
NL,J,2018,35488.2,527354.0,67.29483421003728
NL,J,2019,37202.4,549012.0,67.76245327970975
NL,J,2020,38881.6,558150.0,69.66156051240706
NL,J,2021,41001.3,581550.0,70.50348207376838
NL,J,2022,46846.9,604947.0,77.43967653364675
NL,J,2023,47758.0,620673.0,76.94550914893993
NL,J,2024,49055.6,626929.0,78.24745704856531
NO,J,2008,10588.5,137540.0,76.98487712665407
NO,J,2009,10840.0,134240.0,80.75089392133494
NO,J,2010,11911.5,136410.0,87.32131075434351
NO,J,2011,12248.0,137570.0,89.03103874391219
NO,J,2012,12627.3,138700.0,91.04037490987743
NO,J,2013,13019.9,138500.0,94.00649819494585
NO,J,2014,13200.7,142410.0,92.69503546099293
NO,J,2015,13639.5,144780.0,94.2084542063821
NO,J,2016,13935.1,144782.0,96.24884308822921
NO,J,2017,14336.5,145804.0,98.32720638665606
NO,J,2018,15509.6,149644.0,103.64331346395446
NO,J,2019,16393.5,157401.0,104.1511807421808
NO,J,2020,16276.0,156458.0,104.02791803551114
NO,J,2021,17005.1,166786.0,101.95759835957453
NO,J,2022,17643.5,178696.0,98.73472265747414
NO,J,2023,18012.7,182533.0,98.68188218020852
NO,J,2024,17981.4,183309.0,98.09338330360212
PL,J,2008,11946.8,627566.0,19.03672283074609
PL,J,2009,12368.1,650962.0,18.999726558539514
PL,J,2010,11128.0,608535.0,18.286540626258144
PL,J,2011,11822.8,600215.0,19.697608357005407
PL,J,2012,13491.5,643364.0,20.970243905471865
PL,J,2013,13737.0,671438.0,20.459074404487087
PL,J,2014,15011.3,723957.0,20.7350712818579
PL,J,2015,16475.9,759329.0,21.69797281547261
PL,J,2016,18654.1,749766.0,24.879895860841913
PL,J,2017,20517.3,789554.0,25.985936364073893
PL,J,2018,22023.4,841170.0,26.18186573463153
PL,J,2019,23946.5,939391.0,25.491515247644482
PL,J,2020,25771.7,980323.0,26.288988425243517
PL,J,2021,32578.6,1106069.0,29.454401126873638
PL,J,2022,34322.9,1132359.0,30.310970284159
PL,J,2023,34675.6,1349305.0,25.698859783369958
PL,J,2024,35290.3,1428417.0,24.70588070570429
PT,J,2008,5805.2,137746.0,42.144236493255704
PT,J,2009,5851.9,142854.0,40.96420121242667
PT,J,2010,5646.8,145149.0,38.90347160504034
PT,J,2011,5958.1,146853.0,40.57186438138819
PT,J,2012,5768.0,146774.0,39.298513360676964
PT,J,2013,5651.6,150582.0,37.531710297379504
PT,J,2014,5576.3,154637.0,36.06058058550024
PT,J,2015,5608.7,165765.0,33.83524869544234
PT,J,2016,5764.5,172622.0,33.393773678905355
PT,J,2017,5995.2,185229.0,32.366422104530066
PT,J,2018,6435.3,202171.0,31.830974768883767
PT,J,2019,6945.3,216444.0,32.08820757332151
PT,J,2020,7504.8,227606.0,32.972768731931495
PT,J,2021,8021.6,252054.0,31.824926404659323
PT,J,2022,8876.1,285264.0,31.115387851253576
PT,J,2023,9360.5,318429.0,29.39587788800643
PT,J,2024,9700.9,325815.0,29.77425839817074
RO,J,2008,5424.1,222322.0,24.397495524509498
RO,J,2009,4964.5,218937.0,22.67547285292116
RO,J,2010,5190.3,221154.0,23.469166282319108
RO,J,2011,5380.3,226979.0,23.703954991430926
RO,J,2012,6356.5,269504.0,23.585920802659704
RO,J,2013,7317.0,261864.0,27.941985152598296
RO,J,2014,7579.9,268964.0,28.18183846165286
RO,J,2015,8229.6,316941.0,25.965716016545667
RO,J,2016,8767.1,308858.0,28.385536395366156
RO,J,2017,10423.1,333679.0,31.236907327101793
RO,J,2018,11034.3,333633.0,33.073167222666825
RO,J,2019,12750.7,323560.0,39.40752874273705
RO,J,2020,13427.7,339220.0,39.58404575201934
RO,J,2021,14941.9,361631.0,41.3180839032052
RO,J,2022,17983.4,361993.0,49.6788611934485
RO,J,2023,18926.7,316358.0,59.82684174258277
RO,J,2024,18996.6,387562.0,49.0156413683488
RS,J,2008,1174.0,79458.0,14.775101311384631
RS,J,2009,1289.7,79097.0,16.305296028926506
RS,J,2010,1302.4,79358.0,16.411703923990018
RS,J,2011,1344.1,81589.0,16.4740344899435
RS,J,2012,1496.1,87879.0,17.02454511316697
RS,J,2013,1465.4,89612.0,16.352720617774406
RS,J,2014,1548.6,91803.0,16.86872978007255
RS,J,2015,1568.2,95604.0,16.40307936906406
RS,J,2016,1679.0,99342.0,16.90120996154698
RS,J,2017,1786.0,106977.0,16.69517746805388
RS,J,2018,1932.5,114096.0,16.93749123545085
RS,J,2019,2137.5,121946.0,17.52825020910895
RS,J,2020,2352.4,131673.0,17.86546976221397
RS,J,2021,2574.7,152078.0,16.93012796065177
RS,J,2022,2938.3,170597.0,17.223632303029948
RS,J,2023,3343.5,198875.0,16.812067881835322
RS,J,2024,3570.6,200300.0,17.826260609086372
SE,J,2008,19082.6,335060.0,56.95278457589685
SE,J,2009,19688.1,320470.0,61.43507972665148
SE,J,2010,21792.4,323950.0,67.27087513505171
SE,J,2011,22996.1,333450.0,68.96416254310991
SE,J,2012,23425.5,336250.0,69.66691449814127
SE,J,2013,24742.6,333020.0,74.29763978139451
SE,J,2014,26321.1,343800.0,76.55933682373472
SE,J,2015,30262.8,356450.0,84.90054706129892
SE,J,2016,29205.3,345950.0,84.4205810088163
SE,J,2017,27662.1,354960.0,77.93018931710614
SE,J,2018,31893.4,369780.0,86.2496619611661
SE,J,2019,36277.1,384200.0,94.42243623112961
SE,J,2020,39094.3,388070.0,100.74033035277141
SE,J,2021,43557.1,397730.0,109.51424333090287
SE,J,2022,42029.9,426350.0,98.58074352058169
SE,J,2023,40839.7,442330.0,92.32857821083805
SE,J,2024,42034.6,424900.0,98.92821840433042
SI,J,2008,1341.2,39480.0,33.97163120567376
SI,J,2009,1276.7,41838.0,30.515321000047802
SI,J,2010,1276.4,41952.0,30.42524790236461
SI,J,2011,1276.3,41738.0,30.578849010494036
SI,J,2012,1272.6,42543.0,29.913264226782314
SI,J,2013,1287.3,43493.0,29.597866323316396
SI,J,2014,1346.3,44679.0,30.13272454620739
SI,J,2015,1368.1,46890.0,29.176796758370653
SI,J,2016,1361.2,47563.0,28.618884426970546
SI,J,2017,1429.0,48398.0,29.52601347163106
SI,J,2018,1510.9,50058.0,30.1829877342283
SI,J,2019,1673.5,52054.0,32.14930648941484
SI,J,2020,1732.1,53046.0,32.65279191644987
SI,J,2021,1959.8,56524.0,34.671997735475195
SI,J,2022,2145.5,60160.0,35.66323138297872
SI,J,2023,2311.1,62941.0,36.7185141640584
SI,J,2024,2435.7,65002.0,37.471154733700494
SK,J,2008,2830.5,96820.0,29.234662259863665
SK,J,2009,3023.6,97759.0,30.92912161540114
SK,J,2010,3279.8,96726.0,33.90815292682422
SK,J,2011,3267.5,105748.0,30.89892953058214
SK,J,2012,3801.2,104592.0,36.34312375707511
SK,J,2013,3655.2,108650.0,33.64196962724344
SK,J,2014,3410.8,110190.0,30.953807060531812
SK,J,2015,3609.8,110761.0,32.59089390670002
SK,J,2016,3995.3,115887.0,34.47582558872005
SK,J,2017,4104.9,119657.0,34.305556716280705
SK,J,2018,4121.2,124744.0,33.03726030911306
SK,J,2019,4197.1,128002.0,32.78933141669662
SK,J,2020,4086.6,128635.0,31.768958681540795
SK,J,2021,4304.8,131862.0,32.64625138402269
SK,J,2022,4497.6,137311.0,32.75484119990387
SK,J,2023,4584.4,141029.0,32.506789383743765
SK,J,2024,4518.5,139799.0,32.321404301890574
UK,J,2008,103547.6,2005418.0,51.63392370069482
UK,J,2009,100172.3,2038889.0,49.130825660445474
UK,J,2010,104627.9,2031094.0,51.51307620425248
UK,J,2011,107181.5,2161120.0,49.595348708077296
UK,J,2012,110828.8,2143141.0,51.71325638397101
UK,J,2013,115043.8,2239131.0,51.37877149662079
UK,J,2014,115519.6,2371122.0,48.71938263826155
UK,J,2015,122643.0,2360568.0,51.95486848927885
UK,J,2016,128784.6,2449551.0,52.57477798992551
UK,J,2017,134400.0,2572379.0,52.24735546356116
UK,J,2018,140515.9,2556636.0,54.96124594975585
AT,K,2008,11302.1,224978.0,50.23646756571753
AT,K,2009,11859.0,222912.0,53.20036606373816
AT,K,2010,12014.4,225178.0,53.35512350229596
AT,K,2011,12321.2,226089.0,54.49712281446687
AT,K,2012,12395.2,220847.0,56.12573410551197
AT,K,2013,12081.6,218293.0,55.34579670442937
AT,K,2014,11681.8,212054.0,55.08879813632377
AT,K,2015,12097.2,206600.0,58.55372700871249
AT,K,2016,12022.6,212080.0,56.68898528857035
AT,K,2017,12715.0,199925.0,63.598849568588214
AT,K,2018,13108.0,197413.0,66.39886937537041
AT,K,2019,13787.2,203981.0,67.59060892926303
AT,K,2020,13956.7,198249.0,70.3998506928156
AT,K,2021,15517.2,201049.0,77.18118468632025
AT,K,2022,15504.8,195884.0,79.15296808315125
AT,K,2023,14377.2,194021.0,74.10125708041913
AT,K,2024,15037.1,198903.0,75.60016691553169
BE,K,2008,16398.0,202753.0,80.87673178695259
BE,K,2009,18342.2,196913.0,93.1487509712411
BE,K,2010,19189.4,190565.0,100.69739983732586
BE,K,2011,18591.9,190838.0,97.42242111109947
BE,K,2012,20295.6,189346.0,107.1878994010964
BE,K,2013,19437.6,186611.0,104.16106231679804
BE,K,2014,20066.2,184974.0,108.48119195130127
BE,K,2015,20736.9,182120.0,113.86393586646167
BE,K,2016,20695.5,179122.0,115.5385714764239
BE,K,2017,21236.1,175578.0,120.94966339746436
BE,K,2018,21527.3,171496.0,125.5265428931287
BE,K,2019,22147.6,169496.0,130.66739038089395
BE,K,2020,21438.5,164842.0,130.0548403926184
BE,K,2021,22023.2,164213.0,134.1136207243032
BE,K,2022,20362.0,163060.0,124.87427940635348
BE,K,2023,20281.5,163192.0,124.27998921515761
BE,K,2024,20043.6,163086.0,122.90202715131893
BG,K,2008,2105.4,90556.0,23.24970184195415
BG,K,2009,2382.5,97768.0,24.368914164143685
BG,K,2010,2977.3,102039.0,29.178059369456776
BG,K,2011,2876.5,106851.0,26.92066522540734
BG,K,2012,2738.2,103874.0,26.36078325663785
BG,K,2013,2540.0,103169.0,24.61979858290766
BG,K,2014,2531.7,102928.0,24.59680553396549
BG,K,2015,2493.9,106354.0,23.449047520544596
BG,K,2016,2662.0,107199.0,24.83232119702609
BG,K,2017,2692.8,106732.0,25.22954690252221
BG,K,2018,2650.0,107510.0,24.648869872569993
BG,K,2019,2727.6,110505.0,24.683046016017375
BG,K,2020,3040.5,109529.0,27.759771384747417
BG,K,2021,3796.5,108354.0,35.03793122542776
BG,K,2022,4146.7,109289.0,37.94251937523447
BG,K,2023,4125.4,112531.0,36.66012032240005
BG,K,2024,4372.0,115320.0,37.911897329171005
CH,K,2008,47273.2,430789.0,109.73632102955274
CH,K,2009,45131.4,440806.0,102.38381510233526
CH,K,2010,45851.3,391958.0,116.98013562677635
CH,K,2011,46453.8,404760.0,114.7687518529499
CH,K,2012,47893.1,398933.0,120.05299135443796
CH,K,2013,51326.9,388249.0,132.20098441979243
CH,K,2014,52198.2,392000.0,133.15867346938776
CH,K,2015,53447.1,399645.0,133.7364410914687
CH,K,2016,54442.6,404087.0,134.7298972745968
CH,K,2017,55136.0,403892.0,136.511740762382
CH,K,2018,56272.6,381279.0,147.58903585038777
CH,K,2019,57306.5,385648.0,148.59794423930632
CH,K,2020,60769.6,392387.0,154.87159360529273
CH,K,2021,64474.3,395173.0,163.1546183570234
CH,K,2022,64954.7,392388.0,165.53691754080143
CH,K,2023,62542.1,401948.0,155.59749022261585
CY,K,2008,1344.4,29661.0,45.32551161457807
CY,K,2009,1442.2,29943.0,48.16484654176268
CY,K,2010,1531.7,31011.0,49.392151172164716
CY,K,2011,1566.6,32219.0,48.62348303795896
CY,K,2012,1595.2,32736.0,48.729227761485824
CY,K,2013,1495.3,31147.0,48.007833820271614
CY,K,2014,1446.4,30365.0,47.633788901696036
CY,K,2015,1577.3,31748.0,49.68186972407711
CY,K,2016,1478.6,33398.0,44.272112102521106
CY,K,2017,1404.2,34566.0,40.6237343053868
CY,K,2018,1225.3,35290.0,34.720884103145366
CY,K,2019,1191.0,36485.0,32.643552144717006
CY,K,2020,1590.7,39529.0,40.24134179969137
CY,K,2021,1784.9,41657.0,42.84754062942603
CY,K,2022,1802.7,41651.0,43.281073683705074
CY,K,2023,1803.7,40158.0,44.91508541262015
CY,K,2024,1823.8,40148.0,45.426920394540204
CZ,K,2008,6111.0,155588.0,39.27680798004988
CZ,K,2009,6604.0,156772.0,42.12486923685352
CZ,K,2010,6610.0,153686.0,43.009773173874
CZ,K,2011,6512.6,157060.0,41.46568190500446
CZ,K,2012,6660.8,167695.0,39.71972927040162
CZ,K,2013,7157.7,167156.0,42.82047907344038
CZ,K,2014,7033.7,169528.0,41.489901373224484
CZ,K,2015,7438.7,161611.0,46.02842628286441
CZ,K,2016,7967.5,161738.0,49.26176903386959
CZ,K,2017,8888.8,163914.0,54.228436863233156
CZ,K,2018,9546.2,163210.0,58.49028858525826
CZ,K,2019,9949.5,164284.0,60.56280587275693
CZ,K,2020,10352.4,150364.0,68.84892660477242
CZ,K,2021,11410.4,151354.0,75.38882355273068
CZ,K,2022,11425.3,160788.0,71.05816354454312
CZ,K,2023,11996.2,164930.0,72.73509973928334
CZ,K,2024,12146.8,156665.0,77.53359078288067
DE,K,2008,114297.8,1881058.0,60.76250705719866
DE,K,2009,108064.7,1852012.0,58.34989190134837
DE,K,2010,115367.0,1850520.0,62.34301709789681
DE,K,2011,121454.3,1826257.0,66.5044952599771
DE,K,2012,119486.0,1800487.0,66.36315619051956
DE,K,2013,126727.5,1789568.0,70.81457647879265
DE,K,2014,121272.0,1777723.0,68.21760195486023
DE,K,2015,123046.0,1771963.0,69.44050186149485
DE,K,2016,118015.8,1741613.0,67.76235593096744
DE,K,2017,121940.3,1682489.0,72.47613505942684
DE,K,2018,113933.3,1625658.0,70.08442120052312
DE,K,2019,118611.1,1603107.0,73.98826154461307
DE,K,2020,121502.9,1559777.0,77.89760972241544
DE,K,2021,130700.7,1592568.0,82.06914869569148
DE,K,2022,121114.1,1556795.0,77.79707668639738
DE,K,2023,119024.2,1559041.0,76.3444963923335
DE,K,2024,118283.1,1576562.0,75.0259742401504
DK,K,2008,13966.1,128020.0,109.09311045149197
DK,K,2009,13352.2,135420.0,98.59843450007385
DK,K,2010,12715.5,125662.0,101.18810778119082
DK,K,2011,11979.6,124794.0,95.99499975960383
DK,K,2012,11807.3,120340.0,98.11617084926043
DK,K,2013,11841.8,116612.0,101.54872568860837
DK,K,2014,11491.6,108735.0,105.68446222467468
DK,K,2015,11015.0,111863.0,98.46866256045342
DK,K,2016,11096.6,108985.0,101.81768133229343
DK,K,2017,11432.6,112737.0,101.40947515012817
DK,K,2018,11856.4,111447.0,106.38599513670174
DK,K,2019,11707.7,115918.0,100.99984471781777
DK,K,2020,12386.7,113057.0,109.56154859937908
DK,K,2021,12787.8,111763.0,114.41890428853914
DK,K,2022,10989.1,109328.0,100.51496414459243
DK,K,2023,10710.6,115969.0,92.35744035043848
DK,K,2024,11402.1,111170.0,102.5645407933795
EA,K,2008,443153.1,6627302.0,66.8677992944942
EA,K,2009,442673.5,6619698.0,66.87215942479551
EA,K,2010,453900.5,6554239.0,69.25296743069639
EA,K,2011,462887.0,6516434.0,71.03378933938409
EA,K,2012,454970.5,6448230.0,70.55742428542406
EA,K,2013,453637.6,6347840.0,71.46330090235419
EA,K,2014,450691.6,6289583.0,71.65683321135916
EA,K,2015,452150.7,6311970.0,71.6338480696201
EA,K,2016,444987.8,6297126.0,70.66522092776927
EA,K,2017,449088.9,6156898.0,72.94077309710183
EA,K,2018,448462.7,6082316.0,73.73222634272867
EA,K,2019,453974.1,6130348.0,74.05356107026877
EA,K,2020,458651.8,5996877.0,76.48177543077838
EA,K,2021,486043.9,6161857.0,78.8794514380973
EA,K,2022,475660.2,6129976.0,77.59576872731638
EA,K,2023,465499.5,6245337.0,74.53552946782536
EA,K,2024,473502.7,6335535.0,74.73760305956797
EA12,K,2008,439736.9,6542508.0,67.21228311833934
EA12,K,2009,436938.8,6459641.0,67.64134415519376
EA12,K,2010,448022.6,6394435.0,70.06445448268688
EA12,K,2011,456431.8,6335926.0,72.03868858316842
EA12,K,2012,448577.3,6267347.0,71.57371372607899
EA12,K,2013,447223.3,6168606.0,72.49989705940045
EA12,K,2014,443379.0,6083174.0,72.88612819557686
EA12,K,2015,443597.7,6067145.0,73.11473518434124
EA12,K,2016,436464.2,6040472.0,72.25663822297331
EA12,K,2017,440746.1,5897900.0,74.72932738771426
EA12,K,2018,440018.1,5829423.0,75.4822732884541
EA12,K,2019,445286.9,5863785.0,75.93847659830638
EA12,K,2020,449371.4,5731909.0,78.39820904344434
EA12,K,2021,475471.6,5882297.0,80.83094070224607
EA12,K,2022,465578.9,5839139.0,79.73416971234971
EA12,K,2023,452820.6,5897954.0,76.77587855042613
EA12,K,2024,460563.0,5977729.0,77.04648370643768
EA19,K,2008,447342.9,6797617.0,65.8087826954652
EA19,K,2009,444679.2,6716808.0,66.2039468747655
EA19,K,2010,455802.7,6642645.0,68.6176515529582
EA19,K,2011,464151.2,6584437.0,70.49216204817512
EA19,K,2012,456248.9,6513411.0,70.04761406888035
EA19,K,2013,454993.7,6410388.0,70.97756017264479
EA19,K,2014,451436.2,6323602.0,71.38909121731571
EA19,K,2015,452150.7,6311970.0,71.6338480696201
EA19,K,2016,444987.8,6297126.0,70.66522092776927
EA19,K,2017,449088.9,6156898.0,72.94077309710183
EA19,K,2018,448462.7,6082316.0,73.73222634272867
EA19,K,2019,453974.1,6130348.0,74.05356107026877
EA19,K,2020,458651.8,5996877.0,76.48177543077838
EA19,K,2021,486043.9,6161857.0,78.8794514380973
EA19,K,2022,475660.2,6129976.0,77.59576872731638
EA19,K,2023,462952.8,6186255.0,74.83571239788854
EA19,K,2024,470919.2,6256120.0,75.27336432165625
EA20,K,2008,449767.3,6870506.0,65.46348987978469
EA20,K,2009,447137.5,6791427.0,65.83851965131923
EA20,K,2010,458438.2,6717479.0,68.24557248336764
EA20,K,2011,466848.6,6661858.0,70.07783714393192
EA20,K,2012,458828.9,6595216.0,69.56995798166429
EA20,K,2013,457480.8,6493607.0,70.45095276015317
EA20,K,2014,453937.1,6398087.0,70.94887893834516
EA20,K,2015,454703.9,6388001.0,71.18093751081128
EA20,K,2016,447561.8,6371021.0,70.2496193310303
EA20,K,2017,451712.8,6241981.0,72.36689762432792
EA20,K,2018,451025.6,6163950.0,73.17152150812385
EA20,K,2019,456467.4,6202805.0,73.59048043586733
EA20,K,2020,460749.7,6071935.0,75.8818564427979
EA20,K,2021,488523.2,6228910.0,78.42836066021182
EA20,K,2022,478146.2,6194489.0,77.1889658695011
EA20,K,2023,465499.5,6245337.0,74.53552946782536
EA20,K,2024,473502.7,6335535.0,74.73760305956797
EE,K,2008,892.5,19864.0,44.93052758759565
EE,K,2009,766.6,19555.0,39.20225006392227
EE,K,2010,649.4,19827.0,32.75331618500025
EE,K,2011,556.6,19352.0,28.761885076477885
EE,K,2012,497.3,19764.0,25.161910544424206
EE,K,2013,424.4,17717.0,23.95439408477733
EE,K,2014,431.9,16675.0,25.901049475262365
EE,K,2015,475.8,16922.0,28.117243824607023
EE,K,2016,477.4,19537.0,24.435686134002147
EE,K,2017,498.0,21204.0,23.486134691567628
EE,K,2018,523.1,22118.0,23.650420472013746
EE,K,2019,571.0,20492.0,27.864532500487996
EE,K,2020,629.4,22363.0,28.144703304565578
EE,K,2021,654.3,25014.0,26.157351882945548
EE,K,2022,596.7,28873.0,20.66636650157587
EE,K,2023,585.8,30950.0,18.927302100161548
EE,K,2024,585.2,31363.0,18.65892931160922
EL,K,2008,9794.8,228580.0,42.850643100883715
EL,K,2009,10249.1,223892.0,45.7769817590624
EL,K,2010,9366.7,205998.0,45.46985893066923
EL,K,2011,8109.1,192558.0,42.11250636171959
EL,K,2012,5686.9,194814.0,29.19143388052193
EL,K,2013,6605.2,191992.0,34.403516813200554
EL,K,2014,7912.7,172771.0,45.798774099819994
EL,K,2015,7863.6,178152.0,44.13983564596524
EL,K,2016,8735.4,177435.0,49.2315495815369
EL,K,2017,8790.3,166463.0,52.806329334446694
EL,K,2018,8164.9,181681.0,44.9408578772684
EL,K,2019,8076.0,177773.0,45.428720896874104
EL,K,2020,7775.8,160962.0,48.30829636808688
EL,K,2021,8025.5,161646.0,49.6486148744788
EL,K,2022,7941.8,174609.0,45.48333705593641
EL,K,2023,8715.7,168939.0,51.59081088440207
EL,K,2024,8577.3,174781.0,49.074556158850214
ES,K,2008,45666.1,701955.0,65.05559473185603
ES,K,2009,42774.3,685223.0,62.423911631687794
ES,K,2010,41244.0,669106.0,61.64045756576686
ES,K,2011,39350.0,651956.0,60.35683389676604
ES,K,2012,36641.9,635156.0,57.68960696269893
ES,K,2013,32717.0,607274.0,53.87518648913011
ES,K,2014,31147.1,595672.0,52.289011402248214
ES,K,2015,29139.5,582200.0,50.05066987289592
ES,K,2016,30260.2,592569.0,51.06612056992519
ES,K,2017,30126.0,586494.0,51.366254386234125
ES,K,2018,31856.9,586525.0,54.31464984442266
ES,K,2019,30907.8,605510.0,51.04424369539727
ES,K,2020,32459.2,603287.0,53.80391090807527
ES,K,2021,32188.8,614290.0,52.400006511582475
ES,K,2022,33250.1,582298.0,57.101518466489665
ES,K,2023,32852.6,592878.0,55.41207465954209
ES,K,2024,33945.0,602181.0,56.37009470574462
EU27_2020,K,2008,508524.2,8457224.0,60.12897376254903
EU27_2020,K,2009,502647.5,8459396.0,59.41884030491066
EU27_2020,K,2010,514138.0,8356409.0,61.52618906039663
EU27_2020,K,2011,524253.8,8354563.0,62.750595093962424
EU27_2020,K,2012,514652.2,8324399.0,61.8245473336874
EU27_2020,K,2013,516801.0,8154070.0,63.37951476992472
EU27_2020,K,2014,513903.4,8035617.0,63.953197371153955
EU27_2020,K,2015,517993.8,8051254.0,64.33703370928305
EU27_2020,K,2016,513166.5,8019138.0,63.99272590146222
EU27_2020,K,2017,518330.9,7902493.0,65.59080786278457
EU27_2020,K,2018,523832.7,7840203.0,66.81366541146957
EU27_2020,K,2019,531696.5,7930392.0,67.04542474066857
EU27_2020,K,2020,537847.9,7796915.0,68.9821422960235
EU27_2020,K,2021,567120.5,7969877.0,71.15799905067544
EU27_2020,K,2022,563632.6,7936292.0,71.01963990236246
EU27_2020,K,2023,552000.8,8068885.0,68.41103820416328
EU27_2020,K,2024,561764.7,8144928.0,68.97110692691206
FI,K,2008,4747.5,75400.0,62.96419098143235
FI,K,2009,4557.2,74200.0,61.4177897574124
FI,K,2010,4676.0,74100.0,63.10391363022942
FI,K,2011,4560.3,74100.0,61.54251012145749
FI,K,2012,4467.8,73500.0,60.78639455782313
FI,K,2013,4208.4,72800.0,57.8076923076923
FI,K,2014,4580.5,70300.0,65.15647226173542
FI,K,2015,4530.0,70900.0,63.89280677009873
FI,K,2016,4770.0,71700.0,66.52719665271967
FI,K,2017,5059.7,68800.0,73.5421511627907
FI,K,2018,5042.6,68200.0,73.93841642228739
FI,K,2019,4575.8,70400.0,64.9971590909091
FI,K,2020,4538.5,66900.0,67.84005979073243
FI,K,2021,5098.5,68100.0,74.86784140969164
FI,K,2022,5726.9,68200.0,83.97214076246334
FI,K,2023,5873.0,69800.0,84.14040114613181
FI,K,2024,5419.3,72900.0,74.33882030178326
FR,K,2008,72384.2,1170969.0,61.8156415754815
FR,K,2009,78473.1,1170629.0,67.03498717356226
FR,K,2010,78776.0,1179574.0,66.78343198476739
FR,K,2011,84369.1,1204178.0,70.06364507572802
FR,K,2012,85978.6,1219751.0,70.4886489127699
FR,K,2013,86191.9,1208116.0,71.34405967638868
FR,K,2014,86846.6,1201139.0,72.30353855798538
FR,K,2015,86447.4,1212434.0,71.30070585285466
FR,K,2016,85398.8,1208140.0,70.6861787541179
FR,K,2017,85051.8,1190850.0,71.42108577906538
FR,K,2018,90426.9,1204700.0,75.06175811405329
FR,K,2019,92013.8,1210717.0,75.99942843785955
FR,K,2020,91259.8,1185571.0,76.97539835235511
FR,K,2021,99807.1,1229730.0,81.16179974465939
FR,K,2022,102867.4,1252423.0,82.13471007798482
FR,K,2023,98695.6,1274286.0,77.45168667002541
FR,K,2024,100791.8,1287383.0,78.29200789508639
HR,K,2008,2432.6,72889.0,33.37403449080108
HR,K,2009,2461.6,74620.0,32.98847493969445
HR,K,2010,2635.5,74834.0,35.217949060587436
HR,K,2011,2697.4,77421.0,34.84067630229524
HR,K,2012,2582.7,81806.0,31.571033909493188
HR,K,2013,2486.1,83219.0,29.87418738509235
HR,K,2014,2502.2,74485.0,33.593340941129085
HR,K,2015,2560.5,76031.0,33.67705278110245
HR,K,2016,2591.3,73895.0,35.067325258813185
HR,K,2017,2644.4,85083.0,31.080239295746505
HR,K,2018,2579.1,81633.0,31.593840726176914
HR,K,2019,2501.5,72457.0,34.523924534551526
HR,K,2020,2075.5,75057.0,27.65231757197863
HR,K,2021,2464.5,67053.0,36.754507628294036
HR,K,2022,2473.2,64513.0,38.33645931827694
HR,K,2023,2539.6,59082.0,42.984326867743135
HR,K,2024,2575.6,79415.0,32.43216017125228
HU,K,2008,4368.6,166749.0,26.198657863015672
HU,K,2009,4281.7,159585.0,26.830215872419085
HU,K,2010,4087.1,160655.0,25.44022906227631
HU,K,2011,3984.2,158004.0,25.215817321080475
HU,K,2012,3957.1,166500.0,23.766366366366366
HU,K,2013,3879.3,150173.0,25.832206854760845
HU,K,2014,3852.5,147249.0,26.163165793995205
HU,K,2015,3897.5,140510.0,27.73823927122625
HU,K,2016,3967.8,140334.0,28.273974945487197
HU,K,2017,4036.2,146257.0,27.596627853709563
HU,K,2018,4376.7,145512.0,30.077931716971793
HU,K,2019,4975.1,148991.0,33.39194984931976
HU,K,2020,5124.0,146115.0,35.06826814495432
HU,K,2021,5660.1,150122.0,37.70333462117478
HU,K,2022,5668.5,147589.0,38.4073338798962
HU,K,2023,5489.3,146704.0,37.41752099465591
HU,K,2024,5914.0,150735.0,39.23441801837662
IE,K,2008,17113.0,175162.0,97.69813087313459
IE,K,2009,16342.5,175302.0,93.2248348564192
IE,K,2010,17479.2,167856.0,104.13211323991993
IE,K,2011,17309.1,166148.0,104.17880443941544
IE,K,2012,14852.0,161651.0,91.8769447760917
IE,K,2013,13640.5,166375.0,81.98647633358378
IE,K,2014,14005.6,166449.0,84.1434913997681
IE,K,2015,14217.3,168760.0,84.24567433041004
IE,K,2016,11834.9,177017.0,66.85742047373981
IE,K,2017,12235.3,178324.0,68.61274982615913
IE,K,2018,13031.0,174572.0,74.64541850926838
IE,K,2019,12729.0,191600.0,66.43528183716076
IE,K,2020,12308.1,205999.0,59.748348292952876
IE,K,2021,16005.1,211300.0,75.74585896829153
IE,K,2022,13893.6,216326.0,64.22528960920093
IE,K,2023,15320.4,221118.0,69.28608254416194
IE,K,2024,17785.5,216320.0,82.2184726331361
IS,K,2008,779.3,14336.0,54.35965401785714
IS,K,2009,792.9,11735.0,67.56710694503622
IS,K,2010,728.7,11307.0,64.44680286548156
IS,K,2011,706.8,11409.0,61.951091243754924
IS,K,2012,696.3,11243.0,61.93186871831361
IS,K,2013,651.1,11107.0,58.62068965517241
IS,K,2014,638.9,10649.0,59.99624377875857
IS,K,2015,589.7,10086.0,58.46718223279794
IS,K,2016,632.1,10123.0,62.44196384471007
IS,K,2017,672.0,9829.0,68.36911181198495
IS,K,2018,704.1,9709.0,72.52034195076733
IS,K,2019,730.8,9331.0,78.31957989497373
IS,K,2020,761.3,9185.0,82.88513881328252
IS,K,2021,809.6,8688.0,93.18600368324125
IS,K,2022,843.0,8633.0,97.64855785937682
IS,K,2023,838.6,8821.0,95.06858632808073
IT,K,2008,73992.2,1239603.0,59.69023953636769
IT,K,2009,73480.7,1221571.0,60.15262313856501
IT,K,2010,76744.1,1203746.0,63.75439669166087
IT,K,2011,78028.2,1178966.0,66.1835879915112
IT,K,2012,79178.3,1161606.0,68.16278497184071
IT,K,2013,76897.7,1128465.0,68.14362873460851
IT,K,2014,76423.2,1115901.0,68.4856452319695
IT,K,2015,75466.7,1123260.0,67.18542456777593
IT,K,2016,74853.3,1117227.0,66.99918637841729
IT,K,2017,74970.5,1101996.0,68.03155365355228
IT,K,2018,74688.9,1075903.0,69.4197339351224
IT,K,2019,74974.0,1082418.0,69.26529307531841
IT,K,2020,74892.8,1032050.0,72.56702679133763
IT,K,2021,74166.3,1076935.0,68.8679446763268
IT,K,2022,73995.5,1058530.0,69.90401783605567
IT,K,2023,68503.6,1073338.0,63.822952322567545
IT,K,2024,70474.3,1088803.0,64.72640137839444
LT,K,2008,710.9,34079.0,20.860353883623347
LT,K,2009,649.8,38644.0,16.815029500051754
LT,K,2010,713.3,39155.0,18.217341335717023
LT,K,2011,781.4,33808.0,23.11287269285376
LT,K,2012,731.0,32666.0,22.378007714443154
LT,K,2013,769.5,31346.0,24.54858674153002
LT,K,2014,749.0,34020.0,22.016460905349792
LT,K,2015,775.2,33500.0,23.14029850746269
LT,K,2016,794.8,36975.0,21.495605138607164
LT,K,2017,786.6,37785.0,20.817784835252084
LT,K,2018,820.0,33603.0,24.402583102699165
LT,K,2019,842.8,38559.0,21.857413314660647
LT,K,2020,888.7,46263.0,19.209735641873635
LT,K,2021,1002.5,51258.0,19.557922665730228
LT,K,2022,1057.1,58085.0,18.199190841008864
LT,K,2023,1094.3,52631.0,20.791928711215824
LT,K,2024,1117.7,39826.0,28.06458092703259
LU,K,2008,12181.3,64692.0,188.29685277932356
LU,K,2009,11396.2,61820.0,184.3448722096409
LU,K,2010,11358.0,61404.0,184.9716630838382
LU,K,2011,10618.4,62201.0,170.7110818154049
LU,K,2012,10748.5,63673.0,168.8078149294049
LU,K,2013,11066.1,63893.0,173.19737686444526
LU,K,2014,11466.0,65002.0,176.3945724746931
LU,K,2015,11930.3,66732.0,178.77929628963616
LU,K,2016,12015.0,68245.0,176.0568539819767
LU,K,2017,11986.0,69496.0,172.47035800621617
LU,K,2018,11748.6,71679.0,163.905746452936
LU,K,2019,11736.0,74090.0,158.40194358212983
LU,K,2020,12265.2,77450.0,158.36281471917368
LU,K,2021,14021.3,78345.0,178.96866424149593
LU,K,2022,13316.7,79743.0,166.99522215116062
LU,K,2023,12512.8,81726.0,153.10672246286373
LU,K,2024,12988.0,83252.0,156.00826406572816
LV,K,2008,642.0,42908.0,14.96224480283397
LV,K,2009,623.5,37333.0,16.70104197358905
LV,K,2010,539.5,31561.0,17.093881689426823
LV,K,2011,482.7,34196.0,14.11568604515148
LV,K,2012,523.4,32514.0,16.097680998954296
LV,K,2013,552.0,31201.0,17.69174064933816
LV,K,2014,559.6,30308.0,18.46377194140161
LV,K,2015,633.6,29024.0,21.830209481808158
LV,K,2016,631.9,31699.0,19.93438278810057
LV,K,2017,508.4,30449.0,16.696771650957338
LV,K,2018,518.4,28452.0,18.2201602699283
LV,K,2019,470.7,31568.0,14.910669031931068
LV,K,2020,408.3,27414.0,14.893849857736924
LV,K,2021,485.5,29846.0,16.266836426991894
LV,K,2022,492.4,29996.0,16.41552206960928
LV,K,2023,480.6,29914.0,16.0660560272782
LV,K,2024,503.7,31630.0,15.924754979449888
MT,K,2008,392.3,14927.0,26.28123534534736
MT,K,2009,541.1,14970.0,36.14562458249833
MT,K,2010,586.8,15894.0,36.919592298980746
MT,K,2011,503.8,15944.0,31.598093326643255
MT,K,2012,557.1,16572.0,33.61694424330196
MT,K,2013,593.4,17084.0,34.73425427300398
MT,K,2014,635.9,17988.0,35.35134534133867
MT,K,2015,648.1,18405.0,35.213257267047
MT,K,2016,698.6,19799.0,35.28461033385524
MT,K,2017,765.7,21875.0,35.00342857142857
MT,K,2018,787.6,22944.0,34.32705718270572
MT,K,2019,929.7,25805.0,36.02790156946328
MT,K,2020,1048.1,25346.0,41.351692574765245
MT,K,2021,1253.8,26284.0,47.702024045046414
MT,K,2022,1088.1,27265.0,39.908307353750224
MT,K,2023,1037.3,28328.0,36.61748093758825
MT,K,2024,1093.0,28032.0,38.99115296803653
NL,K,2008,50718.7,415144.0,122.17134295569728
NL,K,2009,50593.9,407076.0,124.2861283888021
NL,K,2010,51454.0,393880.0,130.6336955417894
NL,K,2011,51349.0,388407.0,132.20410548728526
NL,K,2012,49408.6,376898.0,131.09276249807638
NL,K,2013,49012.5,368309.0,133.07440220032635
NL,K,2014,49729.5,358857.0,138.5774835101447
NL,K,2015,50236.4,347202.0,144.68925870242683
NL,K,2016,49751.5,340308.0,146.19550524818695
NL,K,2017,48366.0,326809.0,147.99470026835246
NL,K,2018,47658.6,319927.0,148.9671081215402
NL,K,2019,47350.4,318770.0,148.54095429306398
NL,K,2020,47631.9,321693.0,148.06632410403708
NL,K,2021,48797.5,328285.0,148.6437089723868
NL,K,2022,48958.0,334717.0,146.26684632092184
NL,K,2023,47449.5,340985.0,139.1542149947945
NL,K,2024,46668.1,353648.0,131.96200741980726
NO,K,2008,12746.9,78910.0,161.5371942719554
NO,K,2009,13046.3,81510.0,160.057661636609
NO,K,2010,12498.4,79530.0,157.15327549352446
NO,K,2011,12132.0,77270.0,157.0078943962728
NO,K,2012,12587.9,78720.0,159.9072662601626
NO,K,2013,13123.9,76110.0,172.4333201944554
NO,K,2014,13700.2,75780.0,180.7891264185801
NO,K,2015,14624.1,74920.0,195.19620928990923
NO,K,2016,15439.9,74866.0,206.23380439718963
NO,K,2017,15867.6,73675.0,215.3729216152019
NO,K,2018,15384.5,73106.0,210.44100347440704
NO,K,2019,15349.5,73156.0,209.81874350702608
NO,K,2020,16640.4,75770.0,219.61726276890593
NO,K,2021,16942.3,77542.0,218.49191405947744
NO,K,2022,16620.7,78133.0,212.7231771466602
NO,K,2023,16957.8,80843.0,209.76213153890873
NO,K,2024,17145.7,83111.0,206.29880521230646
PL,K,2008,16111.3,699914.0,23.018970902139404
PL,K,2009,12895.6,761571.0,16.93289266529319
PL,K,2010,12955.7,717936.0,18.04575895344432
PL,K,2011,14182.1,748356.0,18.95100727461262
PL,K,2012,12502.8,795075.0,15.725308933119516
PL,K,2013,14004.3,767327.0,18.25075880296145
PL,K,2014,15417.5,762896.0,20.20917661122879
PL,K,2015,17922.5,804907.0,22.266547563880053
PL,K,2016,18396.4,782549.0,23.50830427232033
PL,K,2017,18828.7,788470.0,23.880046165358227
PL,K,2018,23628.8,813635.0,29.041031912343986
PL,K,2019,25577.3,838888.0,30.48952899552741
PL,K,2020,22283.6,859449.0,25.92777465562238
PL,K,2021,20226.1,867723.0,23.309397123275513
PL,K,2022,28641.1,851812.0,33.62373387555
PL,K,2023,28617.0,927012.0,30.870150548212965
PL,K,2024,29088.3,921003.0,31.583284745000828
PT,K,2008,10567.7,162215.0,65.14625651142003
PT,K,2009,10553.9,168092.0,62.786450277229136
PT,K,2010,10367.9,172509.0,60.100632430771725
PT,K,2011,10396.9,174228.0,59.67410519549096
PT,K,2012,9408.2,169617.0,55.46731754482157
PT,K,2013,8829.8,166909.0,52.90188066551234
PT,K,2014,7886.6,162331.0,48.58344986478245
PT,K,2015,7426.8,156822.0,47.358151279794924
PT,K,2016,7357.4,155016.0,47.46219745058575
PT,K,2017,7082.8,150678.0,47.00619864877421
PT,K,2018,7436.9,151669.0,49.03375112910351
PT,K,2019,7694.5,155923.0,49.348075652726024
PT,K,2020,8003.2,155130.0,51.59027912073744
PT,K,2021,8543.6,155835.0,54.82465428177239
PT,K,2022,9038.6,156554.0,57.73471134560599
PT,K,2023,9158.9,158629.0,57.737866342219895
PT,K,2024,9478.3,159912.0,59.2719745860223
RO,K,2008,3230.6,197342.0,16.3705648062754
RO,K,2009,2788.9,212113.0,13.148180450986032
RO,K,2010,2959.4,233373.0,12.68098708933767
RO,K,2011,3492.0,250490.0,13.940676274501977
RO,K,2012,3868.1,232259.0,16.654252364816863
RO,K,2013,4855.6,214657.0,22.620273273175346
RO,K,2014,4163.3,204544.0,20.35405585106383
RO,K,2015,3913.7,194569.0,20.11471508822063
RO,K,2016,4373.1,204402.0,21.394604749464293
RO,K,2017,3653.1,208473.0,17.52313249197738
RO,K,2018,3649.7,199879.0,18.259547025950702
RO,K,2019,3641.0,209782.0,17.35611253587057
RO,K,2020,4891.4,186237.0,26.26438355428835
RO,K,2021,4711.8,189362.0,24.88250018483117
RO,K,2022,4960.1,197388.0,25.128680568220968
RO,K,2023,5756.8,179632.0,32.047742050414186
RO,K,2024,5749.4,174990.0,32.85559174809989
RS,K,2008,778.1,66264.0,11.742424242424244
RS,K,2009,826.9,71453.0,11.572642156382518
RS,K,2010,882.4,71998.0,12.25589599711103
RS,K,2011,889.3,71407.0,12.453961096251067
RS,K,2012,927.2,72122.0,12.85599401014947
RS,K,2013,938.5,70178.0,13.373136880503862
RS,K,2014,932.3,66948.0,13.92573340503077
RS,K,2015,945.3,72880.0,12.970636663007683
RS,K,2016,994.8,71069.0,13.997664241793187
RS,K,2017,1006.4,69983.0,14.380635297143591
RS,K,2018,1083.6,70180.0,15.440296380735251
RS,K,2019,1107.7,70558.0,15.699141132118257
RS,K,2020,1160.4,70795.0,16.390988064128823
RS,K,2021,1270.6,68439.0,18.56543783515247
RS,K,2022,1280.0,67864.0,18.861251915595897
RS,K,2023,1298.6,69977.0,18.55752604427169
RS,K,2024,1371.2,69990.0,19.59137019574225
SE,K,2008,12925.7,150420.0,85.93072729690202
SE,K,2009,13230.6,146710.0,90.1819916842751
SE,K,2010,13394.7,147530.0,90.79305903883957
SE,K,2011,14377.7,149580.0,96.12047065115657
SE,K,2012,14303.4,145600.0,98.23763736263736
SE,K,2013,14917.0,142700.0,104.53398738612474
SE,K,2014,15319.7,142670.0,107.37856592135698
SE,K,2015,16550.4,144520.0,114.51978964849157
SE,K,2016,17177.6,143960.0,119.32203389830508
SE,K,2017,17483.5,134980.0,129.52659653281967
SE,K,2018,18131.4,136180.0,133.1428991041269
SE,K,2019,18229.2,140310.0,129.92088945905493
SE,K,2020,19496.0,161310.0,120.86045502448701
SE,K,2021,20173.5,163610.0,123.30236538108917
SE,K,2022,20919.4,167180.0,125.1309965306855
SE,K,2023,20942.8,178670.0,117.21497733251245
SE,K,2024,20434.0,181300.0,112.70821842250415
SI,K,2008,1688.0,40207.0,41.9827393239983
SI,K,2009,1705.3,42150.0,40.45788849347568
SI,K,2010,1687.2,42007.0,40.16473444902041
SI,K,2011,1620.3,40223.0,40.28292270591453
SI,K,2012,1546.2,37502.0,41.22980107727588
SI,K,2013,1514.8,37155.0,40.76974835150047
SI,K,2014,1492.8,36268.0,41.160251461343336
SI,K,2015,1445.7,35465.0,40.76413365289722
SI,K,2016,1485.6,34369.0,43.2249992726003
SI,K,2017,1479.4,33673.0,43.93430938734298
SI,K,2018,1489.7,32734.0,45.5092564306226
SI,K,2019,1545.0,32637.0,47.3389098262708
SI,K,2020,1560.9,32480.0,48.05726600985222
SI,K,2021,1899.9,31843.0,59.66460446565964
SI,K,2022,1914.2,30879.0,61.99034942841413
SI,K,2023,1929.9,30631.0,63.00479905977605
SI,K,2024,1964.4,31376.0,62.608363080061196
SK,K,2008,1936.3,73486.0,26.349236589282313
SK,K,2009,2043.3,72993.0,27.993095228309564
SK,K,2010,2072.2,70892.0,29.2303786040738
SK,K,2011,2207.9,71465.0,30.894843629748827
SK,K,2012,2197.9,74366.0,29.555173062958882
SK,K,2013,2417.0,74919.0,32.261509096490876
SK,K,2014,2735.8,76964.0,35.54648926770958
SK,K,2015,2916.9,80102.0,36.41482110309355
SK,K,2016,2892.3,80744.0,35.82061825027247
SK,K,2017,2897.8,78290.0,37.013667135010856
SK,K,2018,3185.7,79343.0,40.1509900054195
SK,K,2019,3233.8,80174.0,40.33477187118018
SK,K,2020,3116.9,74323.0,41.93721997228314
SK,K,2021,3402.7,72531.0,46.91373343811611
SK,K,2022,2963.4,73671.0,40.22478315755182
SK,K,2023,2999.6,75015.0,39.986669332800105
SK,K,2024,3048.7,74577.0,40.87989594647143
UK,K,2008,143490.5,1977795.0,72.55074464239216
UK,K,2009,144812.5,1926699.0,75.16093588048781
UK,K,2010,135784.1,1878956.0,72.26571564209061
UK,K,2011,134306.7,1963525.0,68.40080976814659
UK,K,2012,137405.6,1996868.0,68.81055733278315
UK,K,2013,136748.6,1950055.0,70.12550928050749
UK,K,2014,133036.5,1950132.0,68.21922823685782
UK,K,2015,126680.5,1864688.0,67.93656633174022
UK,K,2016,132066.9,1935926.0,68.21898151065692
UK,K,2017,132396.9,1880521.0,70.4043719798928
UK,K,2018,131251.6,1918785.0,68.40349491996238
AT,L,2008,22731.8,118234.0,192.2611093255747
AT,L,2009,22651.2,113348.0,199.83766806648552
AT,L,2010,23108.6,114799.0,201.29617853814057
AT,L,2011,23931.7,113207.0,211.39770508890794
AT,L,2012,24376.2,118908.0,205.00050459178527
AT,L,2013,24812.5,116319.0,213.3142478872755
AT,L,2014,25183.7,113452.0,221.9766949899517
AT,L,2015,25089.9,113070.0,221.89705492172993
AT,L,2016,25418.1,111291.0,228.39313152006898
AT,L,2017,25774.2,110888.0,232.43452853329487
AT,L,2018,26136.2,119891.0,217.99968304543293
AT,L,2019,26289.0,120782.0,217.6566044609296
AT,L,2020,26403.4,113191.0,233.26412877348906
AT,L,2021,26421.0,118562.0,222.84543108247163
AT,L,2022,26805.0,116742.0,229.60888112247522
AT,L,2023,27455.1,114983.0,238.77529721784956
AT,L,2024,27749.4,114288.0,242.80239395212098
BE,L,2008,26858.3,35985.0,746.3748784215645
BE,L,2009,27196.2,35121.0,774.3572221747672
BE,L,2010,28796.4,34694.0,830.0109529025192
BE,L,2011,30646.2,35573.0,861.5017007280803
BE,L,2012,31351.5,36452.0,860.0762646768353
BE,L,2013,31908.3,36624.0,871.2401703800787
BE,L,2014,32256.8,37076.0,870.0183407055777
BE,L,2015,32566.7,37917.0,858.894427301738
BE,L,2016,33187.3,40020.0,829.2678660669666
BE,L,2017,34173.7,42013.0,813.4077547425796
BE,L,2018,34866.9,42966.0,811.4997905320487
BE,L,2019,35812.8,44699.0,801.1991319716325
BE,L,2020,35823.2,39671.0,903.0072345037936
BE,L,2021,37293.3,42922.0,868.8621219887239
BE,L,2022,39300.3,44549.0,882.1814182136525
BE,L,2023,39904.7,44519.0,896.3521193198409
BE,L,2024,40020.3,44740.0,894.5082700044703
BG,L,2008,3826.3,38725.0,98.80697224015495
BG,L,2009,3873.3,40291.0,96.13313146856618
BG,L,2010,4013.2,47321.0,84.80801335559265
BG,L,2011,4011.3,47504.0,84.44131020545638
BG,L,2012,4126.3,44579.0,92.56151999820544
BG,L,2013,4032.9,43217.0,93.31744452414559
BG,L,2014,4118.0,43793.0,94.03329299203068
BG,L,2015,4212.8,41928.0,100.47700820454112
BG,L,2016,4452.2,42463.0,104.84892730141534
BG,L,2017,4773.6,43404.0,109.98064694498204
BG,L,2018,5288.6,42513.0,124.39959541787218
BG,L,2019,5585.7,41891.0,133.33890334439377
BG,L,2020,5228.8,40523.0,129.03289489919305
BG,L,2021,5594.9,37979.0,147.31562179098975
BG,L,2022,5806.0,42021.0,138.16901073272888
BG,L,2023,6271.3,47333.0,132.49318657173643
BG,L,2024,6106.5,45561.0,134.0291038388095
CH,L,2008,29282.7,44266.0,661.5167397099355
CH,L,2009,28351.4,43838.0,646.7311464939094
CH,L,2010,28270.8,51707.0,546.7499564855822
CH,L,2011,28672.9,51161.0,560.4444791931354
CH,L,2012,27747.7,57381.0,483.569474216204
CH,L,2013,27694.1,59264.0,467.3005534557235
CH,L,2014,27816.6,60313.0,461.20405219438595
CH,L,2015,27758.4,57555.0,482.293458431066
CH,L,2016,28193.0,64777.0,435.23164086018187
CH,L,2017,28165.9,65193.0,432.0387158130474
CH,L,2018,28041.5,67245.0,417.0049817830322
CH,L,2019,29210.2,66819.0,437.1541028749308
CH,L,2020,28991.7,72414.0,400.3604275416356
CH,L,2021,29620.8,74104.0,399.7193133973874
CH,L,2022,30148.8,71603.0,421.054983729732
CH,L,2023,30385.8,71470.0,425.1546103260109
CY,L,2008,1510.3,3719.0,406.1037913417585
CY,L,2009,1564.0,3576.0,437.3601789709172
CY,L,2010,1612.1,3402.0,473.8683127572016
CY,L,2011,1741.3,3478.0,500.66129959746974
CY,L,2012,1777.1,3455.0,514.356005788712
CY,L,2013,1729.1,2757.0,627.1672107363075
CY,L,2014,1612.7,2942.0,548.1645139360979
CY,L,2015,1647.2,3477.0,473.7417313776244
CY,L,2016,1755.1,3869.0,453.6314293098992
CY,L,2017,1773.1,4215.0,420.66429418742587
CY,L,2018,1969.6,4715.0,417.7306468716861
CY,L,2019,2154.5,5207.0,413.76992510082584
CY,L,2020,2188.5,5041.0,434.14005157706805
CY,L,2021,2334.4,5489.0,425.2869375113864
CY,L,2022,2570.4,5756.0,446.5601111883252
CY,L,2023,2648.9,5930.0,446.69477234401353
CY,L,2024,2703.2,5998.0,450.6835611870623
CZ,L,2008,14291.6,194153.0,73.60998799915531
CZ,L,2009,14136.4,196781.0,71.83823641510105
CZ,L,2010,14701.2,199068.0,73.85014166013625
CZ,L,2011,15321.4,176636.0,86.73996240856903
CZ,L,2012,15603.1,171298.0,91.08746161659798
CZ,L,2013,15926.4,166850.0,95.45340125861553
CZ,L,2014,16561.4,168062.0,98.54339469957517
CZ,L,2015,16506.0,163816.0,100.75938858231186
CZ,L,2016,16881.8,171305.0,98.5482034966872
CZ,L,2017,16094.1,174095.0,92.44435509348345
CZ,L,2018,16169.8,177913.0,90.88599484017469
CZ,L,2019,16305.7,179947.0,90.61390298254486
CZ,L,2020,16004.7,168510.0,94.97774612782625
CZ,L,2021,16049.3,190484.0,84.25537052980827
CZ,L,2022,16472.6,205713.0,80.0756393616349
CZ,L,2023,16449.2,225356.0,72.99206588686346
CZ,L,2024,16119.0,265210.0,60.778251197164515
DE,L,2008,262400.3,618635.0,424.16012673062465
DE,L,2009,268149.2,594505.0,451.0461644561442
DE,L,2010,264734.0,598952.0,441.99535188128596
DE,L,2011,276687.2,589440.0,469.406894679696
DE,L,2012,270255.2,585304.0,461.7347566392849
DE,L,2013,278508.6,583427.0,477.3666628387099
DE,L,2014,280700.0,585633.0,479.31042137311255
DE,L,2015,284655.9,579409.0,491.2866386266006
DE,L,2016,286847.3,578423.0,495.91267982082314
DE,L,2017,286477.4,586683.0,488.3001552797678
DE,L,2018,285509.7,588646.0,485.0278435596267
DE,L,2019,284826.7,588254.0,484.18999275823035
DE,L,2020,284599.0,570034.0,499.2667104067477
DE,L,2021,288839.5,602344.0,479.52581913325275
DE,L,2022,291913.2,633267.0,460.9638588462687
DE,L,2023,299398.2,650696.0,460.1199331177693
DE,L,2024,303354.1,665268.0,455.9878124304791
DK,L,2008,19931.1,65602.0,303.81848114386753
DK,L,2009,20810.5,61784.0,336.82668652078206
DK,L,2010,21544.0,66231.0,325.28574232610106
DK,L,2011,22256.1,67182.0,331.2807001875502
DK,L,2012,22040.1,66206.0,332.9018517959097
DK,L,2013,21787.5,67034.0,325.0216308142137
DK,L,2014,22305.3,65994.0,337.9898172561142
DK,L,2015,22907.4,67029.0,341.7535693505796
DK,L,2016,22893.4,67908.0,337.1237556694351
DK,L,2017,23448.7,67489.0,347.444768777134
DK,L,2018,23850.3,66719.0,357.4738830018435
DK,L,2019,24418.2,66247.0,368.5932947907075
DK,L,2020,24565.3,65769.0,373.5087959372957
DK,L,2021,25530.9,69153.0,369.1943950370917
DK,L,2022,26190.0,70930.0,369.23727618779077
DK,L,2023,26726.9,69251.0,385.9424412643861
DK,L,2024,27036.5,69602.0,388.4442975776558
EA,L,2008,966119.3,2412830.0,400.40918755154735
EA,L,2009,982525.6,2321346.0,423.2568518437148
EA,L,2010,986600.6,2334698.0,422.5816786582247
EA,L,2011,1009199.4,2357442.0,428.0908713766871
EA,L,2012,1009660.8,2332827.0,432.8056902633586
EA,L,2013,1028307.9,2286058.0,449.81706500884934
EA,L,2014,1038561.1,2324738.0,446.7432889211602
EA,L,2015,1052663.0,2367235.0,444.68039717222837
EA,L,2016,1060612.1,2448633.0,433.14457495263684
EA,L,2017,1070249.9,2494692.0,429.0108358065845
EA,L,2018,1080657.1,2568123.0,420.79647275461497
EA,L,2019,1092459.4,2624695.0,416.2233707154545
EA,L,2020,1085635.0,2469237.0,439.6641553645924
EA,L,2021,1107349.2,2640688.0,419.34117169464923
EA,L,2022,1133453.3,2789170.0,406.37655646661915
EA,L,2023,1161205.6,2854845.0,406.749087953987
EA,L,2024,1179723.7,2854076.0,413.3469816501032
EA12,L,2008,961816.4,2397489.0,401.1765643137466
EA12,L,2009,971781.8,2271404.0,427.83309354038295
EA12,L,2010,975884.9,2279415.0,428.1295420096823
EA12,L,2011,996890.6,2281942.0,436.86062134795714
EA12,L,2012,996743.4,2258242.0,441.38024179870894
EA12,L,2013,1013966.9,2213629.0,458.05638614239336
EA12,L,2014,1024739.1,2213398.0,462.97100656998873
EA12,L,2015,1036822.8,2231035.0,464.72726783757315
EA12,L,2016,1043587.1,2303232.0,453.0968222046238
EA12,L,2017,1052872.0,2349031.0,448.2154556495849
EA12,L,2018,1062683.0,2414064.0,440.20498213800465
EA12,L,2019,1074295.7,2468784.0,435.1517589226113
EA12,L,2020,1067137.6,2326176.0,458.7518743207737
EA12,L,2021,1087630.0,2495050.0,435.91511192160476
EA12,L,2022,1113155.4,2638155.0,421.94465450286276
EA12,L,2023,1136751.8,2678058.0,424.46870082724126
EA12,L,2024,1154705.1,2681218.0,430.66438461922905
EA19,L,2008,976366.8,2534181.0,385.2790309768718
EA19,L,2009,986644.8,2401198.0,410.8968939670948
EA19,L,2010,990710.5,2413552.0,410.4782080518671
EA19,L,2011,1012244.5,2417946.0,418.6381747152335
EA19,L,2012,1012844.2,2396470.0,422.64004973982566
EA19,L,2013,1031595.5,2354497.0,438.13837945004815
EA19,L,2014,1040360.9,2352916.0,442.15811359181544
EA19,L,2015,1052663.0,2367235.0,444.68039717222837
EA19,L,2016,1060612.1,2448633.0,433.14457495263684
EA19,L,2017,1070249.9,2494692.0,429.0108358065845
EA19,L,2018,1080657.1,2568123.0,420.79647275461497
EA19,L,2019,1092459.4,2624695.0,416.2233707154545
EA19,L,2020,1085635.0,2469237.0,439.6641553645924
EA19,L,2021,1107349.2,2640688.0,419.34117169464923
EA19,L,2022,1133453.3,2789170.0,406.37655646661915
EA19,L,2023,1157153.3,2832896.0,408.47009561946504
EA19,L,2024,1175588.5,2831453.0,415.18912727846794
EA20,L,2008,979906.7,2541119.0,385.62015395579664
EA20,L,2009,990195.9,2409741.0,410.9138284985814
EA20,L,2010,994286.6,2421494.0,410.6087398936359
EA20,L,2011,1015836.5,2424037.0,419.06806703033
EA20,L,2012,1016452.8,2413886.0,421.0856685029865
EA20,L,2013,1035153.1,2372143.0,436.3788776646265
EA20,L,2014,1043919.8,2369456.0,440.5736168977183
EA20,L,2015,1056257.8,2383889.0,443.0817877845823
EA20,L,2016,1064232.8,2465853.0,431.58809547852206
EA20,L,2017,1073880.0,2512810.0,427.362196107147
EA20,L,2018,1084304.0,2586644.0,419.1933640655614
EA20,L,2019,1096192.0,2645267.0,414.39748804184984
EA20,L,2020,1089249.6,2490191.0,437.4160857540647
EA20,L,2021,1111047.0,2656687.0,418.2077150977891
EA20,L,2022,1137370.4,2808982.0,404.9048374108484
EA20,L,2023,1161205.6,2854845.0,406.749087953987
EA20,L,2024,1179723.7,2854076.0,413.3469816501032
EE,L,2008,1297.6,17634.0,73.58511965521151
EE,L,2009,1227.6,17300.0,70.95953757225433
EE,L,2010,1221.1,16811.0,72.63696389268931
EE,L,2011,1297.6,17012.0,76.27557018575123
EE,L,2012,1413.3,17516.0,80.6862297328157
EE,L,2013,1512.9,17694.0,85.50356052899288
EE,L,2014,1589.1,17423.0,91.20702519657922
EE,L,2015,1679.9,17122.0,98.113538138068
EE,L,2016,1736.6,16322.0,106.39627496630315
EE,L,2017,1830.9,16632.0,110.08297258297259
EE,L,2018,1802.9,16873.0,106.85118236235407
EE,L,2019,1843.3,15856.0,116.25252270433904
EE,L,2020,1891.0,16125.0,117.27131782945736
EE,L,2021,2018.9,15686.0,128.70712737472905
EE,L,2022,1947.1,17973.0,108.33472430868525
EE,L,2023,1964.3,19335.0,101.59296612361003
EE,L,2024,2068.5,20065.0,103.08995763767754
EL,L,2008,33393.3,21604.0,1545.6998703943716
EL,L,2009,33297.8,22473.0,1481.6802385084325
EL,L,2010,33015.4,25643.0,1287.5014623873963
EL,L,2011,32074.0,26398.0,1215.0162891128116
EL,L,2012,30232.8,29777.0,1015.3071162306477
EL,L,2013,30973.8,24199.0,1279.9619819000784
EL,L,2014,32706.1,27692.0,1181.066734074823
EL,L,2015,35097.3,31320.0,1120.6034482758623
EL,L,2016,34936.0,36793.0,949.5284429103363
EL,L,2017,35730.3,39274.0,909.7698222742782
EL,L,2018,36193.3,40719.0,888.8553255237114
EL,L,2019,39363.6,48708.0,808.1547179108154
EL,L,2020,36410.9,43287.0,841.1509229098806
EL,L,2021,38476.4,52664.0,730.6015494455415
EL,L,2022,39139.9,52409.0,746.8163864985022
EL,L,2023,41139.2,60447.0,680.5829900574056
EL,L,2024,39457.3,62611.0,630.1975691172478
ES,L,2008,102163.4,355878.0,287.07422206486495
ES,L,2009,106702.6,323505.0,329.8329237569744
ES,L,2010,109377.0,316738.0,345.32326402263067
ES,L,2011,112686.9,313558.0,359.3813584727546
ES,L,2012,115620.8,296044.0,390.55275567145424
ES,L,2013,118780.1,272319.0,436.17999478552724
ES,L,2014,119425.1,294388.0,405.67244588773997
ES,L,2015,118752.7,311901.0,380.73843944071996
ES,L,2016,119659.0,336005.0,356.1226767458818
ES,L,2017,121876.9,347382.0,350.8440276122539
ES,L,2018,125350.7,381970.0,328.168966149174
ES,L,2019,127229.6,396008.0,321.28037817417834
ES,L,2020,127666.2,373478.0,341.8305763659439
ES,L,2021,131138.9,408809.0,320.78281055456216
ES,L,2022,136594.8,452649.0,301.76759475885285
ES,L,2023,142032.7,462905.0,306.829046996684
ES,L,2024,147429.9,459728.0,320.6894076497407
EU27_2020,L,2008,1086527.1,3412876.0,318.3611417467263
EU27_2020,L,2009,1097184.8,3299600.0,332.52054794520546
EU27_2020,L,2010,1100992.5,3344533.0,329.1916988111644
EU27_2020,L,2011,1126016.2,3324526.0,338.69977253900254
EU27_2020,L,2012,1129582.7,3259962.0,346.5017997142298
EU27_2020,L,2013,1148242.0,3201723.0,358.6325238004662
EU27_2020,L,2014,1160667.6,3243911.0,357.79884220004806
EU27_2020,L,2015,1174431.5,3293602.0,356.57966566695063
EU27_2020,L,2016,1185048.6,3364957.0,352.1734750250895
EU27_2020,L,2017,1197453.8,3380365.0,354.2380186754981
EU27_2020,L,2018,1211363.1,3478909.0,348.2020081583048
EU27_2020,L,2019,1230783.4,3580343.0,343.7613100197383
EU27_2020,L,2020,1223243.1,3355405.0,364.55900256451906
EU27_2020,L,2021,1249228.0,3587447.0,348.2220085760152
EU27_2020,L,2022,1281148.7,3800320.0,337.1160060205456
EU27_2020,L,2023,1309215.0,3844773.0,340.51815282722805
EU27_2020,L,2024,1328325.7,3880870.0,342.27523725350244
FI,L,2008,19006.0,39600.0,479.949494949495
FI,L,2009,18646.5,41500.0,449.3132530120482
FI,L,2010,18376.0,41700.0,440.67146282973624
FI,L,2011,19257.7,39400.0,488.7741116751269
FI,L,2012,19073.6,39200.0,486.57142857142856
FI,L,2013,19044.5,38800.0,490.83762886597935
FI,L,2014,19233.7,38600.0,498.2823834196891
FI,L,2015,19654.9,41000.0,479.3878048780488
FI,L,2016,20016.1,41200.0,485.8276699029126
FI,L,2017,20405.6,41100.0,496.48661800486616
FI,L,2018,21141.8,42300.0,499.80614657210396
FI,L,2019,21590.3,42000.0,514.0547619047619
FI,L,2020,21857.4,43400.0,503.6267281105992
FI,L,2021,22597.0,44000.0,513.5681818181819
FI,L,2022,23395.7,44600.0,524.5672645739911
FI,L,2023,24003.4,43600.0,550.5366972477065
FI,L,2024,23841.6,42800.0,557.0467289719626
FR,L,2008,240665.7,587500.0,409.64374468085106
FR,L,2009,241180.5,539251.0,447.25090913136927
FR,L,2010,245910.2,537847.0,457.212181159326
FR,L,2011,245723.8,555150.0,442.6259569485724
FR,L,2012,250132.8,563119.0,444.1917250172699
FR,L,2013,255237.9,564826.0,451.8876609787793
FR,L,2014,258657.8,544704.0,474.8593731641405
FR,L,2015,259804.9,535366.0,485.28464639144056
FR,L,2016,261714.3,552211.0,473.93894725023586
FR,L,2017,263635.5,564970.0,466.6362815724729
FR,L,2018,266537.1,569874.0,467.71233641120665
FR,L,2019,270413.7,578921.0,467.0994833491962
FR,L,2020,271419.5,557248.0,487.07128603422535
FR,L,2021,276229.6,612121.0,451.2663345972446
FR,L,2022,281428.3,640999.0,439.0463947681665
FR,L,2023,283782.5,644336.0,440.42626828238684
FR,L,2024,285387.5,633856.0,450.24027539378034
HR,L,2008,3539.4,6938.0,510.1470164312482
HR,L,2009,3551.5,8542.0,415.7691407164599
HR,L,2010,3576.0,7942.0,450.2644170234198
HR,L,2011,3591.9,6091.0,589.7061237891971
HR,L,2012,3608.9,17416.0,207.2175011483693
HR,L,2013,3556.0,17647.0,201.50733835779454
HR,L,2014,3556.8,16541.0,215.02932108095038
HR,L,2015,3593.0,16655.0,215.73101170819572
HR,L,2016,3618.8,17220.0,210.15098722415794
HR,L,2017,3628.0,18118.0,200.242852411966
HR,L,2018,3644.0,18522.0,196.73901306554367
HR,L,2019,3731.0,20572.0,181.36301769395294
HR,L,2020,3612.4,20954.0,172.39667843848432
HR,L,2021,3695.4,15999.0,230.97693605850367
HR,L,2022,3908.5,19812.0,197.2794266101353
HR,L,2023,4038.4,21949.0,183.99015900496607
HR,L,2024,4119.5,22623.0,182.09344472439554
HU,L,2008,7273.2,117657.0,61.816976465488665
HU,L,2009,7455.8,113161.0,65.88665706382942
HU,L,2010,8180.9,113767.0,71.90925312261025
HU,L,2011,8505.6,114407.0,74.34510126128646
HU,L,2012,8456.7,112024.0,75.49007355566664
HU,L,2013,8564.9,109884.0,77.94492373775981
HU,L,2014,8554.6,108898.0,78.55608000146927
HU,L,2015,8473.9,109899.0,77.10625210420477
HU,L,2016,8695.8,113924.0,76.32983392437062
HU,L,2017,8867.7,119683.0,74.09322961489936
HU,L,2018,9300.6,127143.0,73.15070432505132
HU,L,2019,9596.6,126906.0,75.61975005121901
HU,L,2020,9685.6,115724.0,83.69568974456466
HU,L,2021,9834.0,122357.0,80.37137229582288
HU,L,2022,10810.7,130358.0,82.93085196152136
HU,L,2023,11363.8,133531.0,85.10233578719547
HU,L,2024,11386.4,138729.0,82.07656654340477
IE,L,2008,11302.0,19943.0,566.7151381437095
IE,L,2009,10385.9,16227.0,640.0382079250631
IE,L,2010,9854.4,15947.0,617.946949269455
IE,L,2011,9982.1,16678.0,598.5190070751889
IE,L,2012,10072.8,18077.0,557.2163522708413
IE,L,2013,10152.4,15113.0,671.7660292463443
IE,L,2014,10436.8,17572.0,593.9449123605735
IE,L,2015,10520.6,19886.0,529.0455596902343
IE,L,2016,10378.8,20156.0,514.9235959515777
IE,L,2017,10696.1,19142.0,558.7765123811514
IE,L,2018,10851.4,18560.0,584.6659482758621
IE,L,2019,11103.7,17703.0,627.2213749082077
IE,L,2020,11028.2,20172.0,546.7083085465001
IE,L,2021,12386.9,22107.0,560.3157370968471
IE,L,2022,12934.9,22579.0,572.8730236060055
IE,L,2023,13047.2,19028.0,685.6842547824259
IE,L,2024,13826.7,20429.0,676.8172695677713
IS,L,2008,1103.8,1990.0,554.6733668341708
IS,L,2009,1100.1,1351.0,814.2857142857142
IS,L,2010,1110.9,1400.0,793.5000000000001
IS,L,2011,1133.0,1447.0,782.9993089149966
IS,L,2012,1148.0,1545.0,743.042071197411
IS,L,2013,1170.5,1666.0,702.5810324129652
IS,L,2014,1176.5,1764.0,666.9501133786848
IS,L,2015,1189.6,1830.0,650.0546448087431
IS,L,2016,1216.8,1933.0,629.4878427315053
IS,L,2017,1265.9,2065.0,613.0266343825666
IS,L,2018,1287.2,2269.0,567.2983693256941
IS,L,2019,1367.5,2335.0,585.6531049250535
IS,L,2020,1354.6,2401.0,564.1815910037484
IS,L,2021,1402.7,2347.0,597.6565828717512
IS,L,2022,1406.8,2450.0,574.204081632653
IS,L,2023,1450.5,2628.0,551.9406392694063
IT,L,2008,190234.3,395644.0,480.8219004964058
IT,L,2009,190046.3,382021.0,497.47605498127064
IT,L,2010,187002.6,394042.0,474.5752990797936
IT,L,2011,190171.0,397990.0,477.8285886580065
IT,L,2012,189217.7,386092.0,490.08448763507147
IT,L,2013,187219.8,377202.0,496.3383014936294
IT,L,2014,188247.3,367326.0,512.4801947044314
IT,L,2015,191770.6,368914.0,519.8246745854048
IT,L,2016,191943.5,383017.0,501.13571982444637
IT,L,2017,192794.4,378874.0,508.86152124452985
IT,L,2018,194549.2,378830.0,513.5527809307605
IT,L,2019,196451.9,394945.0,497.4158427122764
IT,L,2020,190210.4,334255.0,569.0577553065773
IT,L,2021,191618.8,347410.0,551.56385826545
IT,L,2022,197524.1,369864.0,534.0452166201632
IT,L,2023,202736.7,366231.0,553.5760216912277
IT,L,2024,209053.4,357479.0,584.799107080416
LT,L,2008,1770.3,22141.0,79.95573822320581
LT,L,2009,1704.5,21890.0,77.86660575605299
LT,L,2010,1642.8,24140.0,68.053024026512
LT,L,2011,1659.1,22670.0,73.1848257609175
LT,L,2012,1712.4,25343.0,67.56895395178155
LT,L,2013,1750.1,28833.0,60.69781153539347
LT,L,2014,1797.7,28178.0,63.79799843849812
LT,L,2015,1847.2,26664.0,69.27692769276928
LT,L,2016,1886.9,27501.0,68.61205047089197
LT,L,2017,1900.2,26388.0,72.0100045475216
LT,L,2018,2028.0,28631.0,70.83231462400893
LT,L,2019,2042.1,24769.0,82.44579918446445
LT,L,2020,2110.4,21513.0,98.09882396690374
LT,L,2021,2173.4,23176.0,93.7780462547463
LT,L,2022,2265.9,27194.0,83.3235272486578
LT,L,2023,2276.6,24259.0,93.8455830825673
LT,L,2024,2308.5,18652.0,123.76688826935448
LU,L,2008,3161.3,4145.0,762.6779252110978
LU,L,2009,3151.7,4325.0,728.7167630057803
LU,L,2010,3229.5,4250.0,759.8823529411765
LU,L,2011,3231.4,4480.0,721.2946428571429
LU,L,2012,3392.9,4650.0,729.6559139784946
LU,L,2013,3806.4,5162.0,737.3886090662534
LU,L,2014,3908.3,5296.0,737.9720543806648
LU,L,2015,4014.3,5670.0,707.989417989418
LU,L,2016,4105.9,5934.0,691.9278732726659
LU,L,2017,4238.5,6226.0,680.7741728236429
LU,L,2018,4353.1,6855.0,635.0255288110868
LU,L,2019,4463.3,7218.0,618.3568855638681
LU,L,2020,4415.1,6474.0,681.9740500463392
LU,L,2021,4558.9,7506.0,607.3674393818278
LU,L,2022,4520.4,7289.0,620.1673754973247
LU,L,2023,4946.8,7278.0,679.6922231382249
LU,L,2024,5072.9,7217.0,702.909796314258
LV,L,2008,924.1,44130.0,20.940403353727625
LV,L,2009,1190.2,42187.0,28.21248251831133
LV,L,2010,1246.0,37887.0,32.88727003985536
LV,L,2011,1385.9,37834.0,36.631072580218856
LV,L,2012,1467.7,38300.0,38.32114882506527
LV,L,2013,1529.1,39605.0,38.6087615200101
LV,L,2014,1630.5,39922.0,40.84214217724563
LV,L,2015,1520.9,40238.0,37.79760425468463
LV,L,2016,1566.2,40641.0,38.537437563052094
LV,L,2017,1520.7,39041.0,38.95135882789888
LV,L,2018,1585.1,41165.0,38.506012389165555
LV,L,2019,1558.7,44475.0,35.04665542439573
LV,L,2020,1551.6,40394.0,38.411645293855514
LV,L,2021,1691.7,39627.0,42.690589749413284
LV,L,2022,1780.2,38901.0,45.76231973471119
LV,L,2023,1924.5,38997.0,49.349949996153555
LV,L,2024,1874.6,37617.0,49.83385171597948
MT,L,2008,356.4,2907.0,122.60061919504643
MT,L,2009,377.0,2665.0,141.46341463414632
MT,L,2010,401.7,2881.0,139.43075321069074
MT,L,2011,418.5,2701.0,154.94261384672345
MT,L,2012,445.8,2531.0,176.13591465823785
MT,L,2013,485.6,2742.0,177.09700948212983
MT,L,2014,494.3,2633.0,187.73262438283328
MT,L,2015,564.6,2733.0,206.58616904500548
MT,L,2016,613.9,4412.0,139.14324569356302
MT,L,2017,686.0,4683.0,146.48729446935724
MT,L,2018,708.8,5952.0,119.08602150537634
MT,L,2019,772.5,6112.0,126.39070680628272
MT,L,2020,661.5,5326.0,124.20202778820878
MT,L,2021,770.5,6178.0,124.71673680802849
MT,L,2022,743.8,6782.0,109.6726629312887
MT,L,2023,931.6,6780.0,137.40412979351032
MT,L,2024,1000.3,8041.0,124.3999502549434
NL,L,2008,34689.2,120196.0,288.60527804585837
NL,L,2009,34684.8,120515.0,287.80483757208646
NL,L,2010,35788.0,115590.0,309.61155809326067
NL,L,2011,35673.0,114898.0,310.4753781614998
NL,L,2012,35935.1,111185.0,323.20097135404956
NL,L,2013,36403.3,110194.0,330.35646223932343
NL,L,2014,36965.1,108805.0,339.7371444327007
NL,L,2015,37331.5,107768.0,346.40616880706705
NL,L,2016,37489.9,109034.0,343.83678485609994
NL,L,2017,38009.3,111350.0,341.34979793444097
NL,L,2018,38575.3,111533.0,345.8644526731999
NL,L,2019,38927.6,112188.0,346.9854173351873
NL,L,2020,38603.3,111895.0,344.995754948836
NL,L,2021,39391.9,115667.0,340.56299549569025
NL,L,2022,40814.2,117471.0,347.4406449251304
NL,L,2023,40727.2,119769.0,340.0479255900942
NL,L,2024,41332.5,122206.0,338.219891003715
NO,L,2008,18554.5,39270.0,472.4853577794754
NO,L,2009,18757.9,37280.0,503.1625536480687
NO,L,2010,19192.4,38220.0,502.15593929879645
NO,L,2011,19892.8,39400.0,504.8934010152284
NO,L,2012,20494.7,41340.0,495.7595549104983
NO,L,2013,21220.0,40210.0,527.7294205421537
NO,L,2014,21609.4,40620.0,531.9891678975874
NO,L,2015,22419.7,41870.0,535.4597563888226
NO,L,2016,22738.7,42903.0,530.0025639232688
NO,L,2017,22975.5,43214.0,531.6679779701022
NO,L,2018,23362.0,43878.0,532.4308309403347
NO,L,2019,24532.4,44017.0,557.3392098507395
NO,L,2020,24462.7,44668.0,547.6560401182055
NO,L,2021,25863.4,45149.0,572.8454672307249
NO,L,2022,27829.7,46778.0,594.9313779982043
NO,L,2023,28195.3,46332.0,608.5491668825001
NO,L,2024,28435.6,46005.0,618.0980328225193
PL,L,2008,17237.8,284213.0,60.65099063026673
PL,L,2009,17406.7,311727.0,55.83956474735907
PL,L,2010,18676.7,330167.0,56.56743405609888
PL,L,2011,19824.3,326027.0,60.80570014139933
PL,L,2012,20960.8,285998.0,73.29002300715389
PL,L,2013,20129.4,271854.0,74.04489174336224
PL,L,2014,20790.0,306791.0,67.76600356594554
PL,L,2015,20984.0,337207.0,62.228838665864
PL,L,2016,22344.0,318840.0,70.0790365073391
PL,L,2017,22543.6,282832.0,79.70668099790689
PL,L,2018,23116.7,287112.0,80.51457271030121
PL,L,2019,26815.0,316198.0,84.80445796621105
PL,L,2020,27718.5,278187.0,99.63981063097845
PL,L,2021,28360.9,313191.0,90.55464556772067
PL,L,2022,29105.5,328393.0,88.63008651219728
PL,L,2023,29744.9,308637.0,96.3750295654766
PL,L,2024,30414.6,290970.0,104.52830188679245
PT,L,2008,15696.4,80127.0,195.89401824603442
PT,L,2009,15859.4,78613.0,201.74017020085736
PT,L,2010,16723.4,79213.0,211.11938696931063
PT,L,2011,16881.6,75171.0,224.57596679570577
PT,L,2012,16614.1,69435.0,239.27558147908113
PT,L,2013,16776.2,69444.0,241.5788261044871
PT,L,2014,16732.1,72854.0,229.66618167842532
PT,L,2015,16864.7,78815.0,213.9783036224069
PT,L,2016,17144.9,89148.0,192.31951361780412
PT,L,2017,17646.5,101132.0,174.4897757386386
PT,L,2018,17722.5,111920.0,158.34971408148675
PT,L,2019,18007.6,117358.0,153.44160602600587
PT,L,2020,17620.7,113072.0,155.83610442903637
PT,L,2021,17681.9,120939.0,146.20511166786562
PT,L,2022,18066.7,135737.0,133.1007757648983
PT,L,2023,18170.2,144267.0,125.94841509146238
PT,L,2024,18282.3,150598.0,121.39802653421691
RO,L,2008,15273.2,60557.0,252.21196558614201
RO,L,2009,15023.8,55096.0,272.6840423987222
RO,L,2010,11116.1,52835.0,210.39273209047036
RO,L,2011,11308.2,51862.0,218.0440399521808
RO,L,2012,11870.8,47762.0,248.54068087601019
RO,L,2013,11890.5,49231.0,241.52464910320734
RO,L,2014,12545.9,58537.0,214.32427353639576
RO,L,2015,13641.3,62393.0,218.6351032968442
RO,L,2016,13798.3,55324.0,249.40893644711153
RO,L,2017,15087.2,46643.0,323.46118388611364
RO,L,2018,15663.6,51744.0,302.71335807050093
RO,L,2019,17532.5,61897.0,283.2528232386061
RO,L,2020,16811.7,59591.0,282.11810508298237
RO,L,2021,18427.2,54326.0,339.19670139528034
RO,L,2022,20359.8,69083.0,294.71505290737224
RO,L,2023,20582.7,66751.0,308.35043669757755
RO,L,2024,20391.5,79622.0,256.1038406470573
RS,L,2008,2962.2,5939.0,498.770836841219
RS,L,2009,3039.1,6354.0,478.29713566257476
RS,L,2010,3023.7,7391.0,409.1056690569612
RS,L,2011,3023.5,7299.0,414.2348266885875
RS,L,2012,3058.7,7233.0,422.88123876676343
RS,L,2013,2858.6,7688.0,371.82622268470345
RS,L,2014,2679.2,8622.0,310.7399675249362
RS,L,2015,2736.6,8701.0,314.51557292265255
RS,L,2016,2688.4,10080.0,266.7063492063492
RS,L,2017,2798.6,10411.0,268.81183363749875
RS,L,2018,2877.1,11086.0,259.52552769258523
RS,L,2019,2966.1,12327.0,240.6181552689219
RS,L,2020,3016.2,13513.0,223.2072818767113
RS,L,2021,3152.9,14010.0,225.0463954318344
RS,L,2022,3235.1,14631.0,221.11270589843483
RS,L,2023,3273.8,15737.0,208.0320264345174
RS,L,2024,3288.2,16849.0,195.15698261024392
SE,L,2008,30177.6,112370.0,268.5556643232179
SE,L,2009,29489.6,112600.0,261.8969804618117
SE,L,2010,28472.8,115220.0,247.11681999652836
SE,L,2011,28951.0,119080.0,243.12227074235807
SE,L,2012,30071.8,119550.0,251.54161438728568
SE,L,2013,30682.3,123800.0,247.83764135702745
SE,L,2014,31806.8,124100.0,256.29975825946815
SE,L,2015,31397.9,130150.0,241.2439492892816
SE,L,2016,31794.9,132130.0,240.63346704003632
SE,L,2017,32812.9,136140.0,241.0232114000294
SE,L,2018,33785.8,141980.0,237.96168474433023
SE,L,2019,34695.2,144770.0,239.65738758029974
SE,L,2020,34220.0,139600.0,245.12893982808023
SE,L,2021,34851.1,145890.0,238.88614709712797
SE,L,2022,35509.1,147800.0,240.2510148849797
SE,L,2023,37664.3,142120.0,265.0175907683648
SE,L,2024,38329.8,140170.0,273.45223656987946
SI,L,2008,2430.2,8715.0,278.85255306942054
SI,L,2009,2423.3,9135.0,265.27640941434043
SI,L,2010,2458.6,9156.0,268.523372651813
SI,L,2011,2443.3,8813.0,277.2381708839215
SI,L,2012,2449.0,8652.0,283.0559408229311
SI,L,2013,2463.8,8763.0,281.15942028985506
SI,L,2014,2493.8,8955.0,278.4812953657175
SI,L,2015,2502.2,9127.0,274.15361016763444
SI,L,2016,2490.8,9138.0,272.5760560297658
SI,L,2017,2531.2,9742.0,259.8234448778485
SI,L,2018,2583.2,10182.0,253.70261245334902
SI,L,2019,2633.2,10669.0,246.80851063829786
SI,L,2020,2633.9,10823.0,243.361360066525
SI,L,2021,2708.8,11504.0,235.46592489568846
SI,L,2022,2785.8,12259.0,227.2452891752998
SI,L,2023,2802.1,12660.0,221.3349131121643
SI,L,2024,2773.7,13494.0,205.55061508818733
SK,L,2008,6401.2,35784.0,178.884417616812
SK,L,2009,6381.4,34566.0,184.61493953596016
SK,L,2010,6243.3,39845.0,156.68967248086335
SK,L,2011,6407.9,42679.0,150.14175589868552
SK,L,2012,6851.5,43568.0,157.25991553433713
SK,L,2013,8231.0,39827.0,206.66884274487157
SK,L,2014,5939.4,38525.0,154.170019467878
SK,L,2015,6031.8,38396.0,157.0944890092718
SK,L,2016,6922.6,42400.0,163.2688679245283
SK,L,2017,7073.6,45631.0,155.01742236637375
SK,L,2018,7240.8,47919.0,151.10498967006825
SK,L,2019,7127.7,47249.0,150.85398632775295
SK,L,2020,7401.6,45320.0,163.31862312444835
SK,L,2021,7870.8,43362.0,181.51376781513767
SK,L,2022,8096.9,44011.0,183.974460930222
SK,L,2023,7800.4,44707.0,174.4782696222068
SK,L,2024,8060.1,46047.0,175.04071926509872
UK,L,2008,192686.1,681010.0,282.9416601812015
UK,L,2009,195563.3,687972.0,284.26055130150644
UK,L,2010,202037.7,714997.0,282.57139540445627
UK,L,2011,204669.4,696206.0,293.9782190903267
UK,L,2012,213237.4,740311.0,288.0375950107455
UK,L,2013,220532.7,769304.0,286.66521947110635
UK,L,2014,226851.6,792774.0,286.1491421262554
UK,L,2015,234845.0,823793.0,285.0776833500649
UK,L,2016,238470.4,843561.0,282.6949088447664
UK,L,2017,236158.6,845829.0,279.2037161175604
UK,L,2018,234440.5,858588.0,273.0535483840911
AT,M,2008,12648.2,411297.0,30.751987006956046
AT,M,2009,12242.6,402495.0,30.416775363669117
AT,M,2010,12469.8,410204.0,30.399020974929545
AT,M,2011,13130.2,421751.0,31.132587711706673
AT,M,2012,13641.1,421590.0,32.35631774947224
AT,M,2013,13977.4,435258.0,32.11290774666979
AT,M,2014,14100.0,436870.0,32.27504749696706
AT,M,2015,14871.0,440523.0,33.75760175972651
AT,M,2016,15354.2,443194.0,34.64442208152638
AT,M,2017,15688.9,453524.0,34.59331810444431
AT,M,2018,16131.9,460504.0,35.030966071955945
AT,M,2019,17063.1,477774.0,35.713747504050026
AT,M,2020,16683.7,455609.0,36.618460126994854
AT,M,2021,17740.6,487202.0,36.41323311480659
AT,M,2022,19041.6,490150.0,38.84851576048148
AT,M,2023,19250.9,503599.0,38.22664461208224
AT,M,2024,19027.1,503632.0,37.77976776694094
BE,M,2008,28539.2,867224.0,32.908683339021984
BE,M,2009,29240.7,983549.0,29.729784687900654
BE,M,2010,29541.8,1116904.0,26.449721730784383
BE,M,2011,30756.9,1168327.0,26.325592064550424
BE,M,2012,30109.6,1206117.0,24.96407894093193
BE,M,2013,31235.5,1234656.0,25.298949666951767
BE,M,2014,31871.2,1244618.0,25.60721442241716
BE,M,2015,32929.9,1257773.0,26.1811153522933
BE,M,2016,33510.6,1269081.0,26.405406747087063
BE,M,2017,35727.4,1302021.0,27.4399568056122
BE,M,2018,37116.8,1332133.0,27.86268338071349
BE,M,2019,37677.7,1366222.0,27.578021727069242
BE,M,2020,38099.8,1227323.0,31.043009867818007
BE,M,2021,41791.0,1384829.0,30.177733135282406
BE,M,2022,44236.9,1444222.0,30.63026321438117
BE,M,2023,45517.6,1476244.0,30.83338526693419
BE,M,2024,47377.1,1482535.0,31.9568172083627
BG,M,2008,1076.0,168775.0,6.375351799733373
BG,M,2009,1238.2,169848.0,7.2900475719466815
BG,M,2010,1256.4,170640.0,7.362869198312237
BG,M,2011,1253.4,159676.0,7.849645532202711
BG,M,2012,1233.3,157938.0,7.808760399650495
BG,M,2013,1275.5,160208.0,7.961525017477279
BG,M,2014,1258.4,171002.0,7.35897825756424
BG,M,2015,1466.6,174022.0,8.427670064704461
BG,M,2016,1449.3,181384.0,7.99023067084197
BG,M,2017,1433.8,183272.0,7.823344537081497
BG,M,2018,1482.1,182997.0,8.099039874970627
BG,M,2019,1705.8,181756.0,9.385109707519971
BG,M,2020,1685.4,185294.0,9.095815298930349
BG,M,2021,1943.3,189687.0,10.244771650139441
BG,M,2022,2023.7,196054.0,10.322156140655125
BG,M,2023,2030.2,206476.0,9.832619771789458
BG,M,2024,2105.2,212019.0,9.929298789259452
CH,M,2008,28617.3,551213.0,51.91695406312986
CH,M,2009,29040.7,583292.0,49.78758494887638
CH,M,2010,29167.9,551951.0,52.84508950975721
CH,M,2011,29469.8,569460.0,51.75043023214976
CH,M,2012,30018.9,596701.0,50.30811076234161
CH,M,2013,30492.3,605181.0,50.38542188204851
CH,M,2014,32099.7,611636.0,52.481704804818555
CH,M,2015,32613.3,633046.0,51.51805713960755
CH,M,2016,32493.4,658201.0,49.36698668036056
CH,M,2017,32621.4,653422.0,49.92393889400724
CH,M,2018,35388.7,696505.0,50.80896763124457
CH,M,2019,35112.9,710823.0,49.397529342747774
CH,M,2020,36687.9,695907.0,52.71954442188396
CH,M,2021,38977.7,737775.0,52.83141879299244
CH,M,2022,39887.1,756021.0,52.75924875102675
CH,M,2023,39979.7,763304.0,52.3771655854024
CY,M,2008,1217.5,32090.0,37.94016827672172
CY,M,2009,1197.4,33577.0,35.66131578163624
CY,M,2010,1281.7,35472.0,36.13272440234552
CY,M,2011,1293.7,37587.0,34.41881501582994
CY,M,2012,1266.7,38680.0,32.748190279214064
CY,M,2013,1175.8,37637.0,31.240534580333183
CY,M,2014,1196.5,38906.0,30.753611268184855
CY,M,2015,1280.8,41408.0,30.931221020092735
CY,M,2016,1389.3,44706.0,31.07636558851161
CY,M,2017,1550.0,47374.0,32.718368725461225
CY,M,2018,1653.0,51299.0,32.22285034796
CY,M,2019,1752.8,55219.0,31.742697260001083
CY,M,2020,1758.7,56390.0,31.18815392800142
CY,M,2021,1819.0,61224.0,29.710571017901476
CY,M,2022,1841.0,63522.0,28.982084946947516
CY,M,2023,1808.8,64489.0,28.04819426568872
CY,M,2024,1847.2,65948.0,28.009947231151816
CZ,M,2008,7070.1,486591.0,14.529861834682515
CZ,M,2009,6603.7,476722.0,13.852308053750404
CZ,M,2010,6866.5,484476.0,14.17304469158431
CZ,M,2011,6668.4,461604.0,14.44614864689214
CZ,M,2012,7372.2,476889.0,15.458943276108275
CZ,M,2013,7452.1,480796.0,15.499504987562293
CZ,M,2014,7582.8,497881.0,15.23014535601881
CZ,M,2015,7927.1,496227.0,15.97474542900729
CZ,M,2016,8373.9,534128.0,15.677702722942815
CZ,M,2017,8853.9,557021.0,15.895091926516235
CZ,M,2018,9251.0,567432.0,16.30327510609201
CZ,M,2019,9801.9,567391.0,17.275388576836782
CZ,M,2020,9554.4,524402.0,18.219610146414393
CZ,M,2021,10448.0,539820.0,19.354599681375273
CZ,M,2022,10986.0,567715.0,19.35125899438979
CZ,M,2023,11434.2,582331.0,19.635224640281905
CZ,M,2024,11516.3,599187.0,19.21987626567332
DE,M,2008,164915.0,3643628.0,45.26120668740058
DE,M,2009,142300.3,3631112.0,39.18917951305275
DE,M,2010,146171.0,3708450.0,39.41565883320525
DE,M,2011,150238.8,3783673.0,39.70713113950386
DE,M,2012,151690.3,3842601.0,39.47594350805613
DE,M,2013,153733.1,3931335.0,39.10455354224455
DE,M,2014,152568.3,3997408.0,38.16680709099496
DE,M,2015,159557.0,4058681.0,39.31252542390003
DE,M,2016,167531.3,4108390.0,40.77784728324234
DE,M,2017,180128.8,4196442.0,42.92417242988226
DE,M,2018,186275.3,4248716.0,43.842728014769634
DE,M,2019,180917.3,4277208.0,42.29798971665628
DE,M,2020,179197.0,4037771.0,44.38017906414207
DE,M,2021,196328.2,4200757.0,46.736385846646215
DE,M,2022,194482.5,4297037.0,45.25967544612718
DE,M,2023,200969.4,4356850.0,46.12722494462743
DE,M,2024,204481.7,4380785.0,46.67695401623225
DK,M,2008,12348.7,234695.0,52.61594835850785
DK,M,2009,11845.7,231166.0,51.24326241748354
DK,M,2010,11803.9,230463.0,51.21819988458017
DK,M,2011,11571.9,232345.0,49.80481611396845
DK,M,2012,11237.4,234607.0,47.89882654822746
DK,M,2013,12004.2,244065.0,49.18443857169197
DK,M,2014,12056.2,244669.0,49.27555186803396
DK,M,2015,12704.8,251515.0,50.51309067053655
DK,M,2016,14557.7,263542.0,55.238633690265694
DK,M,2017,14945.7,267612.0,55.84839244876912
DK,M,2018,15451.1,269543.0,57.3233213253544
DK,M,2019,15696.0,267284.0,58.72405381541731
DK,M,2020,15713.2,261645.0,60.055418601540254
DK,M,2021,18074.9,285819.0,63.238972916426135
DK,M,2022,17185.3,305709.0,56.21457006499645
DK,M,2023,18242.3,310112.0,58.824876173769475
DK,M,2024,18526.2,314256.0,58.952573697876886
EA,M,2008,576063.8,14733372.0,39.09925032775932
EA,M,2009,544025.7,14939065.0,36.416315211159464
EA,M,2010,553641.5,15160732.0,36.51812458659648
EA,M,2011,566098.3,15533694.0,36.44325039491573
EA,M,2012,566771.1,15659888.0,36.19253854178267
EA,M,2013,571943.7,15798664.0,36.20202948806304
EA,M,2014,580099.0,16154585.0,35.90924805558298
EA,M,2015,600880.0,16512344.0,36.38974575626574
EA,M,2016,620075.1,16800627.0,36.90785468899464
EA,M,2017,653385.6,17043548.0,38.33624313435207
EA,M,2018,677025.0,17476954.0,38.73815769040761
EA,M,2019,684296.9,17836923.0,38.36406649285867
EA,M,2020,679379.0,16954597.0,40.070489437171524
EA,M,2021,740949.9,18224706.0,40.65634309820965
EA,M,2022,776663.8,18903455.0,41.085812090964325
EA,M,2023,804799.2,19740883.0,40.76814598414873
EA,M,2024,821390.5,20148963.0,40.765894502858536
EA12,M,2008,572472.1,14580758.0,39.26216318794948
EA12,M,2009,537327.1,14552839.0,36.92249326746486
EA12,M,2010,546359.2,14779322.0,36.96781219057275
EA12,M,2011,557988.5,15106952.0,36.93587561541203
EA12,M,2012,558401.3,15205676.0,36.72321441019788
EA12,M,2013,563533.3,15333818.0,36.75101008763767
EA12,M,2014,570055.4,15626342.0,36.480412370342336
EA12,M,2015,588926.7,15876448.0,37.09436140879875
EA12,M,2016,607057.9,16146326.0,37.59727754784587
EA12,M,2017,639695.6,16378160.0,39.057842883449666
EA12,M,2018,662724.6,16775358.0,39.505839458090854
EA12,M,2019,670570.3,17128510.0,39.14936558988494
EA12,M,2020,665570.5,16267438.0,40.91427918766311
EA12,M,2021,724622.2,17533161.0,41.328668572654976
EA12,M,2022,759540.9,18168328.0,41.80576770740819
EA12,M,2023,783682.0,18799238.0,41.68690241593835
EA12,M,2024,800063.2,19190941.0,41.68962845542592
EA19,M,2008,582097.0,15122493.0,38.492132216559796
EA19,M,2009,546430.3,15115807.0,36.1495949240421
EA19,M,2010,555926.0,15337216.0,36.24686514162675
EA19,M,2011,567745.8,15670288.0,36.23071892488511
EA19,M,2012,568551.4,15807580.0,35.96701076319082
EA19,M,2013,573798.6,15957912.0,35.95699738161233
EA19,M,2014,581232.2,16242772.0,35.78405213100326
EA19,M,2015,600880.0,16512344.0,36.38974575626574
EA19,M,2016,620075.1,16800627.0,36.90785468899464
EA19,M,2017,653385.6,17043548.0,38.33624313435207
EA19,M,2018,677025.0,17476954.0,38.73815769040761
EA19,M,2019,684296.9,17836923.0,38.36406649285867
EA19,M,2020,679379.0,16954597.0,40.070489437171524
EA19,M,2021,740949.9,18224706.0,40.65634309820965
EA19,M,2022,776663.8,18903455.0,41.085812090964325
EA19,M,2023,801195.6,19577869.0,40.923534629841484
EA19,M,2024,817717.5,19973177.0,40.94078273075936
EA20,M,2008,584807.3,15229604.0,38.39937663513773
EA20,M,2009,548919.3,15221561.0,36.06195842857379
EA20,M,2010,558318.5,15451751.0,36.13302466497163
EA20,M,2011,570267.7,15788230.0,36.11979936953034
EA20,M,2012,571027.9,15940080.0,35.823402391957885
EA20,M,2013,576301.6,16093105.0,35.8104666563724
EA20,M,2014,583754.0,16363181.0,35.67484830730651
EA20,M,2015,603393.4,16640600.0,36.26031513286781
EA20,M,2016,622634.7,16937885.0,36.75988471996356
EA20,M,2017,656021.5,17185315.0,38.1733765136106
EA20,M,2018,679778.0,17617167.0,38.58611319288737
EA20,M,2019,687198.6,17980500.0,38.21910402936515
EA20,M,2020,682178.2,17091192.0,39.914021210457406
EA20,M,2021,743966.2,18361197.0,40.51839321804564
EA20,M,2022,779958.0,19046719.0,40.949729977115744
EA20,M,2023,804799.2,19740883.0,40.76814598414873
EA20,M,2024,821390.5,20148963.0,40.765894502858536
EE,M,2008,720.1,36520.0,19.717962760131435
EE,M,2009,661.2,38356.0,17.23850245072479
EE,M,2010,681.0,39376.0,17.294798862251117
EE,M,2011,711.6,42006.0,16.940437080417084
EE,M,2012,731.3,44848.0,16.30618979664645
EE,M,2013,775.4,45710.0,16.963465324874207
EE,M,2014,799.9,46230.0,17.302617348042396
EE,M,2015,800.9,46079.0,17.381019553375726
EE,M,2016,827.7,47841.0,17.301059760456514
EE,M,2017,901.8,50498.0,17.85813299536615
EE,M,2018,990.0,53537.0,18.491884117526197
EE,M,2019,1051.7,52321.0,20.100915502379543
EE,M,2020,1067.1,53570.0,19.919731192831804
EE,M,2021,1303.3,51844.0,25.13887817298048
EE,M,2022,1419.9,53150.0,26.714957666980247
EE,M,2023,1413.4,53902.0,26.22166153389485
EE,M,2024,1395.5,55399.0,25.18998537879745
EL,M,2008,10342.5,567640.0,18.22017475864985
EL,M,2009,9401.3,559544.0,16.801717112505898
EL,M,2010,7658.0,555197.0,13.793302197238098
EL,M,2011,6574.7,558030.0,11.781983047506406
EL,M,2012,6144.0,594274.0,10.338665329460822
EL,M,2013,5934.6,601071.0,9.873376023797523
EL,M,2014,5090.6,619036.0,8.223431270556155
EL,M,2015,5286.3,594964.0,8.885075399519971
EL,M,2016,4971.0,569472.0,8.729138570465274
EL,M,2017,4997.7,530558.0,9.419705291410176
EL,M,2018,5055.8,593115.0,8.52414793083972
EL,M,2019,5488.8,564692.0,9.719988949728348
EL,M,2020,5513.8,538504.0,10.239106859001977
EL,M,2021,6429.8,594594.0,10.813765359219905
EL,M,2022,7082.3,597236.0,11.85846131177625
EL,M,2023,7816.5,633834.0,12.332093261011558
EL,M,2024,7157.7,633495.0,11.298747424999409
ES,M,2008,42285.3,1768507.0,23.91016829449926
ES,M,2009,42329.9,1733316.0,24.421340367249826
ES,M,2010,40947.0,1696451.0,24.13685983267421
ES,M,2011,42269.1,1661893.0,25.434308947687967
ES,M,2012,41767.0,1575702.0,26.50691564775573
ES,M,2013,41725.5,1565714.0,26.64950303823048
ES,M,2014,44076.2,1596882.0,27.601413254078885
ES,M,2015,46285.2,1653423.0,27.99356244590767
ES,M,2016,48172.2,1717055.0,28.05512927658112
ES,M,2017,51010.9,1788334.0,28.52425777287688
ES,M,2018,53613.7,1865077.0,28.74610538867832
ES,M,2019,57389.8,1978999.0,28.99940828671465
ES,M,2020,54018.6,1872100.0,28.854548368142726
ES,M,2021,61217.5,2022280.0,30.271525209169848
ES,M,2022,68632.1,2067041.0,33.20306660583898
ES,M,2023,69706.2,2149146.0,32.43437160621009
ES,M,2024,72216.8,2240949.0,32.225989971213096
EU27_2020,M,2008,651722.5,17932684.0,36.34271924938844
EU27_2020,M,2009,614489.5,17982181.0,34.1721340698328
EU27_2020,M,2010,624200.0,18234978.0,34.2309159901372
EU27_2020,M,2011,638113.5,18593537.0,34.31910238487706
EU27_2020,M,2012,641422.0,18790894.0,34.13472504288513
EU27_2020,M,2013,651870.9,19043390.0,34.23082234833189
EU27_2020,M,2014,661605.3,19504347.0,33.92091516829556
EU27_2020,M,2015,686513.6,19847921.0,34.588690674454014
EU27_2020,M,2016,709007.1,20342082.0,34.85420518902637
EU27_2020,M,2017,748718.9,20728412.0,36.120417714584214
EU27_2020,M,2018,776971.5,21145714.0,36.74368716043355
EU27_2020,M,2019,789064.7,21634048.0,36.47328045125905
EU27_2020,M,2020,785065.5,20700732.0,37.924528465949905
EU27_2020,M,2021,855547.4,22212838.0,38.51589787851512
EU27_2020,M,2022,898902.9,23044006.0,39.00810041448523
EU27_2020,M,2023,927634.7,23857134.0,38.88290605233638
EU27_2020,M,2024,947220.4,24372247.0,38.86471362283502
FI,M,2008,8150.1,227000.0,35.90352422907489
FI,M,2009,7689.3,222000.0,34.63648648648648
FI,M,2010,7755.0,223000.0,34.77578475336323
FI,M,2011,8168.1,231900.0,35.222509702457955
FI,M,2012,8255.4,230100.0,35.87744458930899
FI,M,2013,8222.1,229800.0,35.77937336814622
FI,M,2014,8071.8,231500.0,34.867386609071275
FI,M,2015,8247.3,237400.0,34.74010109519798
FI,M,2016,8235.6,241500.0,34.10186335403727
FI,M,2017,8625.3,245100.0,35.19094247246022
FI,M,2018,9050.0,254200.0,35.601888276947285
FI,M,2019,9229.1,255300.0,36.1500195848022
FI,M,2020,9302.9,259600.0,35.83551617873652
FI,M,2021,9842.9,264900.0,37.15704039260098
FI,M,2022,10153.4,272300.0,37.28755049577671
FI,M,2023,10302.8,270300.0,38.11616722160562
FI,M,2024,10128.2,267300.0,37.890759446315
FR,M,2008,138963.5,2544429.0,54.61480748725942
FR,M,2009,134159.5,2562294.0,52.35913599298129
FR,M,2010,140541.2,2582722.0,54.415922426029596
FR,M,2011,146914.1,2745135.0,53.51798727567133
FR,M,2012,149622.8,2808681.0,53.27155344448159
FR,M,2013,152524.1,2846931.0,53.57491979960175
FR,M,2014,155328.2,2908014.0,53.4138418865934
FR,M,2015,158041.0,2927708.0,53.981134730649366
FR,M,2016,160697.0,3004346.0,53.488180123061724
FR,M,2017,166954.7,3042763.0,54.86943938781956
FR,M,2018,171819.0,3114345.0,55.17018827393883
FR,M,2019,177717.6,3230324.0,55.015410218913026
FR,M,2020,169145.0,3051558.0,55.429062793497614
FR,M,2021,182408.8,3347286.0,54.494536767996514
FR,M,2022,187489.6,3538215.0,52.989883316870234
FR,M,2023,190346.7,3655736.0,52.06795567294794
FR,M,2024,195215.8,3738397.0,52.21911958521259
HR,M,2008,2712.5,107111.0,25.3241963943946
HR,M,2009,2491.4,105755.0,23.558224197437475
HR,M,2010,2392.5,114535.0,20.888811280394638
HR,M,2011,2521.9,117941.0,21.38272526093555
HR,M,2012,2472.4,132500.0,18.659622641509433
HR,M,2013,2499.3,135193.0,18.486903907746704
HR,M,2014,2516.0,120409.0,20.895448014683286
HR,M,2015,2491.5,128256.0,19.425991766467067
HR,M,2016,2530.2,137258.0,18.43389820629763
HR,M,2017,2594.3,141766.0,18.299874440980208
HR,M,2018,2713.2,140213.0,19.3505595058946
HR,M,2019,2886.0,143576.0,20.10085251016883
HR,M,2020,2766.3,136595.0,20.25183937918665
HR,M,2021,2969.0,136492.0,21.75219060457756
HR,M,2022,3284.9,143264.0,22.928998213089123
HR,M,2023,3634.9,163013.0,22.298221614227085
HR,M,2024,3704.1,175786.0,21.071643930688452
HU,M,2008,4818.0,276855.0,17.402611475321017
HU,M,2009,4671.5,288225.0,16.207823748807357
HU,M,2010,4835.4,256938.0,18.81932606309693
HU,M,2011,4896.7,255356.0,19.175973934428796
HU,M,2012,4857.7,226373.0,21.458831221037844
HU,M,2013,5141.4,291418.0,17.642698803780135
HU,M,2014,5365.7,357286.0,15.017940809323623
HU,M,2015,5739.3,381487.0,15.044549355548158
HU,M,2016,6154.3,416716.0,14.768571401146106
HU,M,2017,6802.6,446249.0,15.243955728752335
HU,M,2018,7582.6,447414.0,16.9476145136272
HU,M,2019,8259.2,445326.0,18.546413189438752
HU,M,2020,8451.2,435703.0,19.39669912761675
HU,M,2021,9479.2,469955.0,20.170441850815507
HU,M,2022,10214.8,493094.0,20.71572560201503
HU,M,2023,10183.5,484033.0,21.03885478882638
HU,M,2024,10363.3,490213.0,21.140402233314905
IE,M,2008,6253.2,229343.0,27.26571118368557
IE,M,2009,5690.3,201412.0,28.25204059341052
IE,M,2010,6392.0,194921.0,32.79277245653367
IE,M,2011,6339.9,192727.0,32.895754097765234
IE,M,2012,6166.3,192425.0,32.04521242042354
IE,M,2013,6708.8,215925.0,31.070047470186406
IE,M,2014,7541.6,234646.0,32.140330540473734
IE,M,2015,8289.8,236845.0,35.000949988389024
IE,M,2016,7847.1,249085.0,31.503703555011345
IE,M,2017,9943.8,251327.0,39.56518798219053
IE,M,2018,11787.5,255427.0,46.14821455836697
IE,M,2019,13323.8,261215.0,51.00702486457515
IE,M,2020,15267.0,256220.0,59.58551245023808
IE,M,2021,17093.4,289334.0,59.07843530314447
IE,M,2022,18968.9,297827.0,63.6910018232061
IE,M,2023,20295.1,315362.0,64.35493179267
IE,M,2024,21023.3,351281.0,59.847529470708636
IS,M,2008,436.4,14237.0,30.652525110627238
IS,M,2009,385.9,11797.0,32.71170636602526
IS,M,2010,394.4,11536.0,34.188626907073505
IS,M,2011,387.3,12256.0,31.600848563968672
IS,M,2012,395.3,12605.0,31.360571201904005
IS,M,2013,409.5,12820.0,31.94227769110764
IS,M,2014,415.6,12981.0,32.01602341884292
IS,M,2015,431.5,13135.0,32.8511610201751
IS,M,2016,454.0,13843.0,32.79635917069999
IS,M,2017,459.7,14287.0,32.17610415062644
IS,M,2018,481.8,14532.0,33.154417836498766
IS,M,2019,495.1,14185.0,34.903066619668664
IS,M,2020,463.2,13896.0,33.333333333333336
IS,M,2021,471.7,14236.0,33.13430738971621
IS,M,2022,486.7,14796.0,32.894025412273585
IS,M,2023,490.8,15118.0,32.464611721127135
IT,M,2008,102535.0,2831496.0,36.212306144878895
IT,M,2009,97342.8,2760331.0,35.264901202065985
IT,M,2010,98180.7,2818416.0,34.83541819234634
IT,M,2011,95241.7,2861078.0,33.2887464095701
IT,M,2012,92304.0,2853927.0,32.342803442414606
IT,M,2013,90653.8,2797367.0,32.40683113799513
IT,M,2014,90291.1,2831492.0,31.88817061817586
IT,M,2015,90738.2,2886026.0,31.440534492759248
IT,M,2016,93397.6,2909642.0,32.09934418048681
IT,M,2017,95876.9,2904227.0,33.01288088017913
IT,M,2018,98504.0,2928025.0,33.64178926067913
IT,M,2019,96265.7,2938342.0,32.76191130916687
IT,M,2020,98829.5,2810846.0,35.1600550154651
IT,M,2021,106162.2,3081498.0,34.451490800902675
IT,M,2022,119232.5,3215919.0,37.07571614832339
IT,M,2023,127955.9,3405202.0,37.57659604334779
IT,M,2024,129908.4,3521561.0,36.889436247164255
LT,M,2008,1132.7,86940.0,13.02852541982977
LT,M,2009,942.0,79060.0,11.91500126486213
LT,M,2010,887.9,84104.0,10.557167316655569
LT,M,2011,940.3,79920.0,11.765515515515515
LT,M,2012,980.8,88600.0,11.069977426636568
LT,M,2013,1055.7,91767.0,11.504135473536238
LT,M,2014,1127.7,88187.0,12.787599079229365
LT,M,2015,1211.9,94178.0,12.868185775871224
LT,M,2016,1329.0,101952.0,13.035546139359699
LT,M,2017,1421.0,98409.0,14.439736202989565
LT,M,2018,1562.2,110455.0,14.143316282649042
LT,M,2019,1677.8,112925.0,14.857648882001326
LT,M,2020,1672.9,115183.0,14.523844664577238
LT,M,2021,1955.2,110349.0,17.718330025645905
LT,M,2022,2242.5,127917.0,17.530898942282885
LT,M,2023,2226.8,146756.0,15.173485240807873
LT,M,2024,2420.4,147170.0,16.44628660732486
LU,M,2008,2796.8,44540.0,62.79299506061967
LU,M,2009,2679.4,45129.0,59.37202242460502
LU,M,2010,2701.4,46271.0,58.38214000129671
LU,M,2011,2973.1,48048.0,61.87770562770563
LU,M,2012,3065.5,50994.0,60.11491548025258
LU,M,2013,3114.6,52375.0,59.467303102625294
LU,M,2014,2836.9,55008.0,51.57249854566609
LU,M,2015,3440.5,58367.0,58.94597974883067
LU,M,2016,4371.0,62259.0,70.206717101142
LU,M,2017,4346.4,66274.0,65.58227962700305
LU,M,2018,4608.5,69986.0,65.84888406252679
LU,M,2019,5344.4,72995.0,73.21597369682854
LU,M,2020,5316.7,72222.0,73.61607266483897
LU,M,2021,5118.0,79580.0,64.31264136717768
LU,M,2022,5507.3,81919.0,67.22860386479327
LU,M,2023,4796.3,84755.0,56.590171671287834
LU,M,2024,4412.7,86232.0,51.17241859170609
LV,M,2008,988.9,69335.0,14.262637917357756
LV,M,2009,801.7,61035.0,13.13508642582125
LV,M,2010,715.6,52546.0,13.618543752140981
LV,M,2011,707.1,56674.0,12.476620672618838
LV,M,2012,797.7,59093.0,13.499060802463914
LV,M,2013,794.8,67481.0,11.778130140335797
LV,M,2014,801.0,73144.0,10.951000765613037
LV,M,2015,815.5,75703.0,10.77236040843824
LV,M,2016,833.7,78262.0,10.652679461296671
LV,M,2017,871.5,78789.0,11.061188744621711
LV,M,2018,880.8,78406.0,11.233834145346018
LV,M,2019,881.3,68226.0,12.917362882185676
LV,M,2020,894.4,66540.0,13.441538923955516
LV,M,2021,969.9,62184.0,15.597259745272094
LV,M,2022,1033.8,67495.0,15.316690125194459
LV,M,2023,963.8,68066.0,14.159786089971497
LV,M,2024,925.2,65179.0,14.19475597968671
MT,M,2008,271.2,14024.0,19.338277239018822
MT,M,2009,276.6,15481.0,17.867062851237
MT,M,2010,320.2,17095.0,18.73062298917812
MT,M,2011,343.0,17373.0,19.743279801991598
MT,M,2012,384.3,17584.0,21.855095541401276
MT,M,2013,397.9,19037.0,20.90140253191154
MT,M,2014,469.1,20279.0,23.1323043542581
MT,M,2015,575.7,22140.0,26.00271002710027
MT,M,2016,696.6,25638.0,27.17060613152352
MT,M,2017,821.5,28470.0,28.854935019318578
MT,M,2018,837.6,32018.0,26.160284839777624
MT,M,2019,894.4,36332.0,24.617417152923043
MT,M,2020,972.4,34741.0,27.989983017184304
MT,M,2021,1100.4,38497.0,28.584045510039747
MT,M,2022,1186.2,40310.0,29.426941205656167
MT,M,2023,1237.4,44195.0,27.998642380359772
MT,M,2024,1260.1,45999.0,27.3940737842127
NL,M,2008,49651.7,1068484.0,46.46929668577161
NL,M,2009,48385.6,1075036.0,45.008353208636734
NL,M,2010,48082.0,1051260.0,45.73749595723228
NL,M,2011,49520.0,1060697.0,46.686282699017724
NL,M,2012,49841.4,1068034.0,46.666491890707604
NL,M,2013,49622.4,1060160.0,46.806519770600666
NL,M,2014,51901.5,1082458.0,47.94781876063551
NL,M,2015,54307.9,1119137.0,48.52658789763899
NL,M,2016,55631.2,1153480.0,48.22901133959843
NL,M,2017,57555.9,1171158.0,49.14443653204777
NL,M,2018,59343.8,1202373.0,49.35556603483278
NL,M,2019,60864.1,1231911.0,49.4062476915946
NL,M,2020,63649.9,1221935.0,52.08943192559342
NL,M,2021,69310.5,1290779.0,53.69664365472324
NL,M,2022,74176.9,1335380.0,55.547409726070484
NL,M,2023,75835.2,1379008.0,54.99257437230241
NL,M,2024,78532.2,1404036.0,55.93318120048204
NO,M,2008,12997.2,197080.0,65.94885325756039
NO,M,2009,12549.8,194270.0,64.59978380604313
NO,M,2010,12513.8,196910.0,63.55086079934995
NO,M,2011,12435.3,198950.0,62.50464940939934
NO,M,2012,13451.9,203380.0,66.14170518241714
NO,M,2013,14001.9,206480.0,67.81237892289809
NO,M,2014,14182.7,209970.0,67.54631614040102
NO,M,2015,13694.3,212650.0,64.39830707735715
NO,M,2016,13175.9,209300.0,62.95222169135213
NO,M,2017,13568.5,209280.0,64.83419342507646
NO,M,2018,14563.7,217565.0,66.93953531128628
NO,M,2019,15898.2,225851.0,70.39242686549981
NO,M,2020,15754.1,223805.0,70.39208239315475
NO,M,2021,16100.5,230850.0,69.74442278535845
NO,M,2022,17640.7,242941.0,72.61310359305347
NO,M,2023,18379.7,251894.0,72.96600951193756
NO,M,2024,18509.8,254072.0,72.85257722220473
PL,M,2008,15928.1,858618.0,18.550857307906426
PL,M,2009,16810.7,924854.0,18.176598684765377
PL,M,2010,15527.8,966277.0,16.069719138507903
PL,M,2011,15671.1,994505.0,15.757688498298148
PL,M,2012,16477.9,1047755.0,15.726863627470163
PL,M,2013,17696.9,1053396.0,16.799854945338694
PL,M,2014,18507.0,1126461.0,16.429330442864867
PL,M,2015,20689.5,1147427.0,18.031212443144533
PL,M,2016,20264.5,1218600.0,16.629328737895946
PL,M,2017,22676.2,1262321.0,17.963893494602402
PL,M,2018,24588.6,1214764.0,20.241462539225726
PL,M,2019,25632.2,1330978.0,19.258169556521594
PL,M,2020,26102.8,1386295.0,18.82918137914369
PL,M,2021,29555.6,1516022.0,19.49549544795524
PL,M,2022,31001.6,1535743.0,20.186710927544517
PL,M,2023,31911.8,1635903.0,19.507146817384648
PL,M,2024,32687.1,1644110.0,19.88133397400417
PT,M,2008,6223.1,377171.0,16.4994127332165
PT,M,2009,5973.7,376622.0,15.861261423921066
PT,M,2010,5936.5,375525.0,15.80853471806138
PT,M,2011,5887.2,373693.0,15.75410831886067
PT,M,2012,5618.0,361232.0,15.55233201931169
PT,M,2013,5807.0,363226.0,15.98729165863677
PT,M,2014,6296.6,388410.0,16.211220102469042
PT,M,2015,6197.9,405600.0,15.280818540433925
PT,M,2016,6496.7,418821.0,15.511877389147152
PT,M,2017,6844.7,426432.0,16.0510937265496
PT,M,2018,7309.4,451457.0,16.190689257227152
PT,M,2019,7905.1,473529.0,16.694014516534363
PT,M,2020,7959.2,463750.0,17.162695417789756
PT,M,2021,8436.2,490122.0,17.212449145314842
PT,M,2022,9487.6,531083.0,17.86462756292331
PT,M,2023,10231.9,569203.0,17.975836388775182
PT,M,2024,10197.7,580738.0,17.55989792298765
RO,M,2008,4728.0,291018.0,16.24641774735583
RO,M,2009,4384.5,286909.0,15.28184894862134
RO,M,2010,3515.8,273725.0,12.844278016257192
RO,M,2011,4698.9,294119.0,15.976186509542055
RO,M,2012,5538.6,296588.0,18.674390062982994
RO,M,2013,6937.6,299076.0,23.196779413928233
RO,M,2014,6972.7,319892.0,21.79704400235079
RO,M,2015,7626.6,319129.0,23.89817283919669
RO,M,2016,7466.7,334384.0,22.32971673285803
RO,M,2017,8480.2,354087.0,23.949481342156027
RO,M,2018,8605.6,359931.0,23.909027007954304
RO,M,2019,9385.2,358255.0,26.196982596195447
RO,M,2020,9621.4,336586.0,28.585264984283363
RO,M,2021,9448.2,347908.0,27.157179484231463
RO,M,2022,11806.0,354833.0,33.27198992201966
RO,M,2023,11490.0,343517.0,33.4481262936041
RO,M,2024,11509.3,401702.0,28.65133855445081
RS,M,2008,1450.6,152307.0,9.524184705890077
RS,M,2009,1484.1,160482.0,9.247766104609862
RS,M,2010,1490.5,167121.0,8.918687657445803
RS,M,2011,1438.8,167718.0,8.578685650914034
RS,M,2012,1448.7,173478.0,8.350914813405735
RS,M,2013,1356.5,179435.0,7.559840610806142
RS,M,2014,1329.1,178625.0,7.4407277816655
RS,M,2015,1315.9,185070.0,7.110282595774572
RS,M,2016,1360.4,190265.0,7.150027593093843
RS,M,2017,1397.3,200144.0,6.981473339195778
RS,M,2018,1428.2,210723.0,6.777618010373809
RS,M,2019,1518.9,225233.0,6.743683208055658
RS,M,2020,1494.7,215352.0,6.940729596195996
RS,M,2021,1625.1,237614.0,6.839243478919592
RS,M,2022,1743.1,249624.0,6.982902285036695
RS,M,2023,1943.1,265482.0,7.319140280696996
RS,M,2024,2104.2,264744.0,7.948055480010877
SE,M,2008,21183.8,412670.0,51.3335110378753
SE,M,2009,20105.9,411830.0,48.8208726901877
SE,M,2010,22075.3,429670.0,51.37733609514279
SE,M,2011,23084.8,437050.0,52.819585859741444
SE,M,2012,23664.8,441600.0,53.58876811594203
SE,M,2013,25132.7,456380.0,55.06967877645821
SE,M,2014,26118.1,458010.0,57.025174122835736
SE,M,2015,27054.4,471010.0,57.439120188531035
SE,M,2016,28244.5,487800.0,57.90180401804018
SE,M,2017,29744.8,505300.0,58.865624381555506
SE,M,2018,30569.1,521120.0,58.660385323917716
SE,M,2019,31756.4,538390.0,58.98400787533201
SE,M,2020,32176.7,515990.0,62.35915424717533
SE,M,2021,33103.1,540190.0,61.280475388289304
SE,M,2022,36202.2,582490.0,62.15076653676457
SE,M,2023,38031.5,593760.0,64.05197386149285
SE,M,2024,39807.0,600440.0,66.29638265272133
SI,M,2008,2099.8,106500.0,19.71643192488263
SI,M,2009,2028.3,118624.0,17.098563528459668
SI,M,2010,2125.0,116541.0,18.23392625771188
SI,M,2011,2166.6,117471.0,18.44370099854432
SI,M,2012,2128.7,116532.0,18.26708543576013
SI,M,2013,2213.9,127053.0,17.42501160932839
SI,M,2014,2366.5,124531.0,19.003300383037153
SI,M,2015,2449.4,123581.0,19.820198897888833
SI,M,2016,2479.6,122381.0,20.26131507341826
SI,M,2017,2630.7,121755.0,21.606504866329924
SI,M,2018,2782.7,125307.0,22.20705946196142
SI,M,2019,2821.4,128259.0,21.997676576302638
SI,M,2020,2714.6,123280.0,22.019792342634652
SI,M,2021,2951.3,131144.0,22.504270115293114
SI,M,2022,3193.2,140745.0,22.687839710114034
SI,M,2023,3260.1,144675.0,22.53395541731467
SI,M,2024,3311.6,153065.0,21.63525299709274
SK,M,2008,3211.4,194927.0,16.47488546994516
SK,M,2009,3203.1,218544.0,14.656545135075774
SK,M,2010,3555.4,212303.0,16.746819404341906
SK,M,2011,3594.7,213018.0,16.87509975682806
SK,M,2012,3853.8,236718.0,16.28013078853319
SK,M,2013,3843.7,232886.0,16.504641756052315
SK,M,2014,4410.5,225904.0,19.52378001274878
SK,M,2015,4817.5,234240.0,20.566512978142075
SK,M,2016,5456.4,235058.0,23.212994239719556
SK,M,2017,5481.1,238750.0,22.957486910994763
SK,M,2018,5586.8,251466.0,22.216919981230067
SK,M,2019,4607.2,253341.0,18.185765430783018
SK,M,2020,4661.3,239114.0,19.494048863721908
SK,M,2021,6186.0,235169.0,26.304487411180897
SK,M,2022,6053.8,245140.0,24.695276168719914
SK,M,2023,6530.5,254485.0,25.661630351494193
SK,M,2024,6413.3,250014.0,25.65176350124393
UK,M,2008,126246.0,3777608.0,33.4195607379061
UK,M,2009,117119.9,3611627.0,32.42857028148256
UK,M,2010,121534.3,3616849.0,33.602259867636164
UK,M,2011,127707.1,3693400.0,34.577110521470736
UK,M,2012,133949.4,3876273.0,34.55623481627842
UK,M,2013,143255.3,4049902.0,35.37253494035164
UK,M,2014,150084.9,4338155.0,34.596481684033876
UK,M,2015,157884.2,4427341.0,35.66117902370746
UK,M,2016,162606.7,4648422.0,34.98105378556422
UK,M,2017,168503.8,4507523.0,37.3827931660027
UK,M,2018,175961.5,4641958.0,37.90674107779519
AT,N,2008,11018.7,334203.0,32.970081058518325
AT,N,2009,10198.8,298129.0,34.20935232734822
AT,N,2010,10662.3,311294.0,34.25154355689477
AT,N,2011,11218.2,336719.0,33.31620728263033
AT,N,2012,11210.4,351591.0,31.884775207556505
AT,N,2013,11266.7,340354.0,33.10288699412965
AT,N,2014,11539.4,357144.0,32.310216607306856
AT,N,2015,11597.4,350351.0,33.102231761861674
AT,N,2016,11977.1,371344.0,32.253382308587184
AT,N,2017,12710.8,399070.0,31.85105369985215
AT,N,2018,13286.4,414336.0,32.06672845227062
AT,N,2019,13686.7,419634.0,32.615803295252526
AT,N,2020,12182.2,350830.0,34.723940369979765
AT,N,2021,13026.1,386251.0,33.724443431861665
AT,N,2022,14046.6,406548.0,34.5509017385401
AT,N,2023,13995.9,398906.0,35.08570941525071
AT,N,2024,13589.8,390386.0,34.81118687657856
BE,N,2008,13799.5,489043.0,28.217355120101914
BE,N,2009,11945.8,443612.0,26.928487056256365
BE,N,2010,12414.1,472379.0,26.279957407082026
BE,N,2011,13346.2,508541.0,26.24409831262376
BE,N,2012,13060.6,513293.0,25.444726501238087
BE,N,2013,13460.1,515040.0,26.13408667287978
BE,N,2014,14671.5,537388.0,27.30150282477465
BE,N,2015,15811.7,568295.0,27.82304964851002
BE,N,2016,16659.1,597422.0,27.884979126982266
BE,N,2017,17429.7,621737.0,28.033879276928992
BE,N,2018,18489.4,643598.0,28.72818125600142
BE,N,2019,19688.9,651960.0,30.19955211976195
BE,N,2020,18239.6,560697.0,32.53022577256522
BE,N,2021,20058.3,637148.0,31.481382661485245
BE,N,2022,20431.2,670903.0,30.4532846029903
BE,N,2023,20308.0,668704.0,30.36919175001196
BE,N,2024,20817.8,672808.0,30.941665378532953
BG,N,2008,806.6,189876.0,4.248035560049717
BG,N,2009,788.7,195137.0,4.041775778043118
BG,N,2010,635.9,187010.0,3.40035292230362
BG,N,2011,688.7,200837.0,3.429149011387344
BG,N,2012,636.0,206814.0,3.075227015579216
BG,N,2013,558.6,222080.0,2.515309798270893
BG,N,2014,575.0,198493.0,2.896827595935373
BG,N,2015,551.5,196526.0,2.8062444663810386
BG,N,2016,571.2,204480.0,2.793427230046949
BG,N,2017,598.1,205334.0,2.9128152181324087
BG,N,2018,698.8,206211.0,3.3887619962077675
BG,N,2019,772.5,214315.0,3.6045073839908546
BG,N,2020,716.3,206898.0,3.4620924320196425
BG,N,2021,800.2,202915.0,3.9435231500874752
BG,N,2022,862.3,212418.0,4.059448822604487
BG,N,2023,948.6,211785.0,4.479070755719244
BG,N,2024,985.2,207736.0,4.742557861901644
CH,N,2008,11057.2,318468.0,34.71997186530515
CH,N,2009,10954.5,286393.0,38.24988739249912
CH,N,2010,12022.6,350904.0,34.26179239906072
CH,N,2011,13034.0,358343.0,36.37297226400405
CH,N,2012,13990.0,374229.0,37.38352719858696
CH,N,2013,14578.8,375654.0,38.80911690012618
CH,N,2014,14877.7,380083.0,39.143292386136714
CH,N,2015,15118.6,373097.0,40.52190181105718
CH,N,2016,14502.3,389839.0,37.20074184471025
CH,N,2017,15253.4,383305.0,39.794419587534726
CH,N,2018,15991.5,397226.0,40.25793880561695
CH,N,2019,16241.5,396394.0,40.97312270115087
CH,N,2020,14543.1,381038.0,38.16705945338785
CH,N,2021,16097.3,382167.0,42.12111459126507
CH,N,2022,17437.7,379698.0,45.925182645154834
CH,N,2023,17995.4,387427.0,46.448492232085016
CY,N,2008,257.5,13925.0,18.491921005385993
CY,N,2009,264.8,14974.0,17.68398557499666
CY,N,2010,273.7,15091.0,18.136637731098006
CY,N,2011,267.1,16130.0,16.559206447613143
CY,N,2012,256.8,16240.0,15.812807881773399
CY,N,2013,238.7,16124.0,14.804018853882411
CY,N,2014,264.0,17796.0,14.834794335805798
CY,N,2015,285.4,19078.0,14.95963937519656
CY,N,2016,307.9,20843.0,14.772345631626923
CY,N,2017,348.2,22950.0,15.172113289760349
CY,N,2018,459.8,24197.0,19.002355663925282
CY,N,2019,514.5,26858.0,19.156303522228015
CY,N,2020,458.6,25251.0,18.161656964080635
CY,N,2021,549.0,28259.0,19.42743904596766
CY,N,2022,651.1,29568.0,22.02042748917749
CY,N,2023,714.2,30948.0,23.077420188703634
CY,N,2024,741.4,32088.0,23.105210670655694
CZ,N,2008,2978.5,265006.0,11.239368165249088
CZ,N,2009,2825.4,255605.0,11.053774378435476
CZ,N,2010,2785.5,250863.0,11.103670130708794
CZ,N,2011,2760.1,246558.0,11.194526237234241
CZ,N,2012,2805.9,242093.0,11.590174024032088
CZ,N,2013,3017.3,249279.0,12.104108248187774
CZ,N,2014,3130.0,250433.0,12.498352852858849
CZ,N,2015,3153.4,252401.0,12.493611356531868
CZ,N,2016,3334.2,262043.0,12.723865930400734
CZ,N,2017,3674.3,267836.0,13.718469511193417
CZ,N,2018,3763.1,268284.0,14.02655395029148
CZ,N,2019,3860.2,270208.0,14.286031501657982
CZ,N,2020,3260.5,242265.0,13.458402988463048
CZ,N,2021,3629.2,254628.0,14.252949400694344
CZ,N,2022,4196.2,268220.0,15.644620087987473
CZ,N,2023,4106.6,292746.0,14.027860329432341
CZ,N,2024,4365.7,303513.0,14.383897889052527
DE,N,2008,107617.0,3542143.0,30.381890285061896
DE,N,2009,102828.7,3332457.0,30.856722232274866
DE,N,2010,108862.0,3619087.0,30.079962156201272
DE,N,2011,106084.8,3828312.0,27.710594120855355
DE,N,2012,107724.8,3815353.0,28.234556540377785
DE,N,2013,112920.1,3748230.0,30.12624625489898
DE,N,2014,121311.6,3856127.0,31.45944104019396
DE,N,2015,122448.8,3946776.0,31.025018901503405
DE,N,2016,126830.1,4081807.0,31.072047257501396
DE,N,2017,127488.5,4223965.0,30.182186642171512
DE,N,2018,132911.2,4224259.0,31.463790454136458
DE,N,2019,131905.7,4122361.0,31.99761010741175
DE,N,2020,119707.5,3730622.0,32.08781270254665
DE,N,2021,125226.0,3880918.0,32.267107936833504
DE,N,2022,136011.7,4011361.0,33.906621717666404
DE,N,2023,133761.2,4006611.0,33.38512273839412
DE,N,2024,133234.4,3904757.0,34.12104773741362
DK,N,2008,6130.3,167920.0,36.507265364459265
DK,N,2009,5392.2,151913.0,35.4953163982016
DK,N,2010,5336.4,152993.0,34.88002719078651
DK,N,2011,5821.0,159578.0,36.477459298900854
DK,N,2012,6182.9,161074.0,38.385462582415535
DK,N,2013,6443.8,168812.0,38.171457005426156
DK,N,2014,6556.1,175318.0,37.39547564996178
DK,N,2015,7020.5,183139.0,38.33427069056836
DK,N,2016,7118.9,195090.0,36.49033779281357
DK,N,2017,7127.1,200851.0,35.48451339550214
DK,N,2018,7210.0,204940.0,35.18102859373475
DK,N,2019,6893.1,207022.0,33.296461245664716
DK,N,2020,6337.3,197961.0,32.0128712221094
DK,N,2021,7290.3,216109.0,33.73436552850645
DK,N,2022,7257.9,227047.0,31.966509136874745
DK,N,2023,7232.9,221533.0,32.64931184067385
DK,N,2024,7292.2,221926.0,32.85870064796374
EA,N,2008,379116.5,13809295.0,27.453718672821456
EA,N,2009,351511.6,13110522.0,26.811411475454598
EA,N,2010,361554.0,13666846.0,26.45482359280261
EA,N,2011,368624.9,14181701.0,25.992996185718486
EA,N,2012,361646.5,14038205.0,25.76159131455909
EA,N,2013,368556.9,13832808.0,26.643679287676083
EA,N,2014,387050.3,14383921.0,26.908539055519004
EA,N,2015,402067.6,15034158.0,26.743606126794727
EA,N,2016,420073.8,15734601.0,26.697454863965092
EA,N,2017,438085.6,16590415.0,26.40594584282551
EA,N,2018,457979.8,17173912.0,26.667179848132445
EA,N,2019,468341.5,17133212.0,27.335300584618928
EA,N,2020,415193.2,15014737.0,27.65237912592142
EA,N,2021,448015.7,16544244.0,27.07985327102284
EA,N,2022,482196.1,17490713.0,27.568693168769048
EA,N,2023,486506.8,17675617.0,27.524176383772062
EA,N,2024,493334.3,17714201.0,27.84965011969775
EA12,N,2008,377805.4,13698767.0,27.579518653029137
EA12,N,2009,348157.7,12854802.0,27.083863290932058
EA12,N,2010,357986.8,13397698.0,26.720023096505084
EA12,N,2011,364739.7,13867893.0,26.301017753742403
EA12,N,2012,357519.3,13720325.0,26.0576407628828
EA12,N,2013,364163.4,13522259.0,26.930662990555057
EA12,N,2014,382103.7,13999016.0,27.29503987994585
EA12,N,2015,395717.8,14526576.0,27.24095478521573
EA12,N,2016,413746.5,15202000.0,27.2165833442968
EA12,N,2017,430844.4,16047926.0,26.84735709773338
EA12,N,2018,450134.0,16621206.0,27.08190970017458
EA12,N,2019,460776.7,16581061.0,27.789337485701306
EA12,N,2020,408238.6,14511599.0,28.131882640913656
EA12,N,2021,440134.6,16019808.0,27.474399193798074
EA12,N,2022,473489.9,16955660.0,27.925182505428868
EA12,N,2023,475269.4,17009463.0,27.941469992321334
EA12,N,2024,481653.0,17021667.0,28.296464735210716
EA19,N,2008,382807.0,14118773.0,27.113333432019907
EA19,N,2009,352890.8,13262696.0,26.607772657987486
EA19,N,2010,362957.0,13818986.0,26.26509644050584
EA19,N,2011,369645.8,14307689.0,25.835465112499996
EA19,N,2012,362804.5,14177609.0,25.589963723784457
EA19,N,2013,369830.0,13977489.0,26.45897270961902
EA19,N,2014,387763.7,14472088.0,26.793901474341506
EA19,N,2015,402067.6,15034158.0,26.743606126794727
EA19,N,2016,420073.8,15734601.0,26.697454863965092
EA19,N,2017,438085.6,16590415.0,26.40594584282551
EA19,N,2018,457979.8,17173912.0,26.667179848132445
EA19,N,2019,468341.5,17133212.0,27.335300584618928
EA19,N,2020,415193.2,15014737.0,27.65237912592142
EA19,N,2021,448015.7,16544244.0,27.07985327102284
EA19,N,2022,482196.1,17490713.0,27.568693168769048
EA19,N,2023,485421.1,17584988.0,27.604289522403995
EA19,N,2024,492186.2,17621451.0,27.931082406323974
EA20,N,2008,383517.3,14182190.0,27.042177548037362
EA20,N,2009,353557.6,13325310.0,26.532786104038102
EA20,N,2010,363668.0,13886798.0,26.188038452060727
EA20,N,2011,370339.1,14377518.0,25.75820805788593
EA20,N,2012,363511.3,14241735.0,25.52436904632757
EA20,N,2013,370571.4,14034595.0,26.404139200311803
EA20,N,2014,388533.9,14542414.0,26.717290540621384
EA20,N,2015,402878.8,15105683.0,26.67067751918268
EA20,N,2016,420947.9,15825569.0,26.599226858762552
EA20,N,2017,439032.0,16672483.0,26.3327304037437
EA20,N,2018,459012.8,17261945.0,26.59102436023287
EA20,N,2019,469363.1,17217827.0,27.260298294320183
EA20,N,2020,415979.4,15100400.0,27.54757489867818
EA20,N,2021,448934.1,16632729.0,26.99100670731784
EA20,N,2022,483181.4,17586051.0,27.47526434445118
EA20,N,2023,486506.8,17675617.0,27.524176383772062
EA20,N,2024,493334.3,17714201.0,27.84965011969775
EE,N,2008,469.4,32671.0,14.367481864650607
EE,N,2009,412.1,31195.0,13.210450392691136
EE,N,2010,428.5,30789.0,13.917308129526779
EE,N,2011,484.9,32853.0,14.759687090981036
EE,N,2012,550.9,35240.0,15.632803632236094
EE,N,2013,559.4,36235.0,15.438112322340277
EE,N,2014,548.1,35595.0,15.398230088495575
EE,N,2015,548.5,34541.0,15.879679221794389
EE,N,2016,588.1,37226.0,15.798098103476065
EE,N,2017,686.8,39973.0,17.1815975783654
EE,N,2018,729.7,41965.0,17.388299773620876
EE,N,2019,749.5,39344.0,19.04991866612444
EE,N,2020,628.6,35701.0,17.607349934175513
EE,N,2021,696.0,33223.0,20.949342323089425
EE,N,2022,800.6,33579.0,23.842282378867747
EE,N,2023,889.5,34525.0,25.763939174511226
EE,N,2024,837.3,37720.0,22.197773064687166
EL,N,2008,4768.0,249535.0,19.10754002444547
EL,N,2009,4443.8,249784.0,17.79057105339013
EL,N,2010,3257.1,228847.0,14.232653257416526
EL,N,2011,2942.1,220453.0,13.345701804919868
EL,N,2012,2654.5,225359.0,11.778983754808992
EL,N,2013,2197.7,213993.0,10.269962101564069
EL,N,2014,2611.1,242665.0,10.760101374322627
EL,N,2015,2425.5,243593.0,9.957182677663152
EL,N,2016,2517.0,264069.0,9.531599695534121
EL,N,2017,2743.1,267609.0,10.250402639672059
EL,N,2018,2926.9,281749.0,10.388324359625056
EL,N,2019,3017.5,279789.0,10.784912916519234
EL,N,2020,2433.0,252787.0,9.624703802015135
EL,N,2021,3004.1,292374.0,10.274853441140456
EL,N,2022,3875.7,314689.0,12.315969099650767
EL,N,2023,3997.7,341823.0,11.695234083136594
EL,N,2024,4470.4,359090.0,12.449246706953687
ES,N,2008,34282.6,2058806.0,16.651690348677825
ES,N,2009,32003.1,1969366.0,16.25045826931104
ES,N,2010,33284.0,1966812.0,16.92281722909968
ES,N,2011,34233.0,1948859.0,17.565662780119034
ES,N,2012,32358.4,1909670.0,16.944498264097984
ES,N,2013,31849.7,1852029.0,17.197192916525605
ES,N,2014,33896.4,1975311.0,17.160032015211783
ES,N,2015,37537.3,2130156.0,17.62185492517919
ES,N,2016,39453.1,2181369.0,18.08639436977421
ES,N,2017,40530.2,2255227.0,17.971672031241198
ES,N,2018,42024.3,2275142.0,18.471066860881653
ES,N,2019,44984.5,2333422.0,19.278338851695064
ES,N,2020,36608.8,2012387.0,18.191729523198074
ES,N,2021,40331.1,2182713.0,18.47750941145263
ES,N,2022,45442.7,2294484.0,19.805193673174447
ES,N,2023,47252.8,2300157.0,20.54329334910617
ES,N,2024,49713.8,2410671.0,20.622391027228517
EU27_2020,N,2008,414822.3,16368358.0,25.342939102382783
EU27_2020,N,2009,383916.8,15566008.0,24.66379305471255
EU27_2020,N,2010,395011.0,16207827.0,24.37161995867799
EU27_2020,N,2011,403672.8,16836554.0,23.975975131253104
EU27_2020,N,2012,398037.4,16631997.0,23.93202692376628
EU27_2020,N,2013,405775.1,16488409.0,24.60971825723149
EU27_2020,N,2014,425308.5,17182293.0,24.752720722432098
EU27_2020,N,2015,441909.9,17780495.0,24.853633152507847
EU27_2020,N,2016,462007.8,18581477.0,24.863889991091668
EU27_2020,N,2017,483318.8,19447298.0,24.85274818126405
EU27_2020,N,2018,505259.3,20052007.0,25.19744282953821
EU27_2020,N,2019,516953.0,20071608.0,25.755435239667893
EU27_2020,N,2020,459326.4,17785500.0,25.8258918782154
EU27_2020,N,2021,497273.4,19489433.0,25.515026527452083
EU27_2020,N,2022,534785.4,20641848.0,25.907825694676177
EU27_2020,N,2023,540365.0,20746522.0,26.046052441946657
EU27_2020,N,2024,548168.6,20743782.0,26.42568264552722
FI,N,2008,5625.1,180700.0,31.1294964028777
FI,N,2009,5167.0,182200.0,28.3589462129528
FI,N,2010,5315.0,184600.0,28.7919826652221
FI,N,2011,5553.2,194100.0,28.609994848016488
FI,N,2012,5579.5,199100.0,28.023606228026118
FI,N,2013,5385.1,197900.0,27.211217786760994
FI,N,2014,5302.7,206600.0,25.66650532429816
FI,N,2015,5191.5,204600.0,25.373900293255133
FI,N,2016,5495.4,217100.0,25.31275909719023
FI,N,2017,6084.9,228900.0,26.583224115334207
FI,N,2018,6507.1,243100.0,26.76717400246812
FI,N,2019,6948.6,258500.0,26.880464216634433
FI,N,2020,6290.8,237000.0,26.543459915611813
FI,N,2021,6341.6,248200.0,25.550362610797745
FI,N,2022,6766.4,266400.0,25.3993993993994
FI,N,2023,6754.1,272000.0,24.831250000000004
FI,N,2024,6767.3,257800.0,26.250193948797516
FR,N,2008,105241.3,3026781.0,34.77004117575735
FR,N,2009,91804.8,2757625.0,33.291256062735144
FR,N,2010,94359.1,2906651.0,32.4631680927638
FR,N,2011,97482.6,3008400.0,32.40347028320702
FR,N,2012,93828.9,2970794.0,31.58377861272104
FR,N,2013,92857.3,2946515.0,31.51428042959225
FR,N,2014,93494.6,2978046.0,31.394612440506293
FR,N,2015,95530.8,3048783.0,31.334076580720897
FR,N,2016,98967.4,3225596.0,30.68189568687461
FR,N,2017,104358.4,3437777.0,30.356361101956292
FR,N,2018,108211.8,3644416.0,29.692493941416128
FR,N,2019,111160.0,3579300.0,31.056351800631408
FR,N,2020,100898.4,3126312.0,32.27393810982397
FR,N,2021,110304.5,3581653.0,30.797092850703294
FR,N,2022,116249.1,3862316.0,30.098288177352657
FR,N,2023,119881.5,3870621.0,30.972161831396047
FR,N,2024,123519.7,3861921.0,31.984004851471585
HR,N,2008,710.8,63417.0,11.20835107305612
HR,N,2009,667.6,62614.0,10.662152234324592
HR,N,2010,711.0,67812.0,10.484869934524863
HR,N,2011,693.2,69829.0,9.927107648684645
HR,N,2012,708.1,64126.0,11.042322926737985
HR,N,2013,744.0,57106.0,13.028403320141491
HR,N,2014,772.2,70327.0,10.980135652025538
HR,N,2015,815.7,71525.0,11.40440405452639
HR,N,2016,883.3,90968.0,9.710007914871163
HR,N,2017,961.6,82068.0,11.717112638299946
HR,N,2018,1053.3,88033.0,11.96483137005441
HR,N,2019,1038.7,84614.0,12.275746330394497
HR,N,2020,790.8,85663.0,9.2315235282444
HR,N,2021,930.2,88484.0,10.512635052664889
HR,N,2022,997.5,95339.0,10.462664806637369
HR,N,2023,1098.5,90630.0,12.12071058148516
HR,N,2024,1155.1,92751.0,12.453774083298292
HU,N,2008,2853.7,240641.0,11.858743938065416
HU,N,2009,2766.4,279388.0,9.901642160722721
HU,N,2010,2717.6,318823.0,8.523851792373826
HU,N,2011,2886.2,331820.0,8.698089325537941
HU,N,2012,2932.7,276601.0,10.602637011435244
HU,N,2013,2966.6,286338.0,10.360483065468083
HU,N,2014,3166.2,368748.0,8.586351654788636
HU,N,2015,3394.5,395463.0,8.583609591794934
HU,N,2016,3560.8,391634.0,9.092162580368406
HU,N,2017,4100.7,402632.0,10.184734447336524
HU,N,2018,4359.5,421014.0,10.354762549463914
HU,N,2019,4594.4,435250.0,10.555772544514646
HU,N,2020,3924.7,373396.0,10.510824968665974
HU,N,2021,4778.2,410373.0,11.643553547626183
HU,N,2022,5489.2,440629.0,12.457645774563181
HU,N,2023,5706.0,446569.0,12.777420734533745
HU,N,2024,5849.6,461647.0,12.671153500401823
IE,N,2008,7925.5,158328.0,50.05747562023142
IE,N,2009,7705.3,130350.0,59.112389719984655
IE,N,2010,7526.2,118319.0,63.60939494079565
IE,N,2011,8764.8,125751.0,69.69964453562993
IE,N,2012,8507.6,121195.0,70.1976154131771
IE,N,2013,11239.3,118975.0,94.46774532464802
IE,N,2014,13854.5,128009.0,108.23067128092556
IE,N,2015,14904.3,129176.0,115.37979191181023
IE,N,2016,16196.0,138391.0,117.0307317672392
IE,N,2017,17645.3,153414.0,115.0175342537187
IE,N,2018,18301.4,171463.0,106.7367303733167
IE,N,2019,18819.7,187904.0,100.1559306880109
IE,N,2020,16213.9,141844.0,114.30797213840557
IE,N,2021,15222.2,148663.0,102.39400523331294
IE,N,2022,15081.2,172518.0,87.41812448556092
IE,N,2023,16397.2,177474.0,92.39212504366837
IE,N,2024,16597.9,168761.0,98.35151486421627
IS,N,2008,263.2,8126.0,32.3898597095742
IS,N,2009,243.0,6720.0,36.16071428571429
IS,N,2010,234.7,6757.0,34.73434956341571
IS,N,2011,265.4,7227.0,36.72339836723398
IS,N,2012,258.5,7530.0,34.32934926958831
IS,N,2013,285.9,8139.0,35.1271654994471
IS,N,2014,308.5,8798.0,35.06478745169356
IS,N,2015,380.7,9960.0,38.222891566265055
IS,N,2016,434.0,12419.0,34.946453015540705
IS,N,2017,491.9,14544.0,33.82150715071507
IS,N,2018,536.4,15159.0,35.3849198495943
IS,N,2019,551.5,14666.0,37.603981999181784
IS,N,2020,305.3,10094.0,30.245690509213397
IS,N,2021,346.6,10486.0,33.05359526988366
IS,N,2022,494.3,13026.0,37.947182557961
IS,N,2023,549.3,14919.0,36.81882163683893
IT,N,2008,46602.6,1824095.0,25.548340409901897
IT,N,2009,43165.0,1751471.0,24.644998404198528
IT,N,2010,44153.9,1827792.0,24.156960967112234
IT,N,2011,46196.6,1909182.0,24.19706450196995
IT,N,2012,43295.5,1871905.0,23.129111787190052
IT,N,2013,43511.8,1836664.0,23.69066960532792
IT,N,2014,43977.1,1867694.0,23.546201893886256
IT,N,2015,44937.9,1942484.0,23.13424460639058
IT,N,2016,45895.0,2034063.0,22.56321461036359
IT,N,2017,48659.7,2194185.0,22.17666240540337
IT,N,2018,51933.9,2344258.0,22.15366226754905
IT,N,2019,52869.1,2350857.0,22.489287949033052
IT,N,2020,47849.6,1958719.0,24.429027338786216
IT,N,2021,54307.7,2378081.0,22.83677469354492
IT,N,2022,59414.1,2512489.0,23.64750651644644
IT,N,2023,57843.4,2535064.0,22.817333211311432
IT,N,2024,59318.3,2601818.0,22.798789154352843
LT,N,2008,618.7,69730.0,8.872795066685788
LT,N,2009,535.8,76567.0,6.997792782791541
LT,N,2010,523.0,76745.0,6.814776206919017
LT,N,2011,541.8,76807.0,7.054044553230825
LT,N,2012,609.9,74293.0,8.209387156259673
LT,N,2013,662.9,78605.0,8.433305769353094
LT,N,2014,711.6,88166.0,8.071138534128803
LT,N,2015,796.0,94398.0,8.432382041992415
LT,N,2016,861.5,101193.0,8.513434723745712
LT,N,2017,992.8,104221.0,9.525911284673914
LT,N,2018,1098.6,100878.0,10.890382442157852
LT,N,2019,1198.1,99455.0,12.046654265748328
LT,N,2020,1120.4,97872.0,11.44760503514795
LT,N,2021,1349.6,109385.0,12.338071947707638
LT,N,2022,1475.8,100788.0,14.642616184466405
LT,N,2023,1656.1,120136.0,13.78521009522541
LT,N,2024,1768.4,132225.0,13.374172811495557
LU,N,2008,1290.8,33317.0,38.742984062190466
LU,N,2009,1190.6,28795.0,41.34745615558256
LU,N,2010,1156.0,30937.0,37.366260464815596
LU,N,2011,1111.9,31475.0,35.32644956314536
LU,N,2012,1163.3,31526.0,36.89970183340734
LU,N,2013,1213.0,32513.0,37.30815366161227
LU,N,2014,1377.0,34449.0,39.972132717930855
LU,N,2015,1601.4,36726.0,43.60398627675217
LU,N,2016,1709.5,39565.0,43.2073802603311
LU,N,2017,1821.6,41769.0,43.611290670114194
LU,N,2018,2035.3,44482.0,45.75558652938267
LU,N,2019,2063.0,45944.0,44.902489987811244
LU,N,2020,2152.2,40350.0,53.33828996282527
LU,N,2021,2194.9,47052.0,46.64838901640738
LU,N,2022,2086.4,47925.0,43.53468961919666
LU,N,2023,2295.7,47890.0,47.936938818124865
LU,N,2024,2312.4,48790.0,47.39495798319328
LV,N,2008,588.0,59050.0,9.95766299745978
LV,N,2009,429.3,46720.0,9.188784246575342
LV,N,2010,451.4,44338.0,10.180883215300645
LV,N,2011,479.1,49182.0,9.741368793461023
LV,N,2012,547.4,65110.0,8.407310704960835
LV,N,2013,612.1,66076.0,9.263575276953812
LV,N,2014,607.5,60827.0,9.98734114784553
LV,N,2015,625.4,60236.0,10.382495517630652
LV,N,2016,661.8,57649.0,11.47981751634894
LV,N,2017,701.1,59363.0,11.81038694136078
LV,N,2018,736.5,62479.0,11.787960754813618
LV,N,2019,744.5,62008.0,12.00651528834989
LV,N,2020,717.7,59567.0,12.048617523125221
LV,N,2021,747.2,58561.0,12.759344956541042
LV,N,2022,761.6,61553.0,12.373076860591684
LV,N,2023,774.1,67220.0,11.515917881582864
LV,N,2024,849.9,63645.0,13.353759132689136
MT,N,2008,219.1,22041.0,9.940565310103898
MT,N,2009,216.2,22743.0,9.506221694587344
MT,N,2010,237.0,23228.0,10.203203030824866
MT,N,2011,247.4,23240.0,10.645438898450948
MT,N,2012,286.7,23582.0,12.157577813586633
MT,N,2013,341.7,25635.0,13.329432416617905
MT,N,2014,383.4,29138.0,13.158075365502093
MT,N,2015,460.5,31072.0,14.82041709577755
MT,N,2016,529.6,36065.0,14.68459725495633
MT,N,2017,687.9,41961.0,16.393794237506253
MT,N,2018,770.0,44176.0,17.43027888446215
MT,N,2019,879.1,50860.0,17.284703106567047
MT,N,2020,824.4,48489.0,17.001794221369796
MT,N,2021,985.7,52221.0,18.875548151126942
MT,N,2022,1122.0,55937.0,20.05827985054615
MT,N,2023,1282.0,63100.0,20.316957210776547
MT,N,2024,1276.9,65049.0,19.629817522175593
NL,N,2008,35044.9,1255912.0,27.9039454993662
NL,N,2009,32757.6,1148321.0,28.526518281908977
NL,N,2010,31591.0,1155359.0,27.34301632652708
NL,N,2011,32646.0,1197215.0,27.2682851451076
NL,N,2012,33067.9,1179086.0,28.045367343857873
NL,N,2013,33269.2,1189587.0,27.967017124430576
NL,N,2014,34669.0,1239995.0,27.95898370557946
NL,N,2015,38032.7,1320686.0,28.797685445291307
NL,N,2016,41993.5,1406619.0,29.85421069955688
NL,N,2017,44425.3,1513991.0,29.343173110011886
NL,N,2018,46328.7,1587542.0,29.182660994165822
NL,N,2019,48539.8,1597450.0,30.385802372531224
NL,N,2020,39267.3,1432114.0,27.41911607595485
NL,N,2021,43821.6,1514277.0,28.938958988348894
NL,N,2022,47522.5,1588231.0,29.92165497336345
NL,N,2023,46298.3,1542885.0,30.007615603236797
NL,N,2024,45790.1,1503412.0,30.457452780741406
NO,N,2008,7482.7,167610.0,44.6435176898753
NO,N,2009,7208.8,152710.0,47.20581494335669
NO,N,2010,7161.2,154060.0,46.48318836816825
NO,N,2011,7803.6,169490.0,46.041654374889376
NO,N,2012,8369.6,177140.0,47.24850400812917
NO,N,2013,8567.6,177140.0,48.36626397199955
NO,N,2014,8683.9,179170.0,48.46737735111905
NO,N,2015,8246.8,174300.0,47.31382673551348
NO,N,2016,8137.0,173734.0,46.835967628673714
NO,N,2017,8587.3,181013.0,47.44023909884925
NO,N,2018,9315.7,193302.0,48.192465675471546
NO,N,2019,9296.4,199189.0,46.671251926562206
NO,N,2020,8669.0,177580.0,48.81743439576529
NO,N,2021,8592.4,180117.0,47.7045475996158
NO,N,2022,9406.1,193804.0,48.53408598377742
NO,N,2023,9006.1,185789.0,48.474882797151615
NO,N,2024,8893.5,183004.0,48.597298419706675
PL,N,2008,5268.4,740265.0,7.11691083598441
PL,N,2009,5668.5,781899.0,7.249657564468045
PL,N,2010,6665.1,817166.0,8.156359907289339
PL,N,2011,7444.4,874010.0,8.517522682806833
PL,N,2012,8135.0,856264.0,9.500574589145403
PL,N,2013,8144.0,839268.0,9.703694171587621
PL,N,2014,8577.2,923408.0,9.288635142862093
PL,N,2015,9328.0,894300.0,10.43050430504305
PL,N,2016,10254.2,908089.0,11.29206498481977
PL,N,2017,11676.9,910339.0,12.826979839378517
PL,N,2018,12213.0,877955.0,13.910735743859309
PL,N,2019,13311.3,889479.0,14.965277426448516
PL,N,2020,12601.2,862789.0,14.605193158466324
PL,N,2021,14095.3,970781.0,14.519546633071721
PL,N,2022,14168.0,1064043.0,13.315251357322964
PL,N,2023,14981.1,1042425.0,14.37139362544068
PL,N,2024,15146.9,976196.0,15.51624878610443
PT,N,2008,4950.1,545904.0,9.067711539025177
PT,N,2009,5028.3,562692.0,8.936149794203578
PT,N,2010,5417.3,575621.0,9.411227178994514
PT,N,2011,5190.5,558886.0,9.28722494390627
PT,N,2012,4968.6,531453.0,9.349086372642548
PT,N,2013,4942.3,530461.0,9.316990315970449
PT,N,2014,5372.7,575589.0,9.334264553353174
PT,N,2015,5556.0,604952.0,9.184199738161045
PT,N,2016,5921.4,644656.0,9.185363977066837
PT,N,2017,6452.7,710284.0,9.084675988759425
PT,N,2018,6827.3,746863.0,9.141301684512422
PT,N,2019,7016.8,753941.0,9.306829048957411
PT,N,2020,6141.1,667938.0,9.194116819225735
PT,N,2021,6618.3,722479.0,9.160543074608398
PT,N,2022,7471.6,807797.0,9.249353488562102
PT,N,2023,7626.4,847327.0,9.000539343134351
PT,N,2024,7581.2,841453.0,9.009653539769898
RO,N,2008,2660.0,263786.0,10.083931671885543
RO,N,2009,3070.0,281591.0,10.902337077534439
RO,N,2010,2610.9,271203.0,9.627105894846297
RO,N,2011,2368.5,299196.0,7.916215457425902
RO,N,2012,2729.1,307680.0,8.869929797191887
RO,N,2013,3193.8,344804.0,9.26265356550388
RO,N,2014,3522.0,369894.0,9.521646742039612
RO,N,2015,3402.4,381298.0,8.923204422787427
RO,N,2016,3442.7,390156.0,8.823906334901935
RO,N,2017,4450.7,378978.0,11.743953474871892
RO,N,2018,5014.4,388165.0,12.918217768217122
RO,N,2019,5308.5,418056.0,12.698059590102762
RO,N,2020,4686.2,408815.0,11.462886635764342
RO,N,2021,5125.3,386638.0,13.256068984424708
RO,N,2022,5633.6,395759.0,14.234925800803016
RO,N,2023,5996.0,402607.0,14.892935294219923
RO,N,2024,5906.7,419179.0,14.091116205725955
RS,N,2008,462.3,74548.0,6.201373611632773
RS,N,2009,503.3,81132.0,6.203470886949662
RS,N,2010,514.4,84637.0,6.077720146035421
RS,N,2011,513.5,85709.0,5.991202790838769
RS,N,2012,549.3,92985.0,5.907404420067752
RS,N,2013,550.8,104181.0,5.28695251533389
RS,N,2014,566.0,111373.0,5.082021674912232
RS,N,2015,590.3,138159.0,4.272613438140113
RS,N,2016,635.8,152076.0,4.180804334674768
RS,N,2017,692.1,164428.0,4.20913712992921
RS,N,2018,769.5,187409.0,4.105992775160211
RS,N,2019,797.1,190929.0,4.174850337036281
RS,N,2020,728.4,171515.0,4.246858875317027
RS,N,2021,793.9,180290.0,4.403461090465361
RS,N,2022,840.5,189351.0,4.438846375250197
RS,N,2023,931.7,191350.0,4.869088058531487
RS,N,2024,970.7,188389.0,5.152636300420937
SE,N,2008,10664.2,342540.0,31.13271442751212
SE,N,2009,9985.8,319470.0,31.257395060569063
SE,N,2010,10591.0,348750.0,30.36845878136201
SE,N,2011,11363.9,374280.0,30.36202842791493
SE,N,2012,11148.5,367450.0,30.340182337733026
SE,N,2013,11082.7,373900.0,29.640813051618082
SE,N,2014,11505.7,383870.0,29.97290749472478
SE,N,2015,12420.3,402520.0,30.85635496372851
SE,N,2016,13054.6,435020.0,30.00919497954117
SE,N,2017,13259.1,439200.0,30.18920765027322
SE,N,2018,13595.5,455470.0,29.849386348167826
SE,N,2019,13544.1,451180.0,30.019282769626315
SE,N,2020,12410.4,424070.0,29.264979838234254
SE,N,2021,13300.5,447940.0,29.692592757958653
SE,N,2022,14764.9,480440.0,30.73203729914245
SE,N,2023,15725.9,487070.0,32.28673496622662
SE,N,2024,16150.1,470500.0,34.32539851222104
SI,N,2008,834.3,74561.0,11.189495849036359
SI,N,2009,771.6,73408.0,10.511115954664342
SI,N,2010,831.5,74110.0,11.21980839292943
SI,N,2011,832.0,72663.0,11.450119042703989
SI,N,2012,808.3,71013.0,11.382422936645401
SI,N,2013,781.5,66253.0,11.795692270538693
SI,N,2014,906.9,75098.0,12.076220405337027
SI,N,2015,965.8,78931.0,12.236003598079336
SI,N,2016,1034.4,81337.0,12.717459458794892
SI,N,2017,1161.7,84413.0,13.762098255008116
SI,N,2018,1258.6,85216.0,14.769526849417948
SI,N,2019,1161.4,82412.0,14.092607872639908
SI,N,2020,894.2,70674.0,12.652460593711975
SI,N,2021,990.0,74833.0,13.229457592238719
SI,N,2022,1122.7,80157.0,14.006262709432738
SI,N,2023,1171.0,79250.0,14.776025236593059
SI,N,2024,1155.4,81714.0,14.13955992853122
SK,N,2008,2010.5,146389.0,13.733955420147689
SK,N,2009,2100.8,144594.0,14.528956941505182
SK,N,2010,2224.9,156719.0,14.196747044072513
SK,N,2011,2053.7,168997.0,12.15228672698332
SK,N,2012,2232.8,172126.0,12.97189268326691
SK,N,2013,2496.7,164194.0,15.205793147130832
SK,N,2014,2239.4,167884.0,13.338972147435134
SK,N,2015,2680.6,189256.0,14.16388383987826
SK,N,2016,2331.7,198853.0,11.725747159962383
SK,N,2017,2670.2,188445.0,14.169651622489319
SK,N,2018,2816.7,194272.0,14.49874402899028
SK,N,2019,2335.7,190325.0,12.27216603178773
SK,N,2020,2328.4,166680.0,13.969282457403407
SK,N,2021,2592.3,167202.0,15.504001148311623
SK,N,2022,2801.6,175317.0,15.9801958737601
SK,N,2023,3691.8,179190.0,20.602712204922152
SK,N,2024,3974.3,187732.0,21.170072230626637
UK,N,2008,71120.8,3647381.0,19.499141987086077
UK,N,2009,61936.3,3433647.0,18.03805108678906
UK,N,2010,69631.9,3460778.0,20.120302429106978
UK,N,2011,75870.3,3622344.0,20.94508417753808
UK,N,2012,82324.6,3842388.0,21.42537401220283
UK,N,2013,88142.3,3860576.0,22.831385782846912
UK,N,2014,96324.4,4008990.0,24.02709909478447
UK,N,2015,101447.5,4219632.0,24.041788478236967
UK,N,2016,102640.6,4394899.0,23.35448436926537
UK,N,2017,106556.3,4415693.0,24.13127452474617
UK,N,2018,110347.1,4535645.0,24.328866125986494
AT,O,2008,14573.7,442824.0,32.91081784185139
AT,O,2009,14702.8,439764.0,33.433386998481005
AT,O,2010,14685.3,436338.0,33.65578977764944
AT,O,2011,14627.3,440007.0,33.243334765128736
AT,O,2012,14589.6,431181.0,33.83637034099369
AT,O,2013,14505.1,430464.0,33.696429898899794
AT,O,2014,14510.4,437238.0,33.186502545524405
AT,O,2015,14677.7,436664.0,33.6132587069234
AT,O,2016,14876.0,447796.0,33.22048432768493
AT,O,2017,15040.9,448659.0,33.52412411207621
AT,O,2018,15204.4,450673.0,33.73709984844887
AT,O,2019,15212.7,454052.0,33.5043122814127
AT,O,2020,15359.7,443056.0,34.66762666570366
AT,O,2021,15701.1,451489.0,34.77626254460242
AT,O,2022,15823.4,433415.0,36.508657983687684
AT,O,2023,16164.8,439853.0,36.750459812710154
AT,O,2024,16725.1,435870.0,38.37176222268107
BE,O,2008,24850.0,690759.0,35.97492034124782
BE,O,2009,24959.4,698206.0,35.74790248150259
BE,O,2010,25356.1,699712.0,36.237909311259486
BE,O,2011,25506.7,696881.0,36.60122746925228
BE,O,2012,25801.7,698833.0,36.92112421708763
BE,O,2013,26136.3,699621.0,37.3577980077785
BE,O,2014,26164.6,698636.0,37.450975901614
BE,O,2015,25768.7,686815.0,37.51912814950169
BE,O,2016,26171.5,684355.0,38.24257877855791
BE,O,2017,26158.2,689110.0,37.95939690325202
BE,O,2018,26463.0,692045.0,38.23884284981468
BE,O,2019,26929.6,696234.0,38.678949893283
BE,O,2020,27256.0,698811.0,39.00339290595025
BE,O,2021,28078.7,708540.0,39.62895531656646
BE,O,2022,28624.9,716903.0,39.92855379319099
BE,O,2023,28873.2,722715.0,39.95101803615533
BE,O,2024,29498.3,729817.0,40.41876251169814
BG,O,2008,2103.9,453593.0,4.638299091917204
BG,O,2009,2198.8,444653.0,4.944979568337558
BG,O,2010,2125.7,413056.0,5.1462755655407495
BG,O,2011,2141.5,396159.0,5.40565782930591
BG,O,2012,2214.1,405504.0,5.460118765782828
BG,O,2013,2133.2,401192.0,5.3171548784621825
BG,O,2014,2219.9,396869.0,5.593533382551925
BG,O,2015,2191.0,392076.0,5.588202287311644
BG,O,2016,2143.0,386268.0,5.547961518945395
BG,O,2017,2286.7,385759.0,5.927794296438968
BG,O,2018,2327.5,387971.0,5.999159731010822
BG,O,2019,2330.2,394646.0,5.904532163001778
BG,O,2020,2298.1,393873.0,5.834621819723616
BG,O,2021,2314.2,397144.0,5.827105533509256
BG,O,2022,2387.1,387829.0,6.155032243591892
BG,O,2023,2414.6,391231.0,6.1718013143130275
BG,O,2024,2376.2,397711.0,5.974690164466157
CH,O,2008,42973.7,310575.0,138.36818803831602
CH,O,2009,44039.3,301740.0,145.9511499966859
CH,O,2010,44897.7,263128.0,170.63064364111764
CH,O,2011,45754.8,275252.0,166.22876491360645
CH,O,2012,45615.4,283785.0,160.73929206970067
CH,O,2013,46281.7,286993.0,161.26421201910847
CH,O,2014,47164.2,288485.0,163.4892628732863
CH,O,2015,47451.5,293130.0,161.87868863644118
CH,O,2016,47548.3,295759.0,160.76704343739328
CH,O,2017,48017.8,298832.0,160.68493334047224
CH,O,2018,48244.9,289849.0,166.44839209381436
CH,O,2019,48779.4,291115.0,167.56058602270582
CH,O,2020,49961.5,304574.0,164.03731112964337
CH,O,2021,50120.3,319457.0,156.89216389060186
CH,O,2022,50722.7,308872.0,164.21915874537024
CH,O,2023,51391.0,307426.0,167.16543168112
CY,O,2008,1803.3,61697.0,29.228325526362706
CY,O,2009,1917.2,62005.0,30.920087089750826
CY,O,2010,1865.1,61989.0,30.087596186420168
CY,O,2011,1930.1,62729.0,30.768862886384287
CY,O,2012,1991.0,61301.0,32.47907864472031
CY,O,2013,1868.8,60267.0,31.008678049347072
CY,O,2014,1803.8,58184.0,31.00164993812732
CY,O,2015,1773.1,56744.0,31.247356548709995
CY,O,2016,1752.2,56655.0,30.927543906098315
CY,O,2017,1788.4,55850.0,32.02148612354521
CY,O,2018,1802.8,55988.0,32.19975709080517
CY,O,2019,1818.0,56046.0,32.43764050958141
CY,O,2020,1829.8,56592.0,32.33319197059655
CY,O,2021,1799.5,57394.0,31.353451580304558
CY,O,2022,1908.2,58232.0,32.76892430278885
CY,O,2023,2001.4,59084.0,33.87380678356239
CY,O,2024,2089.0,62463.0,33.443798728847476
CZ,O,2008,9465.2,550604.0,17.190576167263586
CZ,O,2009,9369.3,546969.0,17.129489971095254
CZ,O,2010,9498.9,539831.0,17.596062471403087
CZ,O,2011,9081.8,515889.0,17.60417454142267
CZ,O,2012,9011.0,491087.0,18.34909089428146
CZ,O,2013,8995.5,505174.0,17.80673589693848
CZ,O,2014,8949.2,513091.0,17.441740354050257
CZ,O,2015,9100.1,504677.0,18.031533039944364
CZ,O,2016,9224.4,532841.0,17.311730891579288
CZ,O,2017,9328.0,518485.0,17.99087726742336
CZ,O,2018,9565.1,546570.0,17.500228698977256
CZ,O,2019,9720.6,549637.0,17.68549060561789
CZ,O,2020,9799.0,524236.0,18.691963161629495
CZ,O,2021,9909.0,532758.0,18.599439144977644
CZ,O,2022,10183.5,541115.0,18.819474603365272
CZ,O,2023,10259.5,544155.0,18.85400299547004
CZ,O,2024,10310.2,543167.0,18.981639164382223
DE,O,2008,141751.4,3972629.0,35.68201309510654
DE,O,2009,143767.5,3936148.0,36.52492233523739
DE,O,2010,146428.0,3988945.0,36.70845298694266
DE,O,2011,145700.9,3816380.0,38.17777579800753
DE,O,2012,144676.3,3687635.0,39.23281452746814
DE,O,2013,145667.8,3666206.0,39.732573674256166
DE,O,2014,146626.3,3670815.0,39.943799946333435
DE,O,2015,148130.1,3695793.0,40.08073504116708
DE,O,2016,151699.5,3743037.0,40.5284532319611
DE,O,2017,155368.0,3789934.0,40.994909146175104
DE,O,2018,158606.9,3814660.0,41.57825336989404
DE,O,2019,162936.5,3867360.0,42.131195440817514
DE,O,2020,165250.0,3872303.0,42.67486299496707
DE,O,2021,169430.8,4008925.0,42.2633997892203
DE,O,2022,170818.9,3978909.0,42.93108990429286
DE,O,2023,172438.3,4034225.0,42.74384795096951
DE,O,2024,175528.5,4075506.0,43.06913055704003
DK,O,2008,12534.9,242449.0,51.70118251673548
DK,O,2009,12645.2,248059.0,50.976582184077174
DK,O,2010,12608.9,252166.0,50.00237938500829
DK,O,2011,12323.4,245949.0,50.10550967883586
DK,O,2012,12297.2,241757.0,50.865952175118
DK,O,2013,11869.1,236550.0,50.17586134009723
DK,O,2014,11903.4,229513.0,51.86372885196045
DK,O,2015,11831.1,228661.0,51.74078657925926
DK,O,2016,11529.2,228741.0,50.40285738018108
DK,O,2017,11553.9,227349.0,50.820104772838235
DK,O,2018,11573.2,228532.0,50.641485656275705
DK,O,2019,11763.2,236788.0,49.678193151679984
DK,O,2020,11910.9,236124.0,50.443411089088784
DK,O,2021,12378.3,244152.0,50.69915462498771
DK,O,2022,12144.2,243907.0,49.79028892159717
DK,O,2023,12319.0,247789.0,49.71568552276332
DK,O,2024,12394.6,253651.0,48.86477877083079
EA,O,2008,590453.4,15984745.0,36.93855610458597
EA,O,2009,604562.1,16284594.0,37.124788005153825
EA,O,2010,610261.0,16231707.0,37.596846714889566
EA,O,2011,612507.2,16075743.0,38.10133068188512
EA,O,2012,609781.7,15719423.0,38.791608317938895
EA,O,2013,612435.6,15712624.0,38.97729621736
EA,O,2014,614742.9,15816843.0,38.86634646370328
EA,O,2015,616816.6,15889022.0,38.820299953011585
EA,O,2016,621401.8,15913027.0,39.04988032760832
EA,O,2017,626790.4,15872346.0,39.48946173426411
EA,O,2018,633210.1,15973531.0,39.64121019954824
EA,O,2019,642810.7,16074865.0,39.9885597795067
EA,O,2020,643276.2,16111548.0,39.926405581884495
EA,O,2021,657692.3,16321661.0,40.29567211327328
EA,O,2022,665259.2,16281830.0,40.85899435137205
EA,O,2023,679058.7,16735290.0,40.576452514417134
EA,O,2024,693358.0,16997353.0,40.792116278340515
EA12,O,2008,586304.8,15816190.0,37.06991380351399
EA12,O,2009,595676.0,15847022.0,37.58914450929645
EA12,O,2010,601078.3,15797951.0,38.047864561676384
EA12,O,2011,602721.7,15560958.0,38.73294304887912
EA12,O,2012,599823.1,15210488.0,39.43483601578069
EA12,O,2013,602495.4,15206447.0,39.621050203246035
EA12,O,2014,604047.2,15192063.0,39.76070925982863
EA12,O,2015,604287.8,15094309.0,40.0341479692777
EA12,O,2016,608089.0,15103601.0,40.26119334058149
EA12,O,2017,613242.2,15083736.0,40.65585608233928
EA12,O,2018,619344.9,15186983.0,40.78129935353191
EA12,O,2019,628405.0,15269831.0,41.15336967383595
EA12,O,2020,628546.6,15304925.0,41.06825744000705
EA12,O,2021,642659.6,15516470.0,41.41789981870876
EA12,O,2022,649999.9,15484083.0,41.97858536408001
EA12,O,2023,660358.8,15708206.0,42.03909727183359
EA12,O,2024,673748.3,15943230.0,42.25920970844679
EA19,O,2008,598719.7,16622545.0,36.01853386470002
EA19,O,2009,608576.7,16653841.0,36.54272308712446
EA19,O,2010,614110.8,16580290.0,37.03860427049226
EA19,O,2011,615495.0,16339616.0,37.66887789774252
EA19,O,2012,612786.2,15981835.0,38.342668410730056
EA19,O,2013,615471.7,15991647.0,38.487073908022104
EA19,O,2014,616549.3,15975182.0,38.59419567176137
EA19,O,2015,616816.6,15889022.0,38.820299953011585
EA19,O,2016,621401.8,15913027.0,39.04988032760832
EA19,O,2017,626790.4,15872346.0,39.48946173426411
EA19,O,2018,633210.1,15973531.0,39.64121019954824
EA19,O,2019,642810.7,16074865.0,39.9885597795067
EA19,O,2020,643276.2,16111548.0,39.926405581884495
EA19,O,2021,657692.3,16321661.0,40.29567211327328
EA19,O,2022,665259.2,16281830.0,40.85899435137205
EA19,O,2023,675750.4,16506145.0,40.93932290065306
EA19,O,2024,689894.8,16768347.0,41.14268389126251
EA20,O,2008,601791.5,16808042.0,35.803783688784215
EA20,O,2009,611710.3,16854690.0,36.29318011781884
EA20,O,2010,617224.7,16777482.0,36.78887570852408
EA20,O,2011,618574.0,16523735.0,37.4354829583021
EA20,O,2012,615930.3,16171748.0,38.08681040540578
EA20,O,2013,618577.9,16191619.0,38.20358544750837
EA20,O,2014,619607.1,16198504.0,38.250884155722034
EA20,O,2015,619906.5,16100298.0,38.50279665631034
EA20,O,2016,624425.2,16112224.0,38.75474918918704
EA20,O,2017,629856.8,16101046.0,39.118998852621125
EA20,O,2018,636305.6,16184021.0,39.31690400055709
EA20,O,2019,645935.7,16296492.0,39.63648741091027
EA20,O,2020,646391.0,16340876.0,39.55669206473386
EA20,O,2021,660887.5,16545330.0,39.944050677744116
EA20,O,2022,668481.3,16492596.0,40.532206088113725
EA20,O,2023,679058.7,16735290.0,40.576452514417134
EA20,O,2024,693358.0,16997353.0,40.792116278340515
EE,O,2008,868.5,78177.0,11.109405579646188
EE,O,2009,877.4,78994.0,11.107172696660506
EE,O,2010,875.0,79300.0,11.03404791929382
EE,O,2011,906.5,82287.0,11.016320925541095
EE,O,2012,907.8,84765.0,10.709608918775437
EE,O,2013,913.0,88246.0,10.34607800920155
EE,O,2014,919.0,88121.0,10.428842160211527
EE,O,2015,929.2,85380.0,10.883110798781917
EE,O,2016,930.4,81366.0,11.434751616154168
EE,O,2017,939.4,77988.0,12.045442888649536
EE,O,2018,941.3,77335.0,12.171720437059545
EE,O,2019,951.0,78489.0,12.116347513664335
EE,O,2020,974.3,81599.0,11.940097305114033
EE,O,2021,992.8,83035.0,11.956403926055277
EE,O,2022,988.8,82072.0,12.047957890632615
EE,O,2023,1026.1,79367.0,12.928547129159472
EE,O,2024,1063.4,80288.0,13.244818652849741
EL,O,2008,19898.2,850254.0,23.402653795218843
EL,O,2009,20111.5,831164.0,24.196789081336533
EL,O,2010,20097.3,815928.0,24.63121746036415
EL,O,2011,19602.6,804503.0,24.36609931846121
EL,O,2012,19342.1,768872.0,25.156462974331227
EL,O,2013,18668.7,773384.0,24.138978825525225
EL,O,2014,19101.8,753757.0,25.342119542505074
EL,O,2015,19579.2,763442.0,25.645956077868394
EL,O,2016,19452.8,773568.0,25.146851989741045
EL,O,2017,19053.2,782769.0,24.340769754550834
EL,O,2018,18762.5,792481.0,23.675646482376234
EL,O,2019,18264.4,790089.0,23.116889363097073
EL,O,2020,18138.7,775237.0,23.397619050690306
EL,O,2021,18091.4,768843.0,23.530681816703805
EL,O,2022,18158.4,769606.0,23.594410646486644
EL,O,2023,18202.8,779682.0,23.346441241429197
EL,O,2024,18415.5,772745.0,23.831276811884905
ES,O,2008,62121.0,2256419.0,27.530791045457423
ES,O,2009,63317.2,2365682.0,26.764882177739864
ES,O,2010,65358.0,2339174.0,27.940632035068788
ES,O,2011,67395.7,2424723.0,27.79521619582938
ES,O,2012,66431.8,2396958.0,27.71504548682121
ES,O,2013,67672.7,2471705.0,27.378955012835267
ES,O,2014,68058.6,2493373.0,27.295795695228914
ES,O,2015,68713.3,2503862.0,27.442926167656204
ES,O,2016,68569.1,2481129.0,27.63624946546512
ES,O,2017,68923.9,2464260.0,27.969410695300006
ES,O,2018,70768.6,2552442.0,27.72584058717103
ES,O,2019,71395.3,2522373.0,28.30481455359695
ES,O,2020,72235.7,2684458.0,26.90885832447369
ES,O,2021,73610.4,2603254.0,28.27630342640403
ES,O,2022,73540.8,2595181.0,28.33744544214835
ES,O,2023,75687.5,2650057.0,28.56070643008811
ES,O,2024,76615.0,2727347.0,28.091401644161888
EU27_2020,O,2008,670401.4,21762142.0,30.805855416254524
EU27_2020,O,2009,680601.8,21936052.0,31.026631410246477
EU27_2020,O,2010,687637.6,21869288.0,31.44307212928011
EU27_2020,O,2011,688017.6,21480110.0,32.03045049583079
EU27_2020,O,2012,686050.9,21182377.0,32.387814644220526
EU27_2020,O,2013,688697.9,21282366.0,32.36002519644667
EU27_2020,O,2014,689477.2,21288223.0,32.387729121402
EU27_2020,O,2015,690044.3,21365198.0,32.297585072696265
EU27_2020,O,2016,695805.2,21489718.0,32.378517019162366
EU27_2020,O,2017,700726.2,21340801.0,32.835046819470364
EU27_2020,O,2018,708236.2,21365814.0,33.14810285252881
EU27_2020,O,2019,719244.1,21469759.0,33.50033412112358
EU27_2020,O,2020,720765.1,21482144.0,33.551823318938744
EU27_2020,O,2021,736773.1,21867967.0,33.691888230853834
EU27_2020,O,2022,745894.0,21826180.0,34.174280611632454
EU27_2020,O,2023,757386.5,22130264.0,34.22401558336584
EU27_2020,O,2024,774853.8,22508443.0,34.425028865834925
FI,O,2008,10444.0,303600.0,34.400527009222664
FI,O,2009,10390.2,301500.0,34.461691542288555
FI,O,2010,10258.0,298200.0,34.39973172367539
FI,O,2011,10195.1,296400.0,34.39642375168691
FI,O,2012,10057.4,287600.0,34.970097357440885
FI,O,2013,10133.1,287900.0,35.196596040291766
FI,O,2014,10030.0,280100.0,35.80863977151018
FI,O,2015,9442.7,250100.0,37.75569772091164
FI,O,2016,9300.4,249800.0,37.23138510808647
FI,O,2017,9275.8,245000.0,37.860408163265305
FI,O,2018,9368.8,247300.0,37.88435099069955
FI,O,2019,9357.0,248000.0,37.72983870967742
FI,O,2020,9374.3,251500.0,37.273558648111326
FI,O,2021,9570.4,254300.0,37.63429020841526
FI,O,2022,9778.3,259000.0,37.754054054054045
FI,O,2023,9480.1,253400.0,37.41160220994475
FI,O,2024,9588.6,257700.0,37.208381839348085
FR,O,2008,140178.8,3417141.0,41.02224637496668
FR,O,2009,144729.7,3358989.0,43.08728013101561
FR,O,2010,144807.7,3313744.0,43.69912099425906
FR,O,2011,146720.7,3268601.0,44.88791993883622
FR,O,2012,148212.8,3222814.0,45.9886298123317
FR,O,2013,149962.9,3212372.0,46.68291841667154
FR,O,2014,151040.9,3210998.0,47.03861540866733
FR,O,2015,150427.7,3172674.0,47.41353823304884
FR,O,2016,150879.1,3177358.0,47.48570982558466
FR,O,2017,151963.2,3157295.0,48.13082084505883
FR,O,2018,153250.4,3142392.0,48.76870867797525
FR,O,2019,155137.4,3159777.0,49.09757872153636
FR,O,2020,152011.3,3102663.0,48.99381595745332
FR,O,2021,157480.2,3197224.0,49.25529146534619
FR,O,2022,160214.8,3197060.0,50.11316647169586
FR,O,2023,163816.8,3241360.0,50.53952661845645
FR,O,2024,167245.6,3290681.0,50.824008769005566
HR,O,2008,3071.8,185497.0,16.55983654722179
HR,O,2009,3133.9,200849.0,15.603264143709952
HR,O,2010,3113.9,197193.0,15.791128488333763
HR,O,2011,3079.0,184120.0,16.7227894851184
HR,O,2012,3146.4,189913.0,16.567586210527978
HR,O,2013,3103.4,199973.0,15.519095077835509
HR,O,2014,3047.5,223322.0,13.646214882546278
HR,O,2015,3084.0,211277.0,14.59695092224899
HR,O,2016,3003.7,199197.0,15.079042355055547
HR,O,2017,3048.7,228699.0,13.330622346402913
HR,O,2018,3077.4,210490.0,14.620171979666493
HR,O,2019,3104.9,221628.0,14.009511433573376
HR,O,2020,3093.8,229329.0,13.490661887506596
HR,O,2021,3174.4,223669.0,14.192400377343306
HR,O,2022,3200.3,210766.0,15.184137859047476
HR,O,2023,3289.3,229145.0,14.354666259355431
HR,O,2024,3445.4,229006.0,15.045020654480668
HU,O,2008,7108.6,489845.0,14.511937449601405
HU,O,2009,7122.4,533033.0,13.362024490040953
HU,O,2010,7380.2,636349.0,11.597723890506623
HU,O,2011,7472.8,559780.0,13.349530172567794
HU,O,2012,7532.6,600070.0,12.552868831969604
HU,O,2013,8141.9,672199.0,12.11233578151708
HU,O,2014,8364.1,714396.0,11.707932295253613
HU,O,2015,8694.0,787866.0,11.034871412143689
HU,O,2016,8816.6,850083.0,10.371457845880931
HU,O,2017,8685.0,760729.0,11.416680578760637
HU,O,2018,8723.8,704221.0,12.387872557052402
HU,O,2019,8684.8,660296.0,13.152889007354275
HU,O,2020,8833.4,693269.0,12.741663048542485
HU,O,2021,9000.9,661877.0,13.599052391909675
HU,O,2022,9011.4,639241.0,14.09703069734263
HU,O,2023,8400.1,635622.0,13.215558932824855
HU,O,2024,7968.2,637757.0,12.494100417557156
IE,O,2008,7724.1,167442.0,46.13000322499732
IE,O,2009,6916.0,165159.0,41.874799435695294
IE,O,2010,6802.7,165614.0,41.07563370246477
IE,O,2011,6532.8,155338.0,42.055388893895895
IE,O,2012,6361.0,153695.0,41.38716288753701
IE,O,2013,6302.9,152787.0,41.25285528219023
IE,O,2014,6494.3,159767.0,40.648569479304236
IE,O,2015,6679.5,159317.0,41.925845954920064
IE,O,2016,6730.9,167198.0,40.2570604911542
IE,O,2017,7145.5,177604.0,40.23276502781469
IE,O,2018,7656.1,192027.0,39.869914126659275
IE,O,2019,8320.0,205921.0,40.403844192675834
IE,O,2020,8806.4,216245.0,40.72417859372471
IE,O,2021,9672.8,231012.0,41.871417934999045
IE,O,2022,10121.7,236721.0,42.75793022165334
IE,O,2023,10571.7,241104.0,43.8470535536532
IE,O,2024,11110.6,252675.0,43.9719006629069
IS,O,2008,523.7,20524.0,25.516468524654066
IS,O,2009,507.8,18768.0,27.056692242114238
IS,O,2010,490.4,18697.0,26.22880676044285
IS,O,2011,489.8,19119.0,25.618494691144935
IS,O,2012,481.9,18897.0,25.501402338995604
IS,O,2013,486.2,18991.0,25.60160075825391
IS,O,2014,485.0,18822.0,25.767718627138454
IS,O,2015,484.6,18661.0,25.968597609988745
IS,O,2016,488.8,18773.0,26.037394129867362
IS,O,2017,503.1,18868.0,26.66419334322663
IS,O,2018,527.0,19445.0,27.102082797634353
IS,O,2019,547.5,20079.0,27.267294187957567
IS,O,2020,576.0,20793.0,27.701630356369932
IS,O,2021,589.2,20814.0,28.307869703084464
IS,O,2022,602.8,21110.0,28.55518711511132
IS,O,2023,616.0,21453.0,28.71393278329371
IT,O,2008,105321.8,2212666.0,47.59950213904855
IT,O,2009,106114.9,2219419.0,47.812017469436825
IT,O,2010,105901.0,2196156.0,48.2210735485093
IT,O,2011,105729.8,2168906.0,48.74798631199324
IT,O,2012,103429.1,2094412.0,49.38335914805683
IT,O,2013,102400.4,2064556.0,49.59923586475736
IT,O,2014,101308.9,2030958.0,49.882321544807915
IT,O,2015,100091.5,1994930.0,50.17293839884106
IT,O,2016,99451.3,1980841.0,50.20660416459474
IT,O,2017,97971.9,1937118.0,50.576113587298245
IT,O,2018,96948.5,1906551.0,50.850200178227595
IT,O,2019,96965.7,1903540.0,50.93967029849648
IT,O,2020,94519.9,1833662.0,51.547068107426554
IT,O,2021,94346.3,1817270.0,51.91650112531435
IT,O,2022,94663.6,1824569.0,51.882718603681205
IT,O,2023,95844.0,1849859.0,51.811516445307454
IT,O,2024,96995.4,1858728.0,52.183751468746365
LT,O,2008,1775.8,161256.0,11.012303418167386
LT,O,2009,1744.6,159532.0,10.935737030815135
LT,O,2010,1717.7,154854.0,11.092383793767032
LT,O,2011,1727.0,148877.0,11.600180014374283
LT,O,2012,1759.8,147655.0,11.918323118079307
LT,O,2013,1786.5,159609.0,11.19297783959551
LT,O,2014,1804.2,158339.0,11.394539563847188
LT,O,2015,1822.5,163983.0,11.11395693456029
LT,O,2016,1831.0,173603.0,10.547052758304869
LT,O,2017,1837.7,160394.0,11.45741112510443
LT,O,2018,1850.2,156106.0,11.852202990275838
LT,O,2019,1857.2,164240.0,11.30784218217243
LT,O,2020,1857.1,170998.0,10.860360939894033
LT,O,2021,1893.0,175869.0,10.763693430905958
LT,O,2022,1916.3,176879.0,10.833959938715166
LT,O,2023,1914.9,175582.0,10.906015422993246
LT,O,2024,1951.7,188256.0,10.367265850756418
LU,O,2008,1970.2,29597.0,66.5675575227219
LU,O,2009,2036.5,30383.0,67.02761412632063
LU,O,2010,2091.6,30869.0,67.7572969645923
LU,O,2011,2199.4,32075.0,68.57053780202651
LU,O,2012,2273.0,33009.0,68.86000787663971
LU,O,2013,2359.0,34019.0,69.34360210470619
LU,O,2014,2410.2,34410.0,70.04359197907586
LU,O,2015,2477.7,35598.0,69.60222484409236
LU,O,2016,2522.1,35931.0,70.19286966686148
LU,O,2017,2630.3,37318.0,70.48341283026959
LU,O,2018,2731.7,38593.0,70.78226621408027
LU,O,2019,2756.0,38604.0,71.39156564086622
LU,O,2020,2900.7,40786.0,71.11999215417055
LU,O,2021,3097.8,43527.0,71.16961885726101
LU,O,2022,3245.1,45627.0,71.1223617594845
LU,O,2023,3344.0,47059.0,71.05973352599928
LU,O,2024,3474.9,49244.0,70.5649419218585
LV,O,2008,1574.3,134408.0,11.71284447354324
LV,O,2009,1384.5,130644.0,10.597501607421695
LV,O,2010,1257.1,115418.0,10.891715330364415
LV,O,2011,1260.8,114996.0,10.96385961250826
LV,O,2012,1244.0,114758.0,10.84020286167413
LV,O,2013,1248.5,119414.0,10.455223005677727
LV,O,2014,1288.7,113385.0,11.365700930458173
LV,O,2015,1320.5,112377.0,11.750625127917633
LV,O,2016,1354.7,117866.0,11.493560483939389
LV,O,2017,1406.7,115318.0,12.198442567508977
LV,O,2018,1438.7,119336.0,12.055875846349803
LV,O,2019,1435.4,125071.0,11.476681245052811
LV,O,2020,1484.2,120741.0,12.292427592946886
LV,O,2021,1497.8,119878.0,12.49436927543002
LV,O,2022,1555.7,116224.0,13.385359306167402
LV,O,2023,1656.7,116740.0,14.191365427445605
LV,O,2024,1775.2,123528.0,14.37083090473415
MT,O,2008,381.4,23704.0,16.09011137360783
MT,O,2009,389.1,24210.0,16.071871127633212
MT,O,2010,393.7,23177.0,16.9866678172326
MT,O,2011,407.8,23034.0,17.704263263002517
MT,O,2012,417.2,23358.0,17.86111824642521
MT,O,2013,417.7,23353.0,17.88635293110093
MT,O,2014,433.9,23948.0,18.118423250375812
MT,O,2015,452.3,25951.0,17.42900080921737
MT,O,2016,468.2,27695.0,16.905578624300414
MT,O,2017,491.0,28605.0,17.164831323195248
MT,O,2018,518.9,30135.0,17.219180355068858
MT,O,2019,546.8,32012.0,17.081094589528924
MT,O,2020,557.4,31625.0,17.625296442687745
MT,O,2021,600.6,30774.0,19.516474946383312
MT,O,2022,638.3,30754.0,20.75502373674969
MT,O,2023,651.0,31412.0,20.724563860944862
MT,O,2024,696.9,32742.0,21.284588601795857
NL,O,2008,43978.2,899666.0,48.882807619716644
NL,O,2009,45024.2,925102.0,48.669444018065036
NL,O,2010,46166.0,945256.0,48.83967940959909
NL,O,2011,45828.0,916538.0,50.00120016846001
NL,O,2012,45806.2,899232.0,50.93924593430838
NL,O,2013,46132.4,894772.0,51.55771526154149
NL,O,2014,45867.7,892036.0,51.419113129963364
NL,O,2015,45432.9,869201.0,52.26972817564637
NL,O,2016,45296.3,855024.0,52.976641591347146
NL,O,2017,45796.7,849054.0,53.93850096695852
NL,O,2018,45814.3,860417.0,53.24662343956477
NL,O,2019,46934.4,881324.0,53.25442175635748
NL,O,2020,48279.8,899009.0,53.70335558375945
NL,O,2021,48822.0,922292.0,52.935512831077354
NL,O,2022,50231.9,925913.0,54.25120934688248
NL,O,2023,51264.5,938987.0,54.59553753140352
NL,O,2024,53476.2,979137.0,54.615646227238884
NO,O,2008,15684.2,262300.0,59.79489134578727
NO,O,2009,16314.9,269070.0,60.634407403277955
NO,O,2010,16964.6,271550.0,62.473209353710175
NO,O,2011,17508.0,278790.0,62.79995695684924
NO,O,2012,17848.2,280140.0,63.71171557078603
NO,O,2013,17858.0,277990.0,64.23972085326811
NO,O,2014,18850.7,284200.0,66.3289936664321
NO,O,2015,19689.8,291970.0,67.43775045381373
NO,O,2016,20113.7,298397.0,67.40583853054822
NO,O,2017,20562.4,297577.0,69.09942636695712
NO,O,2018,21128.8,300017.0,70.42534256392138
NO,O,2019,21533.3,301263.0,71.47674955105673
NO,O,2020,22539.9,311662.0,72.32161764988996
NO,O,2021,23081.1,319050.0,72.34320639398213
NO,O,2022,23205.7,319382.0,72.6581335203612
NO,O,2023,23708.6,322106.0,73.6049623415894
NO,O,2024,24210.4,326843.0,74.0734848229884
PL,O,2008,18851.3,2007646.0,9.389752974378949
PL,O,2009,19831.5,2078017.0,9.543473417204961
PL,O,2010,19481.8,2049323.0,9.506456522471078
PL,O,2011,19211.0,2060530.0,9.323329434660014
PL,O,2012,19037.3,2094446.0,9.089420304939827
PL,O,2013,19090.7,2118618.0,9.010921270375311
PL,O,2014,19084.7,2138791.0,8.923125260953503
PL,O,2015,19246.0,2168783.0,8.87410128168655
PL,O,2016,19236.2,2199345.0,8.746331294089831
PL,O,2017,19280.4,2189570.0,8.805564562905046
PL,O,2018,19396.2,2175023.0,8.917698801346008
PL,O,2019,20460.6,2175278.0,9.405970179443731
PL,O,2020,21227.2,2122220.0,10.00235602340945
PL,O,2021,21390.6,2316386.0,9.234471284146942
PL,O,2022,22174.4,2344998.0,9.45604217999333
PL,O,2023,22926.5,2453017.0,9.346245867843557
PL,O,2024,25671.5,2482017.0,10.34299926229353
PT,O,2008,13937.5,573193.0,24.315544676923828
PT,O,2009,13653.0,575506.0,23.723471171456076
PT,O,2010,13145.7,568015.0,23.143226851403572
PT,O,2011,12706.5,540606.0,23.504178643966213
PT,O,2012,12608.0,536249.0,23.511465755647095
PT,O,2013,12261.7,518663.0,23.640976896366237
PT,O,2014,12083.0,529976.0,22.79914562168853
PT,O,2015,12199.5,525913.0,23.19680251296317
PT,O,2016,12178.0,507565.0,23.992986120004332
PT,O,2017,12164.6,505615.0,24.05901723643484
PT,O,2018,12065.6,497401.0,24.257289390250524
PT,O,2019,12148.2,502558.0,24.172732301545295
PT,O,2020,11838.2,487197.0,24.298589687539128
PT,O,2021,12009.5,509794.0,23.557554620101453
PT,O,2022,12035.0,501180.0,24.01332854463466
PT,O,2023,12237.9,509905.0,24.000353006932666
PT,O,2024,12408.2,513780.0,24.150803846004127
RO,O,2008,4617.6,855982.0,5.394505959237462
RO,O,2009,4038.1,888399.0,4.545367565699646
RO,O,2010,5068.7,844073.0,6.005049326302346
RO,O,2011,5215.1,831439.0,6.272378370511848
RO,O,2012,5535.9,819261.0,6.757187269990881
RO,O,2013,5350.9,792946.0,6.748126606351504
RO,O,2014,4671.2,726877.0,6.426396763138742
RO,O,2015,4544.7,818067.0,5.55541294294966
RO,O,2016,5370.5,807888.0,6.647579862555206
RO,O,2017,4655.0,777146.0,5.989865482161653
RO,O,2018,4769.2,741759.0,6.429581575686981
RO,O,2019,4876.0,769328.0,6.337998876941955
RO,O,2020,4732.7,781646.0,6.054786949590992
RO,O,2021,4737.5,760294.0,6.231142163426254
RO,O,2022,4872.0,764230.0,6.375044162097797
RO,O,2023,4860.9,699201.0,6.952078157782955
RO,O,2024,4849.5,767019.0,6.322529168117088
RS,O,2008,1829.5,271364.0,6.741867012573517
RS,O,2009,1931.2,242531.0,7.9626934288812565
RS,O,2010,1625.9,244701.0,6.64443545388045
RS,O,2011,1665.4,247973.0,6.716053763917846
RS,O,2012,1719.8,255787.0,6.7235629644978046
RS,O,2013,1763.2,260696.0,6.763433270936263
RS,O,2014,1738.9,258039.0,6.7389038091141265
RS,O,2015,1678.5,260074.0,6.453932342333336
RS,O,2016,1611.0,255938.0,6.294493197571287
RS,O,2017,1828.4,256280.0,7.134384267207742
RS,O,2018,1855.9,254396.0,7.295319108791019
RS,O,2019,1915.3,253280.0,7.561986734049273
RS,O,2020,1963.8,254226.0,7.724622973260013
RS,O,2021,2045.3,249765.0,8.188897563709887
RS,O,2022,2023.2,254520.0,7.9490806223479495
RS,O,2023,1974.1,257414.0,7.66896905374222
RS,O,2024,1974.2,262120.0,7.531664886311613
SE,O,2008,13922.5,338080.0,41.181081400851866
SE,O,2009,13838.3,327550.0,42.247901083803995
SE,O,2010,14248.2,341650.0,41.70408312600615
SE,O,2011,13997.4,330900.0,42.30099728014506
SE,O,2012,14469.2,342700.0,42.221184709658594
SE,O,2013,14574.0,345700.0,42.15794041076078
SE,O,2014,14789.5,352350.0,41.97388959841067
SE,O,2015,14744.9,348500.0,42.30961262553802
SE,O,2016,15018.2,356000.0,42.18595505617978
SE,O,2017,15328.4,364120.0,42.09711084257937
SE,O,2018,15736.5,379600.0,41.455479452054796
SE,O,2019,15510.7,368880.0,42.0480915202776
SE,O,2020,15689.5,371250.0,42.26127946127946
SE,O,2021,16458.1,390400.0,42.15701844262295
SE,O,2022,16705.0,392490.0,42.56159392595989
SE,O,2023,17312.0,403470.0,42.90777505142886
SE,O,2024,17883.6,403470.0,44.32448509182838
SI,O,2008,1965.9,83155.0,23.64139258012146
SI,O,2009,2020.6,85687.0,23.58117334017996
SI,O,2010,2083.5,85651.0,24.32546029818683
SI,O,2011,2080.4,86264.0,24.116665121023836
SI,O,2012,2085.7,80169.0,26.016290586136783
SI,O,2013,2050.0,78207.0,26.212487373253033
SI,O,2014,2058.8,79307.0,25.959877438309356
SI,O,2015,2063.3,80269.0,25.704817550984814
SI,O,2016,2103.7,78880.0,26.6696247464503
SI,O,2017,2140.3,78760.0,27.17496190959878
SI,O,2018,2167.8,78689.0,27.54895855837538
SI,O,2019,2188.9,78738.0,27.799791714292972
SI,O,2020,2230.6,83096.0,26.843650717242706
SI,O,2021,2285.9,83220.0,27.46815669310262
SI,O,2022,2344.8,79121.0,29.63562139002288
SI,O,2023,2361.4,79013.0,29.886221254730234
SI,O,2024,2409.3,81141.0,29.692757052538177
SK,O,2008,4006.4,263742.0,15.190602937719438
SK,O,2009,4566.9,265670.0,17.1901230850303
SK,O,2010,4840.4,262939.0,18.40883246684592
SK,O,2011,4460.6,261146.0,17.080866641648733
SK,O,2012,4554.4,258065.0,17.648266909499544
SK,O,2013,4684.7,257176.0,18.215929946806853
SK,O,2014,4178.5,260343.0,16.049980218404183
SK,O,2015,4138.2,269688.0,15.344397970988696
SK,O,2016,4826.1,273887.0,17.620770609777026
SK,O,2017,4892.7,272238.0,17.972142022788884
SK,O,2018,5082.8,270927.0,18.760773197208106
SK,O,2019,5525.9,270602.0,20.420765552361033
SK,O,2020,5676.3,261369.0,21.71757170896319
SK,O,2021,5834.5,256037.0,22.787722087042106
SK,O,2022,5776.2,254984.0,22.653186082263986
SK,O,2023,5648.5,254469.0,22.197202802698953
SK,O,2024,5944.9,258586.0,22.990030396077124
UK,O,2008,95305.5,2784252.0,34.230198990608606
UK,O,2009,96638.8,2826202.0,34.19387573853532
UK,O,2010,95654.2,2819408.0,33.92705135262438
UK,O,2011,92224.5,2668714.0,34.557655859713705
UK,O,2012,90964.4,2590521.0,35.11432642314036
UK,O,2013,89866.1,2561233.0,35.087045965751656
UK,O,2014,87601.6,2489058.0,35.19468007575557
UK,O,2015,85973.9,2399529.0,35.82948987072046
UK,O,2016,84169.2,2365431.0,35.583029054747314
UK,O,2017,84201.7,2374302.0,35.46376998376786
UK,O,2018,84769.8,2408231.0,35.200028568687976
AT,P,2008,14393.4,365004.0,39.43354045435118
AT,P,2009,14543.0,361685.0,40.20902166249637
AT,P,2010,14790.3,363374.0,40.70269199227242
AT,P,2011,14904.8,378895.0,39.33754734161179
AT,P,2012,14954.4,375959.0,39.776677776034084
AT,P,2013,14903.9,376466.0,39.58896686553368
AT,P,2014,14959.6,374743.0,39.91962491627596
AT,P,2015,15202.5,383000.0,39.693211488250654
AT,P,2016,15403.0,393633.0,39.13035746494831
AT,P,2017,15585.3,396855.0,39.27202630683751
AT,P,2018,15777.5,406793.0,38.78508233917496
AT,P,2019,15932.7,410226.0,38.83883517865762
AT,P,2020,15770.0,378060.0,41.712955615510765
AT,P,2021,16230.5,392736.0,41.32674366495559
AT,P,2022,16634.6,390490.0,42.59929831749852
AT,P,2023,17164.9,403879.0,42.50010522953657
AT,P,2024,17887.0,413758.0,43.23058406121453
BE,P,2008,21603.7,419685.0,51.47598794333846
BE,P,2009,21457.3,429740.0,49.930888444175544
BE,P,2010,21821.2,435358.0,50.12242797881284
BE,P,2011,21917.6,444373.0,49.32252859647188
BE,P,2012,22415.5,446909.0,50.15674331910971
BE,P,2013,22345.1,451572.0,49.48291745280929
BE,P,2014,23036.9,457028.0,50.40588322816108
BE,P,2015,23253.3,462331.0,50.29578375665919
BE,P,2016,23509.3,464075.0,50.65840650756881
BE,P,2017,23640.7,471241.0,50.166899739199266
BE,P,2018,23812.5,480681.0,49.53909141405631
BE,P,2019,24000.1,490798.0,48.90015851735337
BE,P,2020,23608.3,482389.0,48.940377993693886
BE,P,2021,23503.4,497913.0,47.203828781333286
BE,P,2022,24305.6,516473.0,47.060736960112145
BE,P,2023,24546.9,522407.0,46.98807634660332
BE,P,2024,24604.1,527901.0,46.60741313238656
BG,P,2008,1352.6,285848.0,4.731885477596485
BG,P,2009,1314.0,271288.0,4.843561086373153
BG,P,2010,1287.1,258033.0,4.988121674359481
BG,P,2011,1225.8,253929.0,4.827333624753376
BG,P,2012,1263.3,256407.0,4.926932572043665
BG,P,2013,1121.2,260283.0,4.307619014687859
BG,P,2014,1267.2,261439.0,4.847019763692487
BG,P,2015,1331.2,262198.0,5.077079153921845
BG,P,2016,1245.8,262827.0,4.740000076095682
BG,P,2017,1370.2,260708.0,5.255688356322016
BG,P,2018,1376.2,260541.0,5.282086120802484
BG,P,2019,1392.4,262907.0,5.296169367875333
BG,P,2020,1376.5,254637.0,5.405734437650459
BG,P,2021,1355.0,265541.0,5.102790152933069
BG,P,2022,1438.7,260529.0,5.522225932621704
BG,P,2023,1484.3,270167.0,5.494009260938604
BG,P,2024,1560.2,272743.0,5.720403456733995
CH,P,2008,2615.2,405336.0,6.451931237294491
CH,P,2009,2595.0,413765.0,6.271675951325028
CH,P,2010,2478.4,399929.0,6.197099985247381
CH,P,2011,2650.0,404591.0,6.549824390557378
CH,P,2012,2607.0,414925.0,6.283063204193528
CH,P,2013,2628.6,428311.0,6.1371293289222075
CH,P,2014,2659.9,438338.0,6.068148323896172
CH,P,2015,2611.5,449326.0,5.812038475405385
CH,P,2016,2600.3,459074.0,5.664228425046942
CH,P,2017,2618.1,465800.0,5.6206526406182915
CH,P,2018,2630.1,463474.0,5.67475198177244
CH,P,2019,2606.5,468223.0,5.5667918918976635
CH,P,2020,2310.9,495789.0,4.661055408651665
CH,P,2021,2508.8,501618.0,5.0014154197018446
CH,P,2022,2698.2,502259.0,5.372128722432052
CH,P,2023,2788.1,514795.0,5.415942268281549
CY,P,2008,1038.6,28703.0,36.18437097167543
CY,P,2009,1087.1,30085.0,36.1342861891308
CY,P,2010,1127.4,31813.0,35.43834281583001
CY,P,2011,1068.9,32749.0,32.63916455464289
CY,P,2012,1038.0,33011.0,31.44406409984551
CY,P,2013,1048.5,32492.0,32.269481718576884
CY,P,2014,1069.9,33272.0,32.15616734792018
CY,P,2015,1061.0,34306.0,30.927534542062613
CY,P,2016,1109.2,35806.0,30.978048371781266
CY,P,2017,1150.9,37155.0,30.975642578387838
CY,P,2018,1240.7,39915.0,31.08355254916698
CY,P,2019,1276.6,42426.0,30.09003912695045
CY,P,2020,1321.7,43409.0,30.447603031629388
CY,P,2021,1362.0,45829.0,29.7191734491261
CY,P,2022,1463.8,46798.0,31.27911449207231
CY,P,2023,1586.5,47448.0,33.43660428258303
CY,P,2024,1613.0,48624.0,33.17291872326423
CZ,P,2008,6061.1,451676.0,13.419132298373171
CZ,P,2009,6135.0,451477.0,13.588732094879695
CZ,P,2010,6083.6,455804.0,13.34696492351976
CZ,P,2011,6173.9,461477.0,13.378564912227478
CZ,P,2012,6219.7,460038.0,13.519970089427396
CZ,P,2013,6328.2,473343.0,13.369163587504199
CZ,P,2014,6371.8,480907.0,13.249547209751574
CZ,P,2015,6356.7,480578.0,13.22719724997815
CZ,P,2016,6382.5,493899.0,12.922682572752729
CZ,P,2017,6583.4,559655.0,11.763318472987823
CZ,P,2018,6760.7,571018.0,11.839731847332308
CZ,P,2019,7002.8,615014.0,11.386407463895132
CZ,P,2020,7043.7,583673.0,12.067887327321976
CZ,P,2021,7228.9,632936.0,11.421217943046374
CZ,P,2022,7657.2,678326.0,11.288377564769743
CZ,P,2023,7715.0,687847.0,11.216157081443985
CZ,P,2024,7734.3,699990.0,11.049157845112072
DE,P,2008,108009.1,2942227.0,36.70998192865473
DE,P,2009,108098.1,2974766.0,36.338354008348894
DE,P,2010,107475.0,3068161.0,35.02912656799953
DE,P,2011,108474.0,3100729.0,34.98338616499539
DE,P,2012,107326.6,3108316.0,34.52885742633632
DE,P,2013,105734.2,3163179.0,33.42656232859411
DE,P,2014,105635.3,3206556.0,32.94353817616159
DE,P,2015,106931.0,3239534.0,33.00814252914154
DE,P,2016,110778.6,3262515.0,33.95497032197553
DE,P,2017,109047.7,3289664.0,33.14858295558452
DE,P,2018,106881.5,3317406.0,32.218395939478015
DE,P,2019,107662.9,3361341.0,32.02974646130815
DE,P,2020,98909.4,3303620.0,29.939702508157715
DE,P,2021,99018.2,3389347.0,29.21453601534455
DE,P,2022,107662.9,3402187.0,31.645203511741126
DE,P,2023,109888.4,3431062.0,32.02751801045857
DE,P,2024,109918.1,3455838.0,31.806496716570624
DK,P,2008,13494.4,295247.0,45.705460174023784
DK,P,2009,13696.6,302900.0,45.218223836249585
DK,P,2010,13644.4,305621.0,44.64483788744883
DK,P,2011,13542.9,307021.0,44.110663439960135
DK,P,2012,13471.0,304955.0,44.173730550409076
DK,P,2013,13546.2,303176.0,44.68097738607278
DK,P,2014,14648.5,312983.0,46.80286149726982
DK,P,2015,15846.9,316751.0,50.02951845455894
DK,P,2016,16072.6,319019.0,50.38132525022021
DK,P,2017,15780.6,313648.0,50.3130898331888
DK,P,2018,15739.4,311617.0,50.50879765866432
DK,P,2019,15723.2,310716.0,50.60312310920584
DK,P,2020,15630.9,304009.0,51.4159120289202
DK,P,2021,15981.6,314927.0,50.746998510765984
DK,P,2022,15813.4,318041.0,49.72126235296707
DK,P,2023,15487.0,319632.0,48.45259548480753
DK,P,2024,15477.4,321489.0,48.142860253383475
EA,P,2008,440745.1,11694428.0,37.6884700987513
EA,P,2009,441308.7,12070261.0,36.561653472116305
EA,P,2010,440126.8,12130601.0,36.282357320960436
EA,P,2011,442925.5,12217824.0,36.252404683518115
EA,P,2012,439551.6,12180078.0,36.08774919175394
EA,P,2013,436731.3,12158534.0,35.919733415229175
EA,P,2014,438681.3,12481177.0,35.14743040660348
EA,P,2015,444018.9,12833582.0,34.59820492828892
EA,P,2016,450904.4,13039750.0,34.579221227400836
EA,P,2017,452198.1,13011921.0,34.7526010955646
EA,P,2018,452625.0,13193431.0,34.306845580956164
EA,P,2019,453679.2,13312482.0,34.07923481135974
EA,P,2020,432092.4,12861983.0,33.59453981551678
EA,P,2021,441581.2,13553864.0,32.57972781783852
EA,P,2022,462082.9,13873340.0,33.3072569402898
EA,P,2023,469010.3,14345422.0,32.6940748065829
EA,P,2024,470226.4,14537802.0,32.34508215203372
EA12,P,2008,437482.2,11544271.0,37.89604384720352
EA12,P,2009,435831.5,11656694.0,37.38894578514285
EA12,P,2010,434599.7,11711821.0,37.10778195807467
EA12,P,2011,436833.6,11704954.0,37.320402967837374
EA12,P,2012,433459.6,11668886.0,37.14661365275143
EA12,P,2013,430507.5,11650492.0,36.95187293377825
EA12,P,2014,431622.6,11803259.0,36.56808683093372
EA12,P,2015,435612.7,11941452.0,36.4790395673826
EA12,P,2016,442310.3,12137364.0,36.442039638919944
EA12,P,2017,443394.4,12115493.0,36.59730561521517
EA12,P,2018,443455.7,12282371.0,36.10505658882963
EA12,P,2019,444468.3,12390511.0,35.87166824677368
EA12,P,2020,422651.6,11984105.0,35.26768164998554
EA12,P,2021,431944.5,12663360.0,34.109786028352666
EA12,P,2022,452047.3,12944353.0,34.92235571758588
EA12,P,2023,456421.9,13133764.0,34.75179697153078
EA12,P,2024,457793.5,13322189.0,34.36323415018358
EA19,P,2008,445966.3,12456418.0,35.802130275332765
EA19,P,2009,444224.6,12567400.0,35.3473749542467
EA19,P,2010,442910.0,12619721.0,35.096655464887064
EA19,P,2011,445054.0,12610833.0,35.29140382716986
EA19,P,2012,441688.5,12569239.0,35.1404329251755
EA19,P,2013,438875.1,12536138.0,35.00879616992091
EA19,P,2014,439996.0,12682215.0,34.69393950504703
EA19,P,2015,444018.9,12833582.0,34.59820492828892
EA19,P,2016,450904.4,13039750.0,34.579221227400836
EA19,P,2017,452198.1,13011921.0,34.7526010955646
EA19,P,2018,452625.0,13193431.0,34.306845580956164
EA19,P,2019,453679.2,13312482.0,34.07923481135974
EA19,P,2020,432092.4,12861983.0,33.59453981551678
EA19,P,2021,441581.2,13553864.0,32.57972781783852
EA19,P,2022,462082.9,13873340.0,33.3072569402898
EA19,P,2023,466628.8,14082164.0,33.13615719856693
EA19,P,2024,467825.0,14285023.0,32.749334740308086
EA20,P,2008,447834.6,12650658.0,35.40010329897465
EA20,P,2009,446117.8,12777717.0,34.913733024451865
EA20,P,2010,444877.0,12826209.0,34.684995387179484
EA20,P,2011,447059.4,12803632.0,34.916608037469366
EA20,P,2012,443712.2,12753190.0,34.79225197774048
EA20,P,2013,440909.5,12735632.0,34.6201507706881
EA20,P,2014,442017.5,12906306.0,34.248180695545265
EA20,P,2015,446003.2,13057406.0,34.15710593666154
EA20,P,2016,452987.3,13259251.0,34.1638679288898
EA20,P,2017,454308.7,13237033.0,34.32103704810587
EA20,P,2018,454760.9,13428819.0,33.86454907166446
EA20,P,2019,455862.9,13537967.0,33.6729214955244
EA20,P,2020,434169.0,13077603.0,33.19943264832248
EA20,P,2021,443793.5,13769325.0,32.230592276672965
EA20,P,2022,464388.3,14110810.0,32.910109341703276
EA20,P,2023,469010.3,14345422.0,32.6940748065829
EA20,P,2024,470226.4,14537802.0,32.34508215203372
EE,P,2008,678.0,98416.0,6.889123719720371
EE,P,2009,664.8,96926.0,6.858840765119782
EE,P,2010,649.8,94531.0,6.873935534374967
EE,P,2011,655.1,94048.0,6.9655920381082
EE,P,2012,664.3,94315.0,7.0434183321847
EE,P,2013,674.9,92797.0,7.272864424496481
EE,P,2014,667.7,91532.0,7.294716601844165
EE,P,2015,684.8,91923.0,7.449713347040458
EE,P,2016,684.2,92671.0,7.383107984159015
EE,P,2017,691.7,92842.0,7.450291893754982
EE,P,2018,705.2,94797.0,7.4390539785014305
EE,P,2019,721.0,92403.0,7.802776966115818
EE,P,2020,738.0,93378.0,7.903360534601297
EE,P,2021,755.2,94724.0,7.972636290697183
EE,P,2022,778.0,96778.0,8.039017131992807
EE,P,2023,798.4,99203.0,8.048143705331492
EE,P,2024,804.9,100929.0,7.974913057694022
EL,P,2008,11749.5,463409.0,25.354492467776844
EL,P,2009,11340.8,472747.0,23.98915276035596
EL,P,2010,11392.5,394144.0,28.904410570755864
EL,P,2011,11265.9,432752.0,26.033155248271527
EL,P,2012,10590.1,439422.0,24.100067816358763
EL,P,2013,10459.7,453884.0,23.04487490195733
EL,P,2014,10142.8,469378.0,21.609023004912885
EL,P,2015,9976.8,467248.0,21.352258329623666
EL,P,2016,10003.1,469397.0,21.310532449078284
EL,P,2017,9790.9,462620.0,21.16402230772556
EL,P,2018,9698.5,482519.0,20.099726642888676
EL,P,2019,9594.9,490272.0,19.570564910906597
EL,P,2020,9493.0,424023.0,22.387936503444386
EL,P,2021,9240.9,490190.0,18.851669760705033
EL,P,2022,9661.0,485867.0,19.884042340805202
EL,P,2023,9552.5,508040.0,18.80265333438312
EL,P,2024,9650.9,499548.0,19.319264615212152
ES,P,2008,53447.0,1571533.0,34.009467189044074
ES,P,2009,54367.8,1608398.0,33.80245436763786
ES,P,2010,54366.0,1653923.0,32.87093776433365
ES,P,2011,55287.7,1636820.0,33.77750760621205
ES,P,2012,53515.9,1648268.0,32.467960307425734
ES,P,2013,52375.8,1620344.0,32.323876905151
ES,P,2014,51906.0,1647034.0,31.514832116398328
ES,P,2015,52204.9,1666327.0,31.329324916417967
ES,P,2016,52907.3,1721355.0,30.73584472697381
ES,P,2017,54145.9,1647916.0,32.85719660468131
ES,P,2018,54761.5,1680509.0,32.58625809204235
ES,P,2019,54328.4,1606275.0,33.82260198284852
ES,P,2020,53421.0,1528202.0,34.95676618666904
ES,P,2021,53282.3,1699784.0,31.346512262734564
ES,P,2022,54722.2,1831520.0,29.878024809993885
ES,P,2023,56641.7,1858364.0,30.479335587645906
ES,P,2024,59539.3,1860570.0,32.00056971788216
EU27_2020,P,2008,509281.4,17422191.0,29.23176539621222
EU27_2020,P,2009,509710.8,17619433.0,28.928899130863066
EU27_2020,P,2010,509713.6,17638999.0,28.89696858648271
EU27_2020,P,2011,511783.9,17620510.0,29.04478360728492
EU27_2020,P,2012,507789.1,17548748.0,28.935916112078193
EU27_2020,P,2013,505090.9,17575707.0,28.73801321335182
EU27_2020,P,2014,506846.0,17892341.0,28.32753969980787
EU27_2020,P,2015,512445.5,18162977.0,28.2137394106704
EU27_2020,P,2016,519611.7,18368443.0,28.288282245806027
EU27_2020,P,2017,522620.6,18535501.0,28.19565546137652
EU27_2020,P,2018,524030.5,18790935.0,27.887409540823807
EU27_2020,P,2019,527003.0,19035671.0,27.685023553937235
EU27_2020,P,2020,505886.9,18465436.0,27.39642324177994
EU27_2020,P,2021,515797.1,19374230.0,26.622843849794286
EU27_2020,P,2022,535794.6,19768689.0,27.103193337706916
EU27_2020,P,2023,540072.5,20032332.0,26.960041397077486
EU27_2020,P,2024,543229.4,20279378.0,26.78728114836658
FI,P,2008,9191.7,229500.0,40.05098039215686
FI,P,2009,9082.1,230500.0,39.40173535791757
FI,P,2010,9431.0,234000.0,40.30341880341881
FI,P,2011,9315.3,234500.0,39.724093816631125
FI,P,2012,9284.8,234500.0,39.59402985074627
FI,P,2013,9165.6,233200.0,39.30360205831904
FI,P,2014,9148.2,231500.0,39.51706263498921
FI,P,2015,9163.9,238900.0,38.35872750104647
FI,P,2016,9274.4,233900.0,39.65113296280461
FI,P,2017,9298.7,235000.0,39.568936170212766
FI,P,2018,9379.7,237600.0,39.476851851851855
FI,P,2019,9645.9,239100.0,40.342534504391466
FI,P,2020,9578.9,242800.0,39.45181219110379
FI,P,2021,9756.4,250400.0,38.96325878594249
FI,P,2022,10249.8,255200.0,40.16379310344827
FI,P,2023,10490.9,267900.0,39.15976110488988
FI,P,2024,10963.4,267700.0,40.95405304445274
FR,P,2008,98922.9,2263116.0,43.710927765081415
FR,P,2009,97472.2,2284682.0,42.66335533785446
FR,P,2010,97346.0,2340435.0,41.59312264600384
FR,P,2011,97861.4,2299504.0,42.55761242424453
FR,P,2012,99014.5,2274375.0,43.53481725748832
FR,P,2013,99520.8,2251363.0,44.204688448730835
FR,P,2014,100226.3,2276685.0,44.022910503648944
FR,P,2015,100706.0,2319534.0,43.416479344558
FR,P,2016,101967.6,2355349.0,43.29192828748521
FR,P,2017,102770.6,2335152.0,44.01024001863691
FR,P,2018,103497.1,2311288.0,44.77897172485645
FR,P,2019,103688.0,2328863.0,44.52301402014631
FR,P,2020,95809.7,2259044.0,42.41161305401754
FR,P,2021,102894.2,2346960.0,43.84148004226744
FR,P,2022,107374.3,2358328.0,45.529841480913596
FR,P,2023,107138.5,2378421.0,45.046062072274
FR,P,2024,106543.2,2437014.0,43.71874761490906
HR,P,2008,1868.5,194241.0,9.619493309857342
HR,P,2009,1893.0,210316.0,9.000741740999258
HR,P,2010,1967.0,206488.0,9.525977296501491
HR,P,2011,2005.3,192799.0,10.400987556989403
HR,P,2012,2024.4,183951.0,11.005104620252133
HR,P,2013,2036.7,199494.0,10.209329603897862
HR,P,2014,2021.9,224090.0,9.022714088089607
HR,P,2015,1977.3,223825.0,8.834133809896123
HR,P,2016,2085.3,219501.0,9.500184509409982
HR,P,2017,2115.6,225111.0,9.398030305049508
HR,P,2018,2143.6,235388.0,9.106666440090402
HR,P,2019,2195.7,225485.0,9.737676563851252
HR,P,2020,2087.7,215620.0,9.682311473889248
HR,P,2021,2233.5,215461.0,10.366145149238145
HR,P,2022,2326.5,237469.0,9.797068248908278
HR,P,2023,2406.9,263257.0,9.14277683024573
HR,P,2024,2426.9,252779.0,9.600876655101887
HU,P,2008,4029.2,426418.0,9.44894446294481
HU,P,2009,3938.3,424305.0,9.281766653704294
HU,P,2010,3943.8,421556.0,9.35534069020486
HU,P,2011,4003.5,414110.0,9.667721136895993
HU,P,2012,4128.4,409349.0,10.085281752245637
HU,P,2013,4181.9,395518.0,10.573222963303818
HU,P,2014,3919.6,414454.0,9.45726184329262
HU,P,2015,3878.4,422511.0,9.179405979962652
HU,P,2016,3913.6,437842.0,8.938384165977682
HU,P,2017,3890.5,444761.0,8.747394668147612
HU,P,2018,3974.9,456692.0,8.70367775218309
HU,P,2019,4029.9,459843.0,8.763643243454831
HU,P,2020,4101.1,434621.0,9.436037375092322
HU,P,2021,3951.0,452599.0,8.729581815249261
HU,P,2022,3778.9,453703.0,8.329017000108
HU,P,2023,3845.3,441785.0,8.704007605509467
HU,P,2024,3942.6,452378.0,8.71527793128755
IE,P,2008,9052.8,165280.0,54.77250726040658
IE,P,2009,9171.9,166016.0,55.24708461835004
IE,P,2010,9229.9,166940.0,55.28872648855876
IE,P,2011,9672.1,158653.0,60.96386453455025
IE,P,2012,9702.1,162988.0,59.52646820624832
IE,P,2013,9801.2,170541.0,57.471223928556775
IE,P,2014,9983.1,180875.0,55.19336558396683
IE,P,2015,10188.1,175801.0,57.9524576083185
IE,P,2016,10418.1,182884.0,56.96561754992236
IE,P,2017,10587.2,196936.0,53.75959702644514
IE,P,2018,10743.9,219477.0,48.95228201588321
IE,P,2019,10939.5,240047.0,45.57232541960533
IE,P,2020,10741.7,230655.0,46.57041902408359
IE,P,2021,10679.7,269217.0,39.66948595371021
IE,P,2022,11009.5,270384.0,40.71801585892656
IE,P,2023,11139.4,279748.0,39.819408896578345
IE,P,2024,11049.5,286809.0,38.52563901411741
IS,P,2008,650.2,31626.0,20.55903370644407
IS,P,2009,630.4,31362.0,20.10075888017346
IS,P,2010,608.8,30243.0,20.13027808087822
IS,P,2011,608.1,30314.0,20.060038266147654
IS,P,2012,598.3,29851.0,20.042879635523096
IS,P,2013,603.6,29823.0,20.239412533950304
IS,P,2014,602.1,30426.0,19.788996253204495
IS,P,2015,601.6,31292.0,19.225361114661894
IS,P,2016,606.8,31012.0,19.56661937314588
IS,P,2017,624.6,31404.0,19.889186090943827
IS,P,2018,654.2,31670.0,20.656772971266182
IS,P,2019,679.7,31994.0,21.244608364068263
IS,P,2020,715.0,33076.0,21.616882331599953
IS,P,2021,731.5,33586.0,21.77990829512297
IS,P,2022,748.3,33388.0,22.412243919971246
IS,P,2023,764.7,33923.0,22.542227986911538
IT,P,2008,69589.7,1817618.0,38.286207552962175
IT,P,2009,68603.5,1798583.0,38.143082637832116
IT,P,2010,66873.9,1721012.0,38.857311860695916
IT,P,2011,65800.8,1699198.0,38.72462185101442
IT,P,2012,64259.5,1675237.0,38.358453162149594
IT,P,2013,63740.6,1633477.0,39.02142485018154
IT,P,2014,63719.6,1653952.0,38.52566459002438
IT,P,2015,64330.4,1679132.0,38.31169913979365
IT,P,2016,64158.6,1716367.0,37.38046699802548
IT,P,2017,64029.8,1729755.0,37.016687334333476
IT,P,2018,64543.8,1771153.0,36.44168516215144
IT,P,2019,64035.7,1829655.0,34.99878392374519
IT,P,2020,61768.2,1756981.0,35.15587248809179
IT,P,2021,63566.5,1872379.0,33.949590334008235
IT,P,2022,63772.9,1911703.0,33.35920904031641
IT,P,2023,63177.4,1923352.0,32.84754948652145
IT,P,2024,61640.0,1989895.0,30.976508810766397
LT,P,2008,1459.8,250685.0,5.8232443105889855
LT,P,2009,1419.5,233249.0,6.085771000090032
LT,P,2010,1364.6,232700.0,5.864202836269875
LT,P,2011,1334.3,220677.0,6.0463935978828784
LT,P,2012,1324.6,215908.0,6.135020471682383
LT,P,2013,1321.7,203429.0,6.497107098791225
LT,P,2014,1315.0,201038.0,6.541051940429173
LT,P,2015,1304.0,214183.0,6.088251635283846
LT,P,2016,1301.8,227502.0,5.722147497604416
LT,P,2017,1297.6,221209.0,5.86594577978292
LT,P,2018,1287.2,222116.0,5.7951700913036435
LT,P,2019,1277.7,221540.0,5.767355782251513
LT,P,2020,1251.4,207297.0,6.036749205246579
LT,P,2021,1270.1,195619.0,6.492723099494425
LT,P,2022,1293.1,210373.0,6.146701335247394
LT,P,2023,1297.8,224609.0,5.778040951164022
LT,P,2024,1309.1,236890.0,5.526193591962514
LU,P,2008,1478.9,23439.0,63.09569520883996
LU,P,2009,1485.3,24613.0,60.34615853410799
LU,P,2010,1518.5,25155.0,60.365732458755716
LU,P,2011,1531.4,26041.0,58.80726546599593
LU,P,2012,1543.9,27174.0,56.81533819091779
LU,P,2013,1594.7,27160.0,58.71502209131076
LU,P,2014,1644.0,27641.0,59.47686407872364
LU,P,2015,1658.5,28295.0,58.61459621841315
LU,P,2016,1680.4,28661.0,58.63019434074178
LU,P,2017,1715.2,29522.0,58.09904478016395
LU,P,2018,1741.7,30391.0,57.30972985423316
LU,P,2019,1801.1,32363.0,55.653060593888085
LU,P,2020,1877.8,32955.0,56.98073130025793
LU,P,2021,1940.0,35294.0,54.966849889499635
LU,P,2022,2006.4,36153.0,55.4974690897021
LU,P,2023,2048.4,37600.0,54.47872340425533
LU,P,2024,2114.5,38703.0,54.634007699661524
LV,P,2008,900.2,160131.0,5.621647276292536
LV,P,2009,819.7,166961.0,4.909529770425429
LV,P,2010,768.8,163064.0,4.714713241426678
LV,P,2011,794.2,172332.0,4.608546294362045
LV,P,2012,811.9,173253.0,4.686210339792096
LV,P,2013,821.0,174175.0,4.713650064590211
LV,P,2014,846.5,162942.0,5.1951000969670185
LV,P,2015,876.8,156827.0,5.590874020417402
LV,P,2016,889.1,153609.0,5.788072313471216
LV,P,2017,932.6,151296.0,6.164075719120135
LV,P,2018,964.3,154030.0,6.260468739855872
LV,P,2019,921.2,156264.0,5.895151794399222
LV,P,2020,932.3,151349.0,6.159934984704226
LV,P,2021,926.4,155413.0,5.960891302529389
LV,P,2022,913.6,157220.0,5.810965526014503
LV,P,2023,901.6,149649.0,6.024764615867798
LV,P,2024,892.9,143735.0,6.212126482763419
MT,P,2008,361.8,26807.0,13.496474801357854
MT,P,2009,360.2,27462.0,13.116306168523778
MT,P,2010,369.4,26380.0,14.003032600454889
MT,P,2011,366.6,26086.0,14.053515295560839
MT,P,2012,368.9,26608.0,13.864251352976549
MT,P,2013,372.2,28230.0,13.18455543747786
MT,P,2014,369.6,28606.0,12.920366356708383
MT,P,2015,376.4,29338.0,12.829777080918944
MT,P,2016,386.8,31569.0,12.25252621242358
MT,P,2017,388.6,31966.0,12.156666458111745
MT,P,2018,400.5,33322.0,12.019086489406398
MT,P,2019,410.7,35585.0,11.541379794857384
MT,P,2020,371.3,34442.0,10.780442483014925
MT,P,2021,379.2,34596.0,10.96080471730836
MT,P,2022,390.4,34978.0,11.161301389444793
MT,P,2023,419.2,35777.0,11.717024904268104
MT,P,2024,441.1,36411.0,12.1144709016506
NL,P,2008,29368.0,719007.0,40.84522125653854
NL,P,2009,29189.2,728711.0,40.05593438276629
NL,P,2010,29308.0,719924.0,40.70985270667459
NL,P,2011,30121.0,717299.0,41.992251487873254
NL,P,2012,30209.4,710300.0,42.53048007883993
NL,P,2013,30479.4,702406.0,43.39285256674915
NL,P,2014,30849.0,708593.0,43.53556978406504
NL,P,2015,31101.1,715813.0,43.448638121967605
NL,P,2016,30918.7,735993.0,42.00950280777127
NL,P,2017,31349.1,749645.0,41.81859413455702
NL,P,2018,31580.9,763250.0,41.376875204716676
NL,P,2019,31520.4,781731.0,40.32128699002598
NL,P,2020,31331.4,772348.0,40.566428604722226
NL,P,2021,31691.1,824297.0,38.44621538110657
NL,P,2022,32539.9,846587.0,38.436569425233316
NL,P,2023,32057.3,868545.0,36.909198717395185
NL,P,2024,31437.5,884337.0,35.54923066658977
NO,P,2008,13527.3,259400.0,52.14841942945258
NO,P,2009,13636.9,265720.0,51.32056299864519
NO,P,2010,14070.3,271060.0,51.90843355714601
NO,P,2011,14211.2,276130.0,51.46561402238076
NO,P,2012,14364.2,277420.0,51.77780981904694
NO,P,2013,14792.6,282050.0,52.44672930331502
NO,P,2014,14822.3,284750.0,52.05373134328358
NO,P,2015,14958.4,288180.0,51.90644735928933
NO,P,2016,15756.5,294789.0,53.45009481357853
NO,P,2017,15817.1,298782.0,52.93859737199698
NO,P,2018,15774.9,303894.0,51.9092183458706
NO,P,2019,15844.5,307815.0,51.47409970274353
NO,P,2020,15551.9,308205.0,50.45959669700362
NO,P,2021,15863.0,311926.0,50.85501048325564
NO,P,2022,16265.4,316333.0,51.418600019599594
NO,P,2023,16590.7,317278.0,52.29073556943753
NO,P,2024,16736.5,317873.0,52.651530642740966
PL,P,2008,15826.4,1948201.0,8.123597103173646
PL,P,2009,16383.1,2044939.0,8.011534818398006
PL,P,2010,16355.7,2028557.0,8.06272636164525
PL,P,2011,16309.5,2000223.0,8.153840846745588
PL,P,2012,16009.6,2011301.0,7.959823020025347
PL,P,2013,15779.6,2093307.0,7.538120304379626
PL,P,2014,15918.4,2211076.0,7.1993907038925835
PL,P,2015,16295.3,2229688.0,7.308331928054508
PL,P,2016,16373.5,2169297.0,7.54783692597187
PL,P,2017,16923.8,2235605.0,7.570120839772679
PL,P,2018,17703.3,2307851.0,7.6709024976049145
PL,P,2019,18447.0,2403121.0,7.676267653605458
PL,P,2020,19181.7,2451049.0,7.825914537000281
PL,P,2021,19679.7,2482785.0,7.926461614678677
PL,P,2022,18709.0,2492254.0,7.506859252708592
PL,P,2023,18680.8,2557328.0,7.304811897417929
PL,P,2024,20168.9,2519522.0,8.005050164277192
PT,P,2008,10954.9,564454.0,19.407958841641655
PT,P,2009,11023.5,576253.0,19.129618414134068
PT,P,2010,11061.2,589396.0,18.76700893796361
PT,P,2011,10702.5,576191.0,18.574569890886877
PT,P,2012,10402.6,565438.0,18.39741934571076
PT,P,2013,10170.1,566900.0,17.939848297759745
PT,P,2014,10052.7,569275.0,17.65877651398709
PT,P,2015,10226.2,565537.0,18.082282856824577
PT,P,2016,10224.3,573233.0,17.83620273082673
PT,P,2017,10293.5,571187.0,18.02124348068146
PT,P,2018,10461.9,581304.0,17.9972957351059
PT,P,2019,10630.1,579840.0,18.332815949227374
PT,P,2020,10404.8,573029.0,18.157545255126703
PT,P,2021,10701.5,594843.0,17.990461348624763
PT,P,2022,11359.6,639461.0,17.764335901642166
PT,P,2023,11610.6,654447.0,17.741085221568746
PT,P,2024,11738.3,660116.0,17.78217767786268
RO,P,2008,3169.8,643431.0,4.926402364822335
RO,P,2009,3743.5,623211.0,6.006793846706814
RO,P,2010,5029.9,609980.0,8.246008065838224
RO,P,2011,4844.4,631096.0,7.676169711105759
RO,P,2012,4652.7,594414.0,7.827372841151116
RO,P,2013,5053.9,560409.0,9.018234896298951
RO,P,2014,4571.0,533759.0,8.563790025086227
RO,P,2015,4197.4,609727.0,6.8840645075583
RO,P,2016,3951.9,605460.0,6.527103359429194
RO,P,2017,4261.3,631304.0,6.749996831954178
RO,P,2018,4151.7,617772.0,6.72044055088285
RO,P,2019,4448.6,612108.0,7.267671718062826
RO,P,2020,4226.9,538554.0,7.848609424495963
RO,P,2021,3621.3,618596.0,5.8540630718595015
RO,P,2022,3913.4,624080.0,6.27067042686835
RO,P,2023,3913.1,572852.0,6.830909205169921
RO,P,2024,3973.4,627234.0,6.3347969019536565
RS,P,2008,1219.2,216258.0,5.63771051244347
RS,P,2009,1190.9,219121.0,5.434896700909544
RS,P,2010,1262.9,221495.0,5.701708842186054
RS,P,2011,1286.9,224955.0,5.720699695494655
RS,P,2012,1290.1,226427.0,5.697642065654714
RS,P,2013,1321.3,229869.0,5.748056501746646
RS,P,2014,1345.2,230911.0,5.825621126754464
RS,P,2015,1257.9,214057.0,5.876472154613024
RS,P,2016,1312.3,224358.0,5.849133973381827
RS,P,2017,1340.2,227081.0,5.9018588080905054
RS,P,2018,1342.3,227798.0,5.892501251108438
RS,P,2019,1399.7,237891.0,5.883787112585176
RS,P,2020,1395.0,246188.0,5.666401286821453
RS,P,2021,1391.5,253010.0,5.499782617287854
RS,P,2022,1525.2,255390.0,5.972042758134618
RS,P,2023,1524.8,259096.0,5.885077345848643
RS,P,2024,1589.1,263767.0,6.024635378951877
SE,P,2008,17930.5,688640.0,26.037552276951672
SE,P,2009,18546.5,692900.0,26.76648867080387
SE,P,2010,18492.2,702010.0,26.341790002991413
SE,P,2011,18624.2,715380.0,26.03399591825324
SE,P,2012,18353.9,726070.0,25.278416681587178
SE,P,2013,18208.7,716430.0,25.415881523665956
SE,P,2014,18149.7,734640.0,24.705570075138848
SE,P,2015,18541.7,749520.0,24.738099050058707
SE,P,2016,18750.9,785230.0,23.879500273805128
SE,P,2017,19357.5,815980.0,23.723007916860706
SE,P,2018,19440.1,798860.0,24.3348020929825
SE,P,2019,19764.9,794710.0,24.870581721634306
SE,P,2020,19747.7,782460.0,25.23796743603507
SE,P,2021,20242.1,797800.0,25.372399097518173
SE,P,2022,19952.2,791460.0,25.209359917115208
SE,P,2023,19745.6,797240.0,24.76744769454618
SE,P,2024,19591.6,796840.0,24.58661713769389
SI,P,2008,1860.5,94646.0,19.657460431502653
SI,P,2009,1874.7,99196.0,18.898947538207185
SI,P,2010,1890.4,102767.0,18.3950100713264
SI,P,2011,1900.9,103937.0,18.28896350673966
SI,P,2012,1913.1,103599.0,18.46639446326702
SI,P,2013,1918.2,107165.0,17.899500769840902
SI,P,2014,1913.6,109459.0,17.482344987620934
SI,P,2015,1894.6,113057.0,16.75791857204773
SI,P,2016,1908.7,111255.0,17.156082872679878
SI,P,2017,1936.0,111637.0,17.341920689377176
SI,P,2018,1965.5,115354.0,17.03885430934341
SI,P,2019,1999.9,116693.0,17.13813167884963
SI,P,2020,2054.6,110191.0,18.645805918813696
SI,P,2021,2108.2,120644.0,17.474553230993667
SI,P,2022,2109.8,125490.0,16.81249501952347
SI,P,2023,2113.3,125483.0,16.841325119737334
SI,P,2024,2135.3,130101.0,16.41263326185041
SK,P,2008,2147.2,252457.0,8.505210788371881
SK,P,2009,2154.1,256825.0,8.387423342743114
SK,P,2010,2139.8,257819.0,8.299621051978326
SK,P,2011,2100.4,256655.0,8.183748611949895
SK,P,2012,2106.2,252440.0,8.343368721280303
SK,P,2013,2198.6,248088.0,8.862177936861114
SK,P,2014,2180.8,250922.0,8.691147049680778
SK,P,2015,2192.4,252214.0,8.692618173455875
SK,P,2016,2293.2,250418.0,9.15748867892883
SK,P,2017,2379.2,251209.0,9.470998252451146
SK,P,2018,2566.3,253993.0,10.10382175886737
SK,P,2019,2569.7,256892.0,10.003036295408185
SK,P,2020,2701.2,237175.0,11.389058711921576
SK,P,2021,2772.7,245027.0,11.31589579923845
SK,P,2022,3055.7,258072.0,11.840494125670354
SK,P,2023,3073.5,263063.0,11.68351307481478
SK,P,2024,2832.8,268680.0,10.543397350007444
UK,P,2008,111281.2,3152595.0,35.29828601517163
UK,P,2009,110519.5,3247164.0,34.03570007551205
UK,P,2010,108986.5,3209558.0,33.95685636464585
UK,P,2011,108995.1,3317623.0,32.85337122391544
UK,P,2012,112961.5,3455912.0,32.68645150686707
UK,P,2013,114481.7,3500738.0,32.70216165848458
UK,P,2014,115302.0,3610054.0,31.939134428460076
UK,P,2015,116485.1,3608431.0,32.28137104464516
UK,P,2016,114930.8,3685452.0,31.184994405028203
UK,P,2017,115516.5,3645894.0,31.683998492550796
UK,P,2018,115743.7,3684523.0,31.413482830749054
AT,Q,2008,17715.5,552078.0,32.088762819746485
AT,Q,2009,18355.8,554288.0,33.115997459804284
AT,Q,2010,18467.4,568511.0,32.48380418320842
AT,Q,2011,18655.1,584061.0,31.940328150655493
AT,Q,2012,18734.4,583603.0,32.10127432518339
AT,Q,2013,18855.5,588293.0,32.0512057767133
AT,Q,2014,18912.2,600237.0,31.50788771768485
AT,Q,2015,18969.9,603367.0,31.44006881383967
AT,Q,2016,19156.2,623679.0,30.71483888346409
AT,Q,2017,19522.9,650663.0,30.0046260506591
AT,Q,2018,19567.2,665748.0,29.391301213071614
AT,Q,2019,19882.4,684357.0,29.052672800891933
AT,Q,2020,18036.4,650056.0,27.7459172748194
AT,Q,2021,19364.9,683764.0,28.321028893009874
AT,Q,2022,19943.1,673532.0,29.60972901064834
AT,Q,2023,20521.9,693347.0,29.598310802527454
AT,Q,2024,21090.2,701023.0,30.084890224714457
BE,Q,2008,22297.9,680250.0,32.778978316795296
BE,Q,2009,22724.3,678040.0,33.51468939885552
BE,Q,2010,23072.6,683899.0,33.73685295635759
BE,Q,2011,23788.8,698568.0,34.05366406706291
BE,Q,2012,24580.0,714783.0,34.38805903330101
BE,Q,2013,24584.5,724648.0,33.92612689195306
BE,Q,2014,24852.3,731191.0,33.988793625742105
BE,Q,2015,24410.8,741291.0,32.93011786194625
BE,Q,2016,24817.2,754517.0,32.891505426650426
BE,Q,2017,25039.5,773219.0,32.38345151890991
BE,Q,2018,25805.0,787751.0,32.75781306529601
BE,Q,2019,26040.5,804061.0,32.386224428246116
BE,Q,2020,24478.1,786803.0,31.110837147290997
BE,Q,2021,27741.0,823104.0,33.70290996034523
BE,Q,2022,29606.2,836708.0,35.38414835283038
BE,Q,2023,31273.1,844613.0,37.02654351756366
BE,Q,2024,32214.2,842467.0,38.237936916223425
BG,Q,2008,941.2,242482.0,3.8815252266147593
BG,Q,2009,916.3,248168.0,3.6922568582573096
BG,Q,2010,1147.8,242861.0,4.726160231572792
BG,Q,2011,1076.5,248164.0,4.33785722344901
BG,Q,2012,1102.6,250786.0,4.396577161404544
BG,Q,2013,1070.3,256138.0,4.178606844747753
BG,Q,2014,987.5,260634.0,3.788837987369261
BG,Q,2015,1002.8,258430.0,3.8803544480130014
BG,Q,2016,946.3,262006.0,3.6117493492515433
BG,Q,2017,940.3,264161.0,3.5595716248802813
BG,Q,2018,1005.3,269165.0,3.734883807330076
BG,Q,2019,1023.8,274610.0,3.7281963511889584
BG,Q,2020,1178.4,285002.0,4.134707826611743
BG,Q,2021,1217.4,300462.0,4.051760289154702
BG,Q,2022,1377.7,313283.0,4.397621320020557
BG,Q,2023,1445.5,349981.0,4.130224212171518
BG,Q,2024,1642.6,369886.0,4.440827714485003
CH,Q,2008,27969.6,748113.0,37.38686535322872
CH,Q,2009,28910.6,775842.0,37.26351499403229
CH,Q,2010,29135.2,741062.0,39.315468881146245
CH,Q,2011,29909.6,775274.0,38.57939257604408
CH,Q,2012,31409.4,791683.0,39.674213037288915
CH,Q,2013,32422.0,813101.0,39.8745051352784
CH,Q,2014,33434.6,836638.0,39.96304255843029
CH,Q,2015,34209.1,876640.0,39.022974082861836
CH,Q,2016,35877.8,920081.0,38.99417551280811
CH,Q,2017,37172.7,926411.0,40.12549505565025
CH,Q,2018,38006.0,950925.0,39.96740016299918
CH,Q,2019,39740.5,970963.0,40.92895403841341
CH,Q,2020,39906.9,972476.0,41.03638547378033
CH,Q,2021,41938.2,1013650.0,41.373452375080156
CH,Q,2022,43699.8,1024259.0,42.66479474429807
CH,Q,2023,45399.6,1052300.0,43.14321011118502
CY,Q,2008,636.0,26428.0,24.065385197517784
CY,Q,2009,645.3,27906.0,23.12405934207697
CY,Q,2010,666.6,29192.0,22.835023294053165
CY,Q,2011,659.5,30071.0,21.931428951481493
CY,Q,2012,668.0,30127.0,22.17280180568925
CY,Q,2013,661.8,29245.0,22.629509317832106
CY,Q,2014,667.5,29760.0,22.429435483870968
CY,Q,2015,658.8,31225.0,21.09847878302642
CY,Q,2016,695.6,32482.0,21.414937503848286
CY,Q,2017,731.3,33638.0,21.74029371544087
CY,Q,2018,792.5,35951.0,22.043893076687713
CY,Q,2019,870.6,37773.0,23.04820903820189
CY,Q,2020,954.0,41401.0,23.04292166855873
CY,Q,2021,1072.9,44035.0,24.36470988986034
CY,Q,2022,1143.1,45156.0,25.31446540880503
CY,Q,2023,1215.1,46549.0,26.1036756965778
CY,Q,2024,1239.6,47598.0,26.043111055086346
CZ,Q,2008,5908.6,528602.0,11.177785933462227
CZ,Q,2009,6000.0,533241.0,11.251947993496374
CZ,Q,2010,6018.4,540625.0,11.132300578034682
CZ,Q,2011,5600.1,556283.0,10.06699827246204
CZ,Q,2012,5806.5,548751.0,10.581301901955532
CZ,Q,2013,5832.7,532313.0,10.957275136996465
CZ,Q,2014,6001.5,554766.0,10.818074647689297
CZ,Q,2015,5896.0,554309.0,10.636666552410297
CZ,Q,2016,6073.9,567077.0,10.71089111355248
CZ,Q,2017,6221.2,589705.0,10.549681620471253
CZ,Q,2018,6329.5,600834.0,10.5345236787532
CZ,Q,2019,6611.5,631504.0,10.469450708150701
CZ,Q,2020,6843.3,615592.0,11.116616200340484
CZ,Q,2021,7247.3,655029.0,11.064090292185536
CZ,Q,2022,7096.5,666167.0,10.652734224301113
CZ,Q,2023,7091.7,681098.0,10.412158015439775
CZ,Q,2024,7251.9,709849.0,10.21611638531575
DE,Q,2008,168299.5,6423190.0,26.201856087084455
DE,Q,2009,173404.0,6506297.0,26.651719096131025
DE,Q,2010,178359.0,6780744.0,26.303750738856976
DE,Q,2011,183783.9,6866194.0,26.766488100977046
DE,Q,2012,188418.5,6961359.0,27.066338627270913
DE,Q,2013,184446.0,7037888.0,26.20757818254567
DE,Q,2014,188610.7,7246618.0,26.027410303675452
DE,Q,2015,193138.6,7490432.0,25.784707744493243
DE,Q,2016,196983.0,7692636.0,25.60669710616751
DE,Q,2017,203219.5,7826020.0,25.96715827457635
DE,Q,2018,205398.0,7900340.0,25.998627907153363
DE,Q,2019,209648.2,7972485.0,26.29646841605848
DE,Q,2020,213578.0,7814227.0,27.331942110204885
DE,Q,2021,214475.0,8128619.0,26.385170715960484
DE,Q,2022,222996.8,8129703.0,27.42988273987377
DE,Q,2023,219814.5,8192444.0,26.83137046771391
DE,Q,2024,222719.2,8346817.0,26.6831296289352
DK,Q,2008,22635.7,672269.0,33.67059912029262
DK,Q,2009,23083.8,692804.0,33.31938037309253
DK,Q,2010,24124.0,691038.0,34.909802355297394
DK,Q,2011,24757.5,682891.0,36.25395560931393
DK,Q,2012,24809.1,668737.0,37.098440792120066
DK,Q,2013,25267.4,682091.0,37.0440307818165
DK,Q,2014,25373.7,672047.0,37.75584148132497
DK,Q,2015,25433.7,665451.0,38.22024461605738
DK,Q,2016,25115.5,662448.0,37.913164504987556
DK,Q,2017,25458.8,668883.0,38.061663998038526
DK,Q,2018,25522.2,671594.0,38.00242408359813
DK,Q,2019,26215.6,674396.0,38.87270980254924
DK,Q,2020,23986.2,666238.0,36.002449575076774
DK,Q,2021,25283.4,713652.0,35.428191891846446
DK,Q,2022,24864.6,718079.0,34.626552231718236
DK,Q,2023,25300.2,727990.0,34.75349936125497
DK,Q,2024,25251.4,735901.0,34.31358294118367
EA,Q,2008,598490.8,20881658.0,28.661076625237328
EA,Q,2009,617148.3,21390865.0,28.851021218637023
EA,Q,2010,629315.5,21786428.0,28.885666801368263
EA,Q,2011,641750.3,22245196.0,28.848938889996745
EA,Q,2012,645001.4,22350641.0,28.858295384011583
EA,Q,2013,643714.0,22451321.0,28.67154231147468
EA,Q,2014,652658.7,23001220.0,28.37496011081151
EA,Q,2015,662524.6,23588026.0,28.087327019225768
EA,Q,2016,672134.7,24106796.0,27.881544274900737
EA,Q,2017,686623.0,24376977.0,28.166864168596458
EA,Q,2018,691852.0,24698057.0,28.012405996147795
EA,Q,2019,701745.3,25031554.0,28.03442806627188
EA,Q,2020,679888.4,24326101.0,27.948926134936297
EA,Q,2021,717339.4,25733952.0,27.875213259121647
EA,Q,2022,739120.6,26073307.0,28.34778879411039
EA,Q,2023,745398.5,26902253.0,27.707660767297074
EA,Q,2024,758409.9,27467026.0,27.61164969225281
EA12,Q,2008,595890.5,20745886.0,28.723309286477328
EA12,Q,2009,612536.3,21050965.0,29.0977777028274
EA12,Q,2010,624611.0,21441300.0,29.13120939495273
EA12,Q,2011,636611.5,21831631.0,29.160052219644054
EA12,Q,2012,639683.7,21930710.0,29.1683990167213
EA12,Q,2013,638350.8,22030274.0,28.97607174563512
EA12,Q,2014,646530.8,22461093.0,28.78447633870712
EA12,Q,2015,655040.0,22864307.0,28.649020501692878
EA12,Q,2016,664289.1,23374044.0,28.41994735699137
EA12,Q,2017,678487.2,23644250.0,28.695653277223848
EA12,Q,2018,683541.6,23951678.0,28.538359608875837
EA12,Q,2019,693132.9,24260222.0,28.570756689695585
EA12,Q,2020,670929.3,23569879.0,28.465538579981683
EA12,Q,2021,707264.3,24949808.0,28.347484678038406
EA12,Q,2022,728581.9,25254763.0,28.84928676622307
EA12,Q,2023,731891.1,25799658.0,28.368248137242748
EA12,Q,2024,744751.5,26330463.0,28.28478557327306
EA19,Q,2008,602624.6,21435935.0,28.11282083100177
EA19,Q,2009,619092.2,21718015.0,28.505929294182728
EA19,Q,2010,631215.5,22111234.0,28.547276013631805
EA19,Q,2011,643200.5,22510884.0,28.572867240575714
EA19,Q,2012,646516.4,22605332.0,28.600172738007124
EA19,Q,2013,645266.6,22702981.0,28.42210897326655
EA19,Q,2014,653645.1,23158934.0,28.224317233254347
EA19,Q,2015,662524.6,23588026.0,28.087327019225768
EA19,Q,2016,672134.7,24106796.0,27.881544274900737
EA19,Q,2017,686623.0,24376977.0,28.166864168596458
EA19,Q,2018,691852.0,24698057.0,28.012405996147795
EA19,Q,2019,701745.3,25031554.0,28.03442806627188
EA19,Q,2020,679888.4,24326101.0,27.948926134936297
EA19,Q,2021,717339.4,25733952.0,27.875213259121647
EA19,Q,2022,739120.6,26073307.0,28.34778879411039
EA19,Q,2023,742875.4,26653298.0,27.871800330300587
EA19,Q,2024,755785.4,27209741.0,27.77628056070067
EA20,Q,2008,604341.5,21595229.0,27.984954454523265
EA20,Q,2009,620821.8,21890493.0,28.360338892321888
EA20,Q,2010,632997.6,22280572.0,28.41029395475125
EA20,Q,2011,645018.8,22668996.0,28.453787719579644
EA20,Q,2012,648352.3,22819590.0,28.412092417085496
EA20,Q,2013,647119.1,22925064.0,28.2275809568078
EA20,Q,2014,655494.1,23388583.0,28.02624254748567
EA20,Q,2015,664422.8,23810021.0,27.90517488413807
EA20,Q,2016,674092.3,24331569.0,27.704432048751155
EA20,Q,2017,688610.7,24591853.0,28.001578408914526
EA20,Q,2018,693885.7,24927700.0,27.835929508137532
EA20,Q,2019,703865.8,25298853.0,27.82204394800033
EA20,Q,2020,682065.3,24584681.0,27.74350824401586
EA20,Q,2021,719673.4,25989876.0,27.69052841960462
EA20,Q,2022,741595.5,26325878.0,28.16982970140635
EA20,Q,2023,745398.5,26902253.0,27.707660767297074
EA20,Q,2024,758409.9,27467026.0,27.61164969225281
EE,Q,2008,490.4,64362.0,7.61940275317734
EE,Q,2009,481.0,61637.0,7.803754238525561
EE,Q,2010,477.6,62492.0,7.642578250016002
EE,Q,2011,485.6,63262.0,7.676014036862572
EE,Q,2012,493.9,65089.0,7.588071717187236
EE,Q,2013,503.4,68242.0,7.376688842648222
EE,Q,2014,517.3,70383.0,7.349786169955813
EE,Q,2015,537.9,71646.0,7.507746419897831
EE,Q,2016,552.3,70886.0,7.791383347910729
EE,Q,2017,578.4,72824.0,7.942436559376029
EE,Q,2018,592.0,73667.0,8.03616273229533
EE,Q,2019,589.0,72240.0,8.153377630121815
EE,Q,2020,615.9,69768.0,8.82782937736498
EE,Q,2021,658.7,70070.0,9.400599400599402
EE,Q,2022,662.0,75929.0,8.718671390377853
EE,Q,2023,660.5,80471.0,8.207925836636802
EE,Q,2024,647.3,82352.0,7.8601612589858165
EL,Q,2008,10594.8,509112.0,20.810352142554095
EL,Q,2009,10057.8,496829.0,20.24398736788714
EL,Q,2010,10596.6,470757.0,22.509702457956017
EL,Q,2011,8810.1,466640.0,18.879864563689356
EL,Q,2012,7922.5,474133.0,16.709446505516386
EL,Q,2013,7574.3,473427.0,15.998876278708229
EL,Q,2014,7107.3,491610.0,14.457191676328797
EL,Q,2015,7563.5,476470.0,15.874031943249312
EL,Q,2016,7507.7,475828.0,15.778180350883092
EL,Q,2017,7499.2,476299.0,15.744731775628333
EL,Q,2018,7732.6,504334.0,15.3322996268346
EL,Q,2019,8140.4,520720.0,15.632969734214166
EL,Q,2020,8128.8,504616.0,16.10888279404537
EL,Q,2021,9034.9,559140.0,16.158564939013484
EL,Q,2022,9095.0,570329.0,15.946935891389007
EL,Q,2023,9013.2,581336.0,15.504286677584048
EL,Q,2024,9055.8,584809.0,15.48505580454473
ES,Q,2008,61474.8,1997871.0,30.77015482981634
ES,Q,2009,62551.5,2030385.0,30.8077039576238
ES,Q,2010,63363.0,2031751.0,31.18640030200551
ES,Q,2011,64069.3,2070288.0,30.947046980903142
ES,Q,2012,63152.6,1995114.0,31.653629817644504
ES,Q,2013,63401.0,1954099.0,32.44513200201219
ES,Q,2014,61811.6,2003001.0,30.859495327261445
ES,Q,2015,62589.5,2036546.0,30.733162914071176
ES,Q,2016,63933.2,2169408.0,29.470343983243353
ES,Q,2017,66389.0,2198108.0,30.20279258343994
ES,Q,2018,66663.9,2239367.0,29.76908206649468
ES,Q,2019,69194.8,2260653.0,30.60832423198076
ES,Q,2020,66576.4,2120645.0,31.39441066279363
ES,Q,2021,68888.9,2451067.0,28.105678057760148
ES,Q,2022,70401.5,2495827.0,28.207684266577772
ES,Q,2023,72818.3,2637528.0,27.60854102781089
ES,Q,2024,76407.4,2696771.0,28.332921111952032
EU27_2020,Q,2008,686870.5,27062604.0,25.380798536607934
EU27_2020,Q,2009,704443.7,27469804.0,25.644292911591215
EU27_2020,Q,2010,720765.4,27879115.0,25.85323816771085
EU27_2020,Q,2011,733376.2,28305190.0,25.909601737349227
EU27_2020,Q,2012,735488.6,28428368.0,25.87164342321726
EU27_2020,Q,2013,736129.9,28641958.0,25.70110255730422
EU27_2020,Q,2014,747872.4,29176947.0,25.63230484669969
EU27_2020,Q,2015,755306.4,29711950.0,25.420963619015247
EU27_2020,Q,2016,765936.1,30379931.0,25.211910454964492
EU27_2020,Q,2017,782764.3,30694226.0,25.502004839607295
EU27_2020,Q,2018,790110.6,31079020.0,25.422635591469742
EU27_2020,Q,2019,801023.7,31543856.0,25.39396895547583
EU27_2020,Q,2020,774587.9,30837348.0,25.118499165362728
EU27_2020,Q,2021,819731.8,32686368.0,25.078705593720294
EU27_2020,Q,2022,841240.6,33090881.0,25.422127624828118
EU27_2020,Q,2023,846606.3,33686903.0,25.131615690525187
EU27_2020,Q,2024,862444.3,34388293.0,25.079590312900965
FI,Q,2008,15491.1,541800.0,28.591915836101883
FI,Q,2009,15452.6,550000.0,28.095636363636363
FI,Q,2010,15241.0,555700.0,27.426669066042827
FI,Q,2011,15447.6,570700.0,27.067811459611008
FI,Q,2012,15435.1,584000.0,26.42996575342466
FI,Q,2013,15269.4,589300.0,25.911080943492276
FI,Q,2014,14995.1,590700.0,25.385305569663114
FI,Q,2015,15546.3,616400.0,25.221122647631404
FI,Q,2016,15847.4,622500.0,25.45767068273092
FI,Q,2017,15683.5,631400.0,24.83924611973392
FI,Q,2018,15949.5,653200.0,24.417483159828535
FI,Q,2019,15998.8,665600.0,24.036658653846153
FI,Q,2020,15194.2,671100.0,22.64073908508419
FI,Q,2021,16031.4,694600.0,23.08004606968039
FI,Q,2022,15962.9,714200.0,22.350742089050687
FI,Q,2023,16511.6,734100.0,22.492303500885434
FI,Q,2024,17079.5,732300.0,23.32309162911375
FR,Q,2008,146399.8,4867714.0,30.07567823417727
FR,Q,2009,150155.9,4952504.0,30.319188030943536
FR,Q,2010,153325.8,5037772.0,30.43524002277197
FR,Q,2011,158343.6,5154687.0,30.718373394931643
FR,Q,2012,161432.9,5190522.0,31.101476884213184
FR,Q,2013,164553.5,5202764.0,31.628092298632033
FR,Q,2014,167637.0,5277136.0,31.766662826199664
FR,Q,2015,169252.5,5332434.0,31.74019594054047
FR,Q,2016,171528.8,5373377.0,31.92197383507615
FR,Q,2017,173599.1,5327043.0,32.58826707424738
FR,Q,2018,173563.9,5309318.0,32.690432179801626
FR,Q,2019,175087.6,5357705.0,32.67958948840968
FR,Q,2020,164595.6,5190972.0,31.708050053053647
FR,Q,2021,177602.8,5405422.0,32.85641713079941
FR,Q,2022,178442.7,5436089.0,32.82556632166987
FR,Q,2023,176190.3,5521271.0,31.911184942742352
FR,Q,2024,180177.4,5624345.0,32.0352681067751
HR,Q,2008,1716.1,159294.0,10.77316157545168
HR,Q,2009,1729.8,172477.0,10.029163308731018
HR,Q,2010,1782.0,169338.0,10.523332034156539
HR,Q,2011,1818.2,158111.0,11.499516162695828
HR,Q,2012,1836.5,214259.0,8.571401901437046
HR,Q,2013,1853.9,222083.0,8.347779884097386
HR,Q,2014,1848.0,229649.0,8.047063126771725
HR,Q,2015,1900.7,221995.0,8.561904547399717
HR,Q,2016,1963.9,224773.0,8.737259368340505
HR,Q,2017,1993.5,214876.0,9.277443734991344
HR,Q,2018,2041.7,229644.0,8.890717806692098
HR,Q,2019,2132.5,267299.0,7.977957268826295
HR,Q,2020,2196.4,258579.0,8.494115918152673
HR,Q,2021,2358.0,255924.0,9.213672809115206
HR,Q,2022,2504.3,252572.0,9.915192499564482
HR,Q,2023,2554.2,248956.0,10.25964427449027
HR,Q,2024,2655.1,257286.0,10.319644286902513
HU,Q,2008,3486.4,440302.0,7.918201597994104
HU,Q,2009,3486.7,468877.0,7.436278597585294
HU,Q,2010,3360.9,432118.0,7.777736636751999
HU,Q,2011,3506.2,454398.0,7.716143116827098
HU,Q,2012,3588.5,447757.0,8.014391734802583
HU,Q,2013,3734.2,463803.0,8.051263144050383
HU,Q,2014,3828.4,490219.0,7.809570824468248
HU,Q,2015,3772.4,493907.0,7.637875146535684
HU,Q,2016,3907.6,510043.0,7.661314830318228
HU,Q,2017,3950.9,489118.0,8.077600906120812
HU,Q,2018,3974.1,509291.0,7.803200920495355
HU,Q,2019,4088.9,505239.0,8.093001529968983
HU,Q,2020,3244.6,495995.0,6.541598201594774
HU,Q,2021,3505.8,516031.0,6.793777893188588
HU,Q,2022,4218.0,515326.0,8.18511000803375
HU,Q,2023,4410.4,514523.0,8.571822833964662
HU,Q,2024,4431.9,513883.0,8.62433666807425
IE,Q,2008,11294.2,364319.0,31.00085364749025
IE,Q,2009,11695.8,368365.0,31.75057348010804
IE,Q,2010,11890.8,373098.0,31.870446906710836
IE,Q,2011,12288.1,381476.0,32.21198712369848
IE,Q,2012,12308.0,384796.0,31.985779477957152
IE,Q,2013,12570.4,398987.0,31.50578840914616
IE,Q,2014,12462.2,405602.0,30.725193662753146
IE,Q,2015,12995.6,415408.0,31.283942533605515
IE,Q,2016,13215.7,421628.0,31.344455301830052
IE,Q,2017,13716.0,445638.0,30.778344755160017
IE,Q,2018,14040.6,459333.0,30.567366159191696
IE,Q,2019,14484.2,475721.0,30.446837537127855
IE,Q,2020,13657.6,447443.0,30.523664466758895
IE,Q,2021,14138.9,479491.0,29.48731050217835
IE,Q,2022,15372.6,523665.0,29.355790438543725
IE,Q,2023,16511.1,551145.0,29.957815094031513
IE,Q,2024,16556.6,567185.0,29.19082838932623
IS,Q,2008,786.9,31663.0,24.852351324890247
IS,Q,2009,763.0,30988.0,24.62243449077062
IS,Q,2010,736.9,29888.0,24.655380085653103
IS,Q,2011,736.0,29025.0,25.357450473729543
IS,Q,2012,724.1,29106.0,24.87803202088916
IS,Q,2013,730.6,29756.0,24.55303132141417
IS,Q,2014,728.7,30276.0,24.06856916369402
IS,Q,2015,728.1,30725.0,23.697314890154598
IS,Q,2016,734.5,31063.0,23.645494639925314
IS,Q,2017,755.9,31781.0,23.784651206695823
IS,Q,2018,791.8,32990.0,24.001212488632916
IS,Q,2019,822.7,34361.0,23.942842175722475
IS,Q,2020,865.4,36086.0,23.981599512276226
IS,Q,2021,885.3,36451.0,24.28739952264684
IS,Q,2022,905.7,37239.0,24.321276081527433
IS,Q,2023,925.6,37959.0,24.384204009589293
IT,Q,2008,85146.7,2600704.0,32.73986582094694
IT,Q,2009,87312.2,2644052.0,33.022119080865274
IT,Q,2010,87442.0,2637384.0,33.15482311259946
IT,Q,2011,86837.4,2691500.0,32.26357049972135
IT,Q,2012,83294.4,2671435.0,31.179646893897846
IT,Q,2013,82702.8,2681818.0,30.83833429412436
IT,Q,2014,84499.9,2733877.0,30.908449794924934
IT,Q,2015,84035.9,2769121.0,30.347500163409254
IT,Q,2016,83596.0,2820039.0,29.643561667054957
IT,Q,2017,84487.5,2844838.0,29.69852764902606
IT,Q,2018,84150.6,2889284.0,29.125070432674672
IT,Q,2019,82372.7,2880087.0,28.600767962912233
IT,Q,2020,77248.1,2762278.0,27.965360474217295
IT,Q,2021,85629.3,2973054.0,28.801797747366848
IT,Q,2022,88213.3,3052423.0,28.899434973462068
IT,Q,2023,89038.6,3167132.0,28.11332145297386
IT,Q,2024,86649.6,3300663.0,26.252180243787386
LT,Q,2008,931.0,173512.0,5.365623126930702
LT,Q,2009,918.0,164981.0,5.564277098574987
LT,Q,2010,903.3,168433.0,5.362963314789857
LT,Q,2011,919.7,166793.0,5.514020372557602
LT,Q,2012,954.6,158190.0,6.034515456097099
LT,Q,2013,971.1,156139.0,6.219458303178579
LT,Q,2014,984.2,157714.0,6.240409855814957
LT,Q,2015,1003.0,170952.0,5.867143993635641
LT,Q,2016,1022.8,173901.0,5.881507294380136
LT,Q,2017,1042.6,170528.0,6.113951960968286
LT,Q,2018,1051.6,175998.0,5.975067898498846
LT,Q,2019,1080.9,181131.0,5.967504182056081
LT,Q,2020,1041.6,172779.0,6.0285104092511235
LT,Q,2021,1127.2,177337.0,6.356259551024321
LT,Q,2022,1155.6,196903.0,5.868879600615531
LT,Q,2023,1177.5,203334.0,5.790964619788132
LT,Q,2024,1187.1,212883.0,5.576302476007948
LU,Q,2008,1789.9,37306.0,47.97887739237657
LU,Q,2009,1997.4,37525.0,53.22851432378414
LU,Q,2010,2082.5,40580.0,51.31838344011828
LU,Q,2011,2119.5,42952.0,49.34578133730676
LU,Q,2012,2224.2,46021.0,48.33011016709762
LU,Q,2013,2328.8,49280.0,47.25649350649351
LU,Q,2014,2327.6,51420.0,45.26643329443796
LU,Q,2015,2330.6,53607.0,43.47566549144701
LU,Q,2016,2362.8,54975.0,42.97953615279673
LU,Q,2017,2455.1,57419.0,42.75762378306832
LU,Q,2018,2750.0,59420.0,46.28071356445641
LU,Q,2019,2834.2,63026.0,44.96874305842033
LU,Q,2020,2780.1,66635.0,41.72131762587229
LU,Q,2021,3285.4,69484.0,47.28282770134132
LU,Q,2022,3515.3,71320.0,49.289119461581606
LU,Q,2023,3560.2,74023.0,48.095862096915816
LU,Q,2024,3730.6,75771.0,49.23519552335326
LV,Q,2008,582.3,113363.0,5.136596596773197
LV,Q,2009,541.3,100565.0,5.382588375677422
LV,Q,2010,519.0,94655.0,5.483070096666842
LV,Q,2011,530.4,98895.0,5.363264067950857
LV,Q,2012,559.1,96501.0,5.793722344846167
LV,Q,2013,578.0,95521.0,6.051025428963265
LV,Q,2014,623.2,99254.0,6.278840147500353
LV,Q,2015,654.5,103793.0,6.305820238359042
LV,Q,2016,660.6,98964.0,6.675154601673336
LV,Q,2017,688.3,99049.0,6.949085806015204
LV,Q,2018,752.0,102061.0,7.368142581397399
LV,Q,2019,788.4,107877.0,7.308323368280542
LV,Q,2020,761.6,101964.0,7.4693028912165085
LV,Q,2021,810.0,110806.0,7.310073461725899
LV,Q,2022,875.8,112052.0,7.816013993503016
LV,Q,2023,857.8,122482.0,7.003478062082591
LV,Q,2024,870.7,124390.0,6.999758823056516
MT,Q,2008,333.0,19362.0,17.198636504493336
MT,Q,2009,346.1,20824.0,16.62024587014983
MT,Q,2010,360.9,21081.0,17.11968122954319
MT,Q,2011,374.7,22095.0,16.958587915818057
MT,Q,2012,381.6,22325.0,17.092945128779395
MT,Q,2013,406.5,23787.0,17.089166351368394
MT,Q,2014,432.1,25131.0,17.193903943336917
MT,Q,2015,457.5,26138.0,17.50325197031142
MT,Q,2016,476.0,28426.0,16.74523323717723
MT,Q,2017,501.6,28677.0,17.491369390103568
MT,Q,2018,516.5,30987.0,16.668280246555007
MT,Q,2019,572.7,34450.0,16.624092888243833
MT,Q,2020,573.1,36110.0,15.87094987538078
MT,Q,2021,627.2,36069.0,17.388893509662037
MT,Q,2022,633.0,37119.0,17.05326113311242
MT,Q,2023,636.2,39132.0,16.257794132679138
MT,Q,2024,686.3,41362.0,16.59252453943233
NL,Q,2008,46344.2,1509116.0,30.709501456481807
NL,Q,2009,49339.5,1551786.0,31.795299094076114
NL,Q,2010,51008.0,1580108.0,32.28133773134494
NL,Q,2011,53056.0,1620502.0,32.74047177973245
NL,Q,2012,52586.9,1643625.0,31.994463457297133
NL,Q,2013,52580.1,1637917.0,32.10180979866501
NL,Q,2014,53516.4,1622191.0,32.990196592139895
NL,Q,2015,53621.5,1602236.0,33.46666783170519
NL,Q,2016,54458.9,1615601.0,33.70813709573093
NL,Q,2017,55053.8,1651848.0,33.32861134922826
NL,Q,2018,55855.7,1699719.0,32.861725967645235
NL,Q,2019,57131.4,1773647.0,32.21125736970209
NL,Q,2020,53480.3,1781425.0,30.021078630871354
NL,Q,2021,57916.3,1868639.0,30.993840971958736
NL,Q,2022,60854.9,1901380.0,32.00564852896318
NL,Q,2023,62372.5,1931961.0,32.284554398354835
NL,Q,2024,64567.0,1979810.0,32.61272546355458
NO,Q,2008,27130.6,626840.0,43.28153914874609
NO,Q,2009,27264.8,643330.0,42.38073772402966
NO,Q,2010,27706.0,653840.0,42.37428116970513
NO,Q,2011,27923.0,673430.0,41.46384924936519
NO,Q,2012,28694.8,681570.0,42.1010314421116
NO,Q,2013,28943.3,687560.0,42.09567165047414
NO,Q,2014,29153.7,699350.0,41.68685207692858
NO,Q,2015,29821.0,711020.0,41.94115496047931
NO,Q,2016,30205.0,727471.0,41.520555458568104
NO,Q,2017,30630.0,734820.0,41.68367763533927
NO,Q,2018,30609.6,741495.0,41.28092569740861
NO,Q,2019,30785.9,750304.0,41.03123533927582
NO,Q,2020,28677.2,738823.0,38.81470934175032
NO,Q,2021,29716.4,769172.0,38.6342716583547
NO,Q,2022,31001.2,781634.0,39.662041313453614
NO,Q,2023,31393.9,786545.0,39.91367308927016
NO,Q,2024,32017.4,793854.0,40.33159749777667
PL,Q,2008,11564.6,1705992.0,6.778812561840853
PL,Q,2009,12140.2,1748360.0,6.943764442105745
PL,Q,2010,13542.9,1781860.0,7.600428765447341
PL,Q,2011,14802.9,1757165.0,8.424308474161503
PL,Q,2012,13560.1,1789701.0,7.576740472291182
PL,Q,2013,15404.0,1862916.0,8.268757152764806
PL,Q,2014,16913.5,1842401.0,9.180140479732696
PL,Q,2015,16122.5,1883096.0,8.561698394558748
PL,Q,2016,16612.1,1922132.0,8.642538597765398
PL,Q,2017,17574.4,1948528.0,9.019321251734643
PL,Q,2018,19850.9,1933571.0,10.266444831868082
PL,Q,2019,19513.1,1981761.0,9.84634373166088
PL,Q,2020,20012.4,2038068.0,9.819299454188968
PL,Q,2021,24634.6,2276370.0,10.82187869283113
PL,Q,2022,24059.0,2312234.0,10.405088758317714
PL,Q,2023,24653.8,2332729.0,10.56865156647
PL,Q,2024,25662.4,2304012.0,11.138136433317188
PT,Q,2008,9467.0,662427.0,14.291386069710322
PT,Q,2009,9511.5,680893.0,13.96915521234614
PT,Q,2010,9782.0,680996.0,14.364254709278763
PT,Q,2011,9444.9,684065.0,13.807021262599314
PT,Q,2012,9351.4,681320.0,13.725415370163798
PT,Q,2013,9311.1,691855.0,13.458166812410115
PT,Q,2014,9195.7,707510.0,12.997272123362215
PT,Q,2015,9469.4,726996.0,13.02538115753044
PT,Q,2016,9686.6,749857.0,12.91792968525999
PT,Q,2017,10029.0,761754.0,13.165667656487528
PT,Q,2018,10358.8,783864.0,13.215047508241224
PT,Q,2019,10712.3,802160.0,13.3543183404807
PT,Q,2020,10141.4,773683.0,13.107952481830413
PT,Q,2021,11053.5,813424.0,13.588854029386887
PT,Q,2022,11787.8,849587.0,13.874741492042604
PT,Q,2023,12206.0,870757.0,14.017688057632611
PT,Q,2024,12361.7,878501.0,14.07135563875283
RO,Q,2008,3780.1,706229.0,5.352513136673799
RO,Q,2009,3042.7,710020.0,4.285372243035407
RO,Q,2010,4557.5,722757.0,6.30571547560245
RO,Q,2011,3535.7,717695.0,4.926465977887542
RO,Q,2012,3781.3,673744.0,5.612369089743286
RO,Q,2013,3233.7,665369.0,4.860010009483459
RO,Q,2014,4702.6,684727.0,6.867846601638318
RO,Q,2015,3432.8,719685.0,4.76986459353745
RO,Q,2016,2483.5,729244.0,3.4055816708810767
RO,Q,2017,3317.2,745782.0,4.447948596238579
RO,Q,2018,3447.3,749138.0,4.601688874412992
RO,Q,2019,3728.1,784732.0,4.75079390161227
RO,Q,2020,3759.8,767503.0,4.898743066802345
RO,Q,2021,3922.9,807006.0,4.861054316820445
RO,Q,2022,4053.0,815644.0,4.9690796474932695
RO,Q,2023,4042.4,746566.0,5.414658583434017
RO,Q,2024,4130.7,830024.0,4.976603086175821
RS,Q,2008,1556.7,248288.0,6.269735146281738
RS,Q,2009,1458.2,252390.0,5.777566464598439
RS,Q,2010,1859.7,252640.0,7.361067131095631
RS,Q,2011,1854.0,254055.0,7.297632402432544
RS,Q,2012,1886.6,254079.0,7.425249627084489
RS,Q,2013,1899.5,249110.0,7.625145518044238
RS,Q,2014,1924.6,249000.0,7.729317269076305
RS,Q,2015,1724.0,240467.0,7.169382909089397
RS,Q,2016,1703.8,237005.0,7.1888778717748565
RS,Q,2017,1515.2,237428.0,6.381724143740418
RS,Q,2018,1583.3,238803.0,6.630151212505706
RS,Q,2019,1549.3,237260.0,6.529967124673354
RS,Q,2020,1617.8,245052.0,6.601864094151445
RS,Q,2021,1626.2,247613.0,6.56750655256388
RS,Q,2022,1667.4,252691.0,6.5985729606515475
RS,Q,2023,1674.1,255293.0,6.55756327043828
RS,Q,2024,1676.1,258576.0,6.48204009652868
SE,Q,2008,33986.2,1119550.0,30.3570184449109
SE,Q,2009,34727.7,1127890.0,30.78997065316653
SE,Q,2010,35016.4,1136820.0,30.8020618919442
SE,Q,2011,35078.4,1164890.0,30.11305788529389
SE,Q,2012,34524.5,1175770.0,29.363310851612134
SE,Q,2013,34561.0,1191640.0,29.002886777885937
SE,Q,2014,34774.1,1222330.0,28.44902767665033
SE,Q,2015,35673.5,1268430.0,28.1241377135514
SE,Q,2016,37171.8,1334800.0,27.848216961342526
SE,Q,2017,36696.2,1335880.0,27.469682905650206
SE,Q,2018,36281.6,1353680.0,26.802198451628154
SE,Q,2019,35911.4,1327010.0,27.061891018153595
SE,Q,2020,33149.7,1318460.0,25.14274229024771
SE,Q,2021,34386.3,1360170.0,25.28088400714617
SE,Q,2022,33968.1,1356370.0,25.043387866142716
SE,Q,2023,34225.8,1362870.0,25.11303352484096
SE,Q,2024,35267.3,1368860.0,25.763993395964526
SI,Q,2008,1632.9,89982.0,18.14696272587851
SI,Q,2009,1627.4,92417.0,17.609314303645434
SI,Q,2010,1657.2,92447.0,17.925946758683352
SI,Q,2011,1673.2,93478.0,17.899398789019877
SI,Q,2012,1718.7,94342.0,18.217760912425007
SI,Q,2013,1703.4,94518.0,18.021964070335812
SI,Q,2014,1719.3,99831.0,17.22210535805511
SI,Q,2015,1750.5,101450.0,17.254805322819124
SI,Q,2016,1823.8,105072.0,17.357621440536015
SI,Q,2017,1871.1,105258.0,17.776321039730945
SI,Q,2018,1931.3,106817.0,18.080455358229493
SI,Q,2019,1976.9,109402.0,18.070053563920222
SI,Q,2020,2029.5,111365.0,18.22385848336551
SI,Q,2021,2181.7,120647.0,18.083334024053645
SI,Q,2022,2230.9,119540.0,18.662372427639284
SI,Q,2023,2264.7,125136.0,18.09790947449175
SI,Q,2024,2312.8,130155.0,17.769582420959626
SK,Q,2008,2135.9,202836.0,10.530182018970992
SK,Q,2009,1993.0,198752.0,10.02757204958944
SK,Q,2010,2019.6,202407.0,9.977915783545035
SK,Q,2011,1945.6,205001.0,9.490685411290675
SK,Q,2012,2053.1,207283.0,9.90481612095541
SK,Q,2013,2082.5,205637.0,10.127068572290007
SK,Q,2014,2155.8,215160.0,10.019520356943671
SK,Q,2015,2397.4,218380.0,10.978111548676619
SK,Q,2016,2589.8,223133.0,11.60653063419575
SK,Q,2017,2697.8,223736.0,12.057961168520043
SK,Q,2018,2651.9,222870.0,11.898864809081529
SK,Q,2019,2709.2,227987.0,11.88313368744709
SK,Q,2020,2928.3,222423.0,13.165455011397205
SK,Q,2021,3503.9,226414.0,15.475633132226807
SK,Q,2022,3738.7,232520.0,16.079046963702044
SK,Q,2023,4086.7,233773.0,17.481488452473126
SK,Q,2024,4033.4,242664.0,16.621336498203277
UK,Q,2008,116265.3,5030709.0,23.11111614684928
UK,Q,2009,120744.4,5179788.0,23.310683757713633
UK,Q,2010,126037.5,5346186.0,23.57521792171092
UK,Q,2011,128810.7,5452881.0,23.62250340691462
UK,Q,2012,133844.2,5576877.0,23.99984794357129
UK,Q,2013,137790.7,5777926.0,23.847778597372137
UK,Q,2014,141533.6,5840028.0,24.235089283818503
UK,Q,2015,144728.4,5879636.0,24.615197267313825
UK,Q,2016,146786.2,5901920.0,24.870923360533524
UK,Q,2017,148328.1,5971552.0,24.839120550235517
UK,Q,2018,149281.2,6028839.0,24.761185362554883
AT,R,2008,3146.6,94254.0,33.384259553971184
AT,R,2009,3082.7,96402.0,31.977552332939148
AT,R,2010,3130.4,94265.0,33.20850792977245
AT,R,2011,3166.9,96405.0,32.84995591514963
AT,R,2012,3151.3,98277.0,32.0654883645207
AT,R,2013,3130.3,98060.0,31.922292473995515
AT,R,2014,3162.6,96630.0,32.72896615957777
AT,R,2015,3146.3,96956.0,32.45080242584265
AT,R,2016,2951.3,99861.0,29.5540801714383
AT,R,2017,3013.0,100661.0,29.932148498425406
AT,R,2018,3033.9,103933.0,29.190921074153543
AT,R,2019,3049.6,108104.0,28.209871975135055
AT,R,2020,2051.4,80877.0,25.3644423012723
AT,R,2021,2277.5,93109.0,24.460578461802832
AT,R,2022,3100.9,101492.0,30.553147046072596
AT,R,2023,3188.2,102979.0,30.95971023218326
AT,R,2024,3277.6,101338.0,32.343247350450966
BE,R,2008,2286.0,65765.0,34.760130768645936
BE,R,2009,1827.1,57387.0,31.83822119992333
BE,R,2010,1711.1,56541.0,30.262994994782545
BE,R,2011,1798.0,58294.0,30.8436545785158
BE,R,2012,1930.4,59517.0,32.43443049884907
BE,R,2013,1953.3,59607.0,32.76964114952942
BE,R,2014,1996.8,59595.0,33.50616662471684
BE,R,2015,2080.9,63816.0,32.60780995361665
BE,R,2016,2058.6,67960.0,30.291347851677457
BE,R,2017,2067.8,71070.0,29.09525819614465
BE,R,2018,2190.7,74479.0,29.41366022637253
BE,R,2019,2318.4,77858.0,29.777286855557556
BE,R,2020,1483.9,58836.0,25.22095315793052
BE,R,2021,1821.4,67577.0,26.952957367151548
BE,R,2022,2525.4,84560.0,29.865184484389786
BE,R,2023,2711.8,88059.0,30.79526226734349
BE,R,2024,2735.5,90855.0,30.108414506631444
BG,R,2008,435.8,65744.0,6.628741786322706
BG,R,2009,409.7,67661.0,6.055186887571866
BG,R,2010,358.0,71858.0,4.982047927857719
BG,R,2011,407.4,68172.0,5.976060552719591
BG,R,2012,388.4,65867.0,5.896731291845689
BG,R,2013,378.2,68994.0,5.481636084297185
BG,R,2014,364.5,71715.0,5.082618699016942
BG,R,2015,406.3,71813.0,5.6577499895562084
BG,R,2016,411.6,73223.0,5.621184600467066
BG,R,2017,435.2,76336.0,5.701110878222595
BG,R,2018,435.8,76491.0,5.697402308768352
BG,R,2019,468.5,77444.0,6.049532565466659
BG,R,2020,328.1,71610.0,4.581762323697808
BG,R,2021,291.2,72825.0,3.998626845176794
BG,R,2022,342.8,76540.0,4.478703945649333
BG,R,2023,369.0,81556.0,4.524498504095345
BG,R,2024,407.2,85209.0,4.778837916182563
CH,R,2008,4188.7,85451.0,49.01873588372283
CH,R,2009,3208.6,87522.0,36.66049678937867
CH,R,2010,3411.0,98652.0,34.57608563435105
CH,R,2011,2956.5,99399.0,29.74375999758549
CH,R,2012,4261.1,103112.0,41.32496702614633
CH,R,2013,2739.9,104159.0,26.304976046237005
CH,R,2014,3680.4,105857.0,34.767658255949065
CH,R,2015,2367.3,112449.0,21.05221033535203
CH,R,2016,4046.0,118557.0,34.1270443752794
CH,R,2017,2897.3,119297.0,24.286444755526126
CH,R,2018,4282.0,127673.0,33.53880616888457
CH,R,2019,3007.4,130195.0,23.09919735780944
CH,R,2020,1969.6,115025.0,17.123234079547924
CH,R,2021,3383.6,119523.0,28.309195719652283
CH,R,2022,4761.6,129668.0,36.72147330104575
CH,R,2023,2621.7,130510.0,20.088115853191322
CY,R,2008,252.9,11086.0,22.812556377412953
CY,R,2009,258.2,10298.0,25.07282967566518
CY,R,2010,293.9,10298.0,28.539522237327635
CY,R,2011,340.0,10635.0,31.969910672308416
CY,R,2012,341.2,10545.0,32.3565670934092
CY,R,2013,271.4,9704.0,27.967848309975263
CY,R,2014,270.4,10052.0,26.900119379228013
CY,R,2015,275.7,10527.0,26.189797663151897
CY,R,2016,288.7,11573.0,24.945994988334917
CY,R,2017,304.9,12562.0,24.271612800509473
CY,R,2018,326.3,15395.0,21.19519324455992
CY,R,2019,359.7,16867.0,21.325665500681804
CY,R,2020,256.7,14056.0,18.262663631189525
CY,R,2021,317.0,16039.0,19.76432445913087
CY,R,2022,382.4,16793.0,22.7713928422557
CY,R,2023,365.5,17247.0,21.1920913782107
CY,R,2024,387.5,18185.0,21.30877096508111
CZ,R,2008,1716.0,116950.0,14.672937152629329
CZ,R,2009,1595.5,120866.0,13.200569225423196
CZ,R,2010,1521.0,125573.0,12.112476408145064
CZ,R,2011,1616.8,126139.0,12.817605974361618
CZ,R,2012,1586.7,122449.0,12.95804784032536
CZ,R,2013,1613.4,120690.0,13.368133233905047
CZ,R,2014,1639.5,121721.0,13.469327396258658
CZ,R,2015,1846.0,125564.0,14.701666082635152
CZ,R,2016,2023.9,133196.0,15.194900747770204
CZ,R,2017,2122.0,136806.0,15.511015598731051
CZ,R,2018,2276.2,139768.0,16.28555892622059
CZ,R,2019,2683.2,142690.0,18.804401149344734
CZ,R,2020,2364.4,113577.0,20.817595111686344
CZ,R,2021,2596.7,127414.0,20.380021033795344
CZ,R,2022,3114.0,134644.0,23.127655149876713
CZ,R,2023,3174.2,137846.0,23.02714623565428
CZ,R,2024,3360.9,140482.0,23.924061445594454
DE,R,2008,27944.0,892060.0,31.325247180682915
DE,R,2009,27692.1,890666.0,31.091452912764154
DE,R,2010,27284.0,909697.0,29.99240406421039
DE,R,2011,27909.0,915383.0,30.488877333312942
DE,R,2012,28053.6,914881.0,30.663660082568114
DE,R,2013,27055.4,918095.0,29.46906365898954
DE,R,2014,27001.8,929395.0,29.053093679221426
DE,R,2015,27843.7,934839.0,29.784486954438144
DE,R,2016,27801.7,933969.0,29.767262082574476
DE,R,2017,28550.4,939855.0,30.37745184097547
DE,R,2018,29051.8,942519.0,30.82356960443238
DE,R,2019,29903.0,963794.0,31.026339653494418
DE,R,2020,23321.7,828761.0,28.140440971522548
DE,R,2021,22465.7,809660.0,27.747079020823556
DE,R,2022,29054.1,901718.0,32.22082735400647
DE,R,2023,30516.4,902000.0,33.8319290465632
DE,R,2024,30558.4,895787.0,34.11346670581288
DK,R,2008,3442.7,64265.0,53.57037267563992
DK,R,2009,3275.5,63475.0,51.60299330445057
DK,R,2010,3189.3,63359.0,50.33696870215755
DK,R,2011,3126.6,63303.0,49.39102412207952
DK,R,2012,3249.2,63964.0,50.79732349446564
DK,R,2013,3412.0,63004.0,54.155291727509365
DK,R,2014,3306.4,64756.0,51.059361294706285
DK,R,2015,3298.2,65470.0,50.37727203299221
DK,R,2016,3337.9,66646.0,50.084026048074904
DK,R,2017,3442.4,68025.0,50.60492466005145
DK,R,2018,3371.5,69248.0,48.68732670979668
DK,R,2019,3380.7,70749.0,47.78442098121528
DK,R,2020,2790.2,61664.0,45.24844317592112
DK,R,2021,2861.6,68560.0,41.73862310385064
DK,R,2022,3320.0,76247.0,43.542696761839814
DK,R,2023,3749.2,78193.0,47.948026038136405
DK,R,2024,3819.6,79763.0,47.88686483707985
EA,R,2008,108180.4,3641313.0,29.70917358656067
EA,R,2009,109083.9,3646082.0,29.918114842178536
EA,R,2010,109208.8,3734234.0,29.245301713818687
EA,R,2011,111015.6,3754003.0,29.572592243533105
EA,R,2012,108983.9,3740679.0,29.134790769269426
EA,R,2013,108020.7,3738017.0,28.897862155255044
EA,R,2014,109762.4,3834448.0,28.625345812487218
EA,R,2015,114492.0,3947172.0,29.006083342707132
EA,R,2016,116284.6,4039017.0,28.790322001615742
EA,R,2017,120484.9,4111699.0,29.302947516343
EA,R,2018,123807.7,4147616.0,29.8503284778533
EA,R,2019,127211.0,4241162.0,29.99437418330165
EA,R,2020,88922.5,3404423.0,26.11969781663442
EA,R,2021,93265.1,3677393.0,25.361744039867375
EA,R,2022,124682.4,4230930.0,29.4692656224518
EA,R,2023,131946.6,4358179.0,30.275626586241643
EA,R,2024,135333.5,4452312.0,30.39623009348851
EA12,R,2008,106900.9,3600501.0,29.69056250782877
EA12,R,2009,106508.7,3561062.0,29.909251790617517
EA12,R,2010,106571.6,3648951.0,29.206092381070615
EA12,R,2011,108024.3,3643664.0,29.647162855850596
EA12,R,2012,105796.3,3626149.0,29.175938440477765
EA12,R,2013,104843.9,3619582.0,28.965747978633996
EA12,R,2014,105969.8,3675373.0,28.83239333803671
EA12,R,2015,110055.5,3730401.0,29.502324280955317
EA12,R,2016,112077.4,3812670.0,29.39604004542748
EA12,R,2017,115964.2,3883936.0,29.857392088850073
EA12,R,2018,118948.2,3912405.0,30.402834062424517
EA12,R,2019,121936.3,4006547.0,30.434261722126312
EA12,R,2020,84278.9,3198275.0,26.35136128069037
EA12,R,2021,88002.5,3467531.0,25.37900886826967
EA12,R,2022,119837.6,4002804.0,29.938413172366175
EA12,R,2023,126126.1,4058930.0,31.073731254296085
EA12,R,2024,129292.8,4137985.0,31.245352508527702
EA19,R,2008,109978.1,3794314.0,28.984975940314904
EA19,R,2009,109775.1,3752304.0,29.255385491154236
EA19,R,2010,109889.7,3831376.0,28.681523296069088
EA19,R,2011,111521.3,3826619.0,29.143559889291303
EA19,R,2012,109548.7,3817821.0,28.69403777704612
EA19,R,2013,108637.6,3823428.0,28.413664387036974
EA19,R,2014,110041.5,3884991.0,28.324776041952223
EA19,R,2015,114492.0,3947172.0,29.006083342707132
EA19,R,2016,116284.6,4039017.0,28.790322001615742
EA19,R,2017,120484.9,4111699.0,29.302947516343
EA19,R,2018,123807.7,4147616.0,29.8503284778533
EA19,R,2019,127211.0,4241162.0,29.99437418330165
EA19,R,2020,88922.5,3404423.0,26.11969781663442
EA19,R,2021,93265.1,3677393.0,25.361744039867375
EA19,R,2022,124682.4,4230930.0,29.4692656224518
EA19,R,2023,131102.2,4296919.0,30.510745024516407
EA19,R,2024,134460.8,4384344.0,30.66839645794217
EA20,R,2008,110530.1,3847886.0,28.724889458783345
EA20,R,2009,110316.7,3809752.0,28.956399261684222
EA20,R,2010,110497.4,3886594.0,28.430394324696636
EA20,R,2011,112141.8,3878577.0,28.91312973804568
EA20,R,2012,110160.8,3872485.0,28.44705660577123
EA20,R,2013,109255.9,3875441.0,28.191862551900545
EA20,R,2014,110655.9,3934897.0,28.121676374248167
EA20,R,2015,115096.3,3996280.0,28.80085979961364
EA20,R,2016,116937.9,4091581.0,28.58012587310382
EA20,R,2017,121174.8,4174786.0,29.025391960210655
EA20,R,2018,124519.6,4213003.0,29.556019779715328
EA20,R,2019,127988.7,4295279.0,29.79752886832264
EA20,R,2020,89583.8,3459173.0,25.89746161871638
EA20,R,2021,93918.5,3737175.0,25.13088094616923
EA20,R,2022,125429.6,4286207.0,29.263542334749584
EA20,R,2023,131946.6,4358179.0,30.275626586241643
EA20,R,2024,135333.5,4452312.0,30.39623009348851
EE,R,2008,215.4,30230.0,7.125372146873967
EE,R,2009,180.7,27186.0,6.646803501802398
EE,R,2010,176.0,24966.0,7.049587438916927
EE,R,2011,182.2,24945.0,7.304068951693726
EE,R,2012,197.9,26698.0,7.412540265188404
EE,R,2013,206.2,28468.0,7.24322045805817
EE,R,2014,215.1,28027.0,7.674742212866165
EE,R,2015,218.9,28197.0,7.763237223818137
EE,R,2016,225.4,28104.0,8.020210646171364
EE,R,2017,244.8,30415.0,8.048660200558935
EE,R,2018,257.1,31803.0,8.084143005376852
EE,R,2019,259.3,30814.0,8.41500616602843
EE,R,2020,240.6,28496.0,8.44329028635598
EE,R,2021,256.7,26125.0,9.825837320574161
EE,R,2022,308.6,27564.0,11.195762588884053
EE,R,2023,294.7,29828.0,9.879978543650262
EE,R,2024,311.4,30564.0,10.188457008244994
EL,R,2008,3240.2,125080.0,25.905020786696515
EL,R,2009,3618.3,116225.0,31.131856313185633
EL,R,2010,2414.4,109047.0,22.14091171696608
EL,R,2011,2382.8,99301.0,23.99573015377489
EL,R,2012,2286.5,121429.0,18.82993354141103
EL,R,2013,2407.8,119769.0,20.10369962177191
EL,R,2014,2427.7,140422.0,17.28860150118927
EL,R,2015,2518.3,131606.0,19.13514581402064
EL,R,2016,2402.1,122831.0,19.55613810845796
EL,R,2017,2665.4,130571.0,20.41341492368137
EL,R,2018,2929.0,139860.0,20.942370942370943
EL,R,2019,2939.3,153945.0,19.093182630160122
EL,R,2020,1976.0,100021.0,19.75585127123304
EL,R,2021,2266.6,131683.0,17.212548316791082
EL,R,2022,2734.6,149384.0,18.305842660525894
EL,R,2023,3044.1,147270.0,20.670197596251782
EL,R,2024,3109.5,155883.0,19.947653047477917
ES,R,2008,18410.2,586176.0,31.407290643083307
ES,R,2009,18733.9,592763.0,31.60436801892156
ES,R,2010,19100.0,605000.0,31.5702479338843
ES,R,2011,19356.1,592927.0,32.64499677026008
ES,R,2012,18648.2,574212.0,32.47615863130691
ES,R,2013,19581.0,576802.0,33.94752445379871
ES,R,2014,19681.9,581930.0,33.82176550444212
ES,R,2015,21958.9,629145.0,34.902764863425766
ES,R,2016,22148.5,659843.0,33.56631804838424
ES,R,2017,23748.9,672472.0,35.31581984082609
ES,R,2018,24498.2,665696.0,36.800882084314765
ES,R,2019,23852.8,704709.0,33.84773005595217
ES,R,2020,16205.8,565108.0,28.67735017023295
ES,R,2021,16852.2,619538.0,27.201237050834656
ES,R,2022,20722.6,762798.0,27.166563100584952
ES,R,2023,21347.8,733241.0,29.11430211894861
ES,R,2024,22445.0,743587.0,30.1847665437938
EU27_2020,R,2008,126133.1,4805731.0,26.246392068136984
EU27_2020,R,2009,126266.8,4757170.0,26.542419127338313
EU27_2020,R,2010,125632.0,4839640.0,25.958955624798538
EU27_2020,R,2011,128105.1,4835100.0,26.494819135074767
EU27_2020,R,2012,125575.5,4825755.0,26.021938536042544
EU27_2020,R,2013,124754.5,4843334.0,25.75797993696078
EU27_2020,R,2014,126012.8,4956882.0,25.4217873251774
EU27_2020,R,2015,130958.7,5033389.0,26.01799701950316
EU27_2020,R,2016,133404.7,5167194.0,25.81762945227139
EU27_2020,R,2017,138377.2,5277450.0,26.220466323698002
EU27_2020,R,2018,142319.1,5338960.0,26.65670842261414
EU27_2020,R,2019,147122.1,5431636.0,27.086148629989196
EU27_2020,R,2020,105593.4,4491653.0,23.50880622345493
EU27_2020,R,2021,110566.0,4854582.0,22.77559633352573
EU27_2020,R,2022,144992.4,5430377.0,26.700245673550842
EU27_2020,R,2023,153079.2,5534681.0,27.65817939642773
EU27_2020,R,2024,157610.6,5619875.0,28.0452145287929
FI,R,2008,2114.7,58500.0,36.14871794871795
FI,R,2009,2076.6,59900.0,34.6677796327212
FI,R,2010,2089.0,62000.0,33.693548387096776
FI,R,2011,2153.7,64300.0,33.494556765163296
FI,R,2012,2040.1,64500.0,31.629457364341086
FI,R,2013,1975.4,64600.0,30.57894736842105
FI,R,2014,1889.1,65200.0,28.973926380368095
FI,R,2015,1944.7,67600.0,28.76775147928994
FI,R,2016,2023.5,68400.0,29.583333333333332
FI,R,2017,2106.4,69700.0,30.220946915351508
FI,R,2018,2210.9,71200.0,31.051966292134836
FI,R,2019,2295.5,72800.0,31.53159340659341
FI,R,2020,2029.3,67000.0,30.288059701492536
FI,R,2021,2085.7,68800.0,30.315406976744185
FI,R,2022,2306.3,74000.0,31.166216216216217
FI,R,2023,2475.5,77700.0,31.859716859716855
FI,R,2024,2445.6,76700.0,31.885267275097778
FR,R,2008,22683.0,722716.0,31.38577255796191
FR,R,2009,22960.4,727923.0,31.542347198810862
FR,R,2010,23605.1,751909.0,31.39355959298266
FR,R,2011,23647.3,757678.0,31.21022386818675
FR,R,2012,23501.6,755624.0,31.10224132637396
FR,R,2013,23891.6,765190.0,31.22309491760216
FR,R,2014,24200.6,778621.0,31.08136050787225
FR,R,2015,24505.7,790471.0,31.001390310333967
FR,R,2016,24577.2,787961.0,31.190883812777535
FR,R,2017,25208.9,792688.0,31.80179339159922
FR,R,2018,26262.1,796116.0,32.98778067517799
FR,R,2019,27263.7,795346.0,34.27904333459903
FR,R,2020,15578.7,651840.0,23.899576583210603
FR,R,2021,18091.8,738046.0,24.513106229151028
FR,R,2022,27632.8,850984.0,32.4715858347513
FR,R,2023,28735.9,883669.0,32.518850384023885
FR,R,2024,30513.9,910753.0,33.50403457358911
HR,R,2008,553.2,53338.0,10.371592485657507
HR,R,2009,542.9,57196.0,9.49192251206378
HR,R,2010,607.7,54977.0,11.053713371046074
HR,R,2011,620.6,51730.0,11.996907017204718
HR,R,2012,612.0,54664.0,11.195668081369822
HR,R,2013,618.4,52013.0,11.889335358468076
HR,R,2014,614.6,49907.0,12.314905724647847
HR,R,2015,604.3,49108.0,12.305530667101083
HR,R,2016,654.6,52564.0,12.453390152956397
HR,R,2017,690.8,63087.0,10.94995799451551
HR,R,2018,712.8,65386.0,10.901416205303887
HR,R,2019,774.0,54117.0,14.302344919341428
HR,R,2020,646.6,54751.0,11.8098299574437
HR,R,2021,636.5,59782.0,10.647017496905423
HR,R,2022,727.5,55278.0,13.16075111255834
HR,R,2023,816.8,61261.0,13.333115685346304
HR,R,2024,842.7,67968.0,12.39848163841808
HU,R,2008,1017.5,114883.0,8.85683695585944
HU,R,2009,922.4,103308.0,8.92864056994618
HU,R,2010,1008.2,107855.0,9.347735385471234
HU,R,2011,1013.2,107228.0,9.449024508523893
HU,R,2012,1024.5,97009.0,10.560875795029327
HU,R,2013,1122.6,105579.0,10.632796294717698
HU,R,2014,1194.9,118564.0,10.078101278634325
HU,R,2015,1299.1,129401.0,10.039335090146134
HU,R,2016,1350.1,133071.0,10.145711687745639
HU,R,2017,1511.5,135436.0,11.160252813136832
HU,R,2018,1611.5,140342.0,11.482663778483989
HU,R,2019,1817.6,145124.0,12.524461839530332
HU,R,2020,1630.4,132104.0,12.341791315932902
HU,R,2021,1793.0,141738.0,12.6501008903752
HU,R,2022,2042.1,153055.0,13.342262585345138
HU,R,2023,2054.4,149725.0,13.721155451661378
HU,R,2024,2146.1,159310.0,13.471219634674533
IE,R,2008,2354.8,81854.0,28.76829476873458
IE,R,2009,2325.8,70989.0,32.76282240910564
IE,R,2010,2327.9,69005.0,33.73523657705964
IE,R,2011,2212.6,70508.0,31.38083621716684
IE,R,2012,2312.5,68639.0,33.69075889800259
IE,R,2013,2352.4,71436.0,32.930175261772774
IE,R,2014,2511.5,72272.0,34.750664157626744
IE,R,2015,2784.3,75571.0,36.8434981672864
IE,R,2016,3377.6,88608.0,38.118454315637415
IE,R,2017,3417.1,83285.0,41.028996818154525
IE,R,2018,3506.0,84143.0,41.667161855412814
IE,R,2019,3500.0,80763.0,43.33667644837364
IE,R,2020,2756.3,51164.0,53.871863028692054
IE,R,2021,2994.8,60738.0,49.30685896802661
IE,R,2022,3898.5,76605.0,50.8909340121402
IE,R,2023,3933.7,85888.0,45.80034463487332
IE,R,2024,3533.5,87107.0,40.56505217720734
IS,R,2008,121.7,5957.0,20.42974651670304
IS,R,2009,124.3,5882.0,21.132267936076165
IS,R,2010,129.0,5882.0,21.931315878952738
IS,R,2011,133.1,5996.0,22.198132088058706
IS,R,2012,134.8,5986.0,22.5192114934848
IS,R,2013,142.2,6056.0,23.480845442536328
IS,R,2014,142.9,6152.0,23.228218465539666
IS,R,2015,146.8,6208.0,23.64690721649485
IS,R,2016,148.6,6276.0,23.677501593371574
IS,R,2017,151.7,6383.0,23.76625411248629
IS,R,2018,157.8,6670.0,23.65817091454273
IS,R,2019,164.1,6934.0,23.6659936544563
IS,R,2020,150.3,6363.0,23.62093352192362
IS,R,2021,162.6,6703.0,24.257795017156496
IS,R,2022,173.3,7115.0,24.356992269852427
IS,R,2023,170.9,7183.0,23.792287345120425
IT,R,2008,16253.4,647079.0,25.118107680824135
IT,R,2009,15854.8,616661.0,25.710722747182
IT,R,2010,16554.3,648659.0,25.520805230483194
IT,R,2011,16958.0,646685.0,26.22296790554907
IT,R,2012,15584.1,628413.0,24.799136873361945
IT,R,2013,14530.4,602855.0,24.102644914614622
IT,R,2014,15068.2,599471.0,25.135828088431303
IT,R,2015,15201.4,591226.0,25.711656794525275
IT,R,2016,16652.5,610859.0,27.260791770277592
IT,R,2017,16860.2,628198.0,26.83899025466493
IT,R,2018,16860.1,626192.0,26.92480900426706
IT,R,2019,17823.6,623101.0,28.604672436731764
IT,R,2020,12790.3,441589.0,28.964263149670845
IT,R,2021,12290.3,498326.0,24.66317230086329
IT,R,2022,16506.5,562467.0,29.346610556708217
IT,R,2023,17850.8,573265.0,31.138827592823564
IT,R,2024,17735.8,599164.0,29.6009106021056
LT,R,2008,259.7,39781.0,6.528242125637868
LT,R,2009,240.9,43634.0,5.520924050052711
LT,R,2010,214.7,38363.0,5.596538331204545
LT,R,2011,214.4,38567.0,5.559156792076128
LT,R,2012,224.8,42251.0,5.320584128186315
LT,R,2013,248.9,46896.0,5.307488911634255
LT,R,2014,277.7,50542.0,5.494440267500297
LT,R,2015,291.9,50895.0,5.7353374594753905
LT,R,2016,301.0,53630.0,5.612530300205109
LT,R,2017,308.2,51176.0,6.02235422854463
LT,R,2018,308.9,51609.0,5.985390145129725
LT,R,2019,313.1,45655.0,6.8579564122221015
LT,R,2020,265.1,41860.0,6.333014811275682
LT,R,2021,277.2,47123.0,5.882477770939881
LT,R,2022,331.0,52460.0,6.309569195577583
LT,R,2023,348.1,52604.0,6.6173675005703
LT,R,2024,359.5,60353.0,5.956621874637549
LU,R,2008,237.3,4599.0,51.59817351598174
LU,R,2009,253.6,4705.0,53.900106269925615
LU,R,2010,261.8,4731.0,55.33713802578736
LU,R,2011,264.1,5016.0,52.651515151515156
LU,R,2012,270.7,5190.0,52.15799614643545
LU,R,2013,283.2,5294.0,53.49452210049112
LU,R,2014,279.4,5630.0,49.62699822380106
LU,R,2015,288.0,5737.0,50.20045319853582
LU,R,2016,280.6,5862.0,47.8676219720232
LU,R,2017,290.0,6036.0,48.04506295559974
LU,R,2018,285.3,6358.0,44.87260144699591
LU,R,2019,308.8,6566.0,47.03015534572038
LU,R,2020,295.1,5936.0,49.71361185983828
LU,R,2021,316.2,6671.0,47.399190526157994
LU,R,2022,343.2,7562.0,45.38481883099709
LU,R,2023,350.0,7955.0,43.99748585795098
LU,R,2024,356.1,8675.0,41.04899135446686
LV,R,2008,435.7,39683.0,10.979512637653402
LV,R,2009,269.8,37420.0,7.21004810261892
LV,R,2010,290.1,33392.0,8.687709631049353
LV,R,2011,291.3,34049.0,8.555317336779348
LV,R,2012,338.6,34891.0,9.704508325929323
LV,R,2013,364.7,38515.0,9.469038037128392
LV,R,2014,337.3,35130.0,9.601480216339311
LV,R,2015,365.2,37215.0,9.813247346500066
LV,R,2016,384.0,40074.0,9.582272795328642
LV,R,2017,404.2,38298.0,10.554075930858009
LV,R,2018,428.8,38848.0,11.037891268533773
LV,R,2019,437.0,38798.0,11.263467189030361
LV,R,2020,289.5,32783.0,8.830796449379251
LV,R,2021,297.7,32290.0,9.219572623103128
LV,R,2022,403.7,34301.0,11.769336170957114
LV,R,2023,399.0,36101.0,11.052325420348467
LV,R,2024,421.5,34353.0,12.269670771111693
MT,R,2008,515.9,7321.0,70.46851523015982
MT,R,2009,501.1,7677.0,65.2728930571838
MT,R,2010,461.4,8190.0,56.336996336996336
MT,R,2011,445.0,8156.0,54.561059342815106
MT,R,2012,456.0,9171.0,49.7219496238142
MT,R,2013,514.0,9504.0,54.08249158249158
MT,R,2014,707.5,10001.0,70.74292570742925
MT,R,2015,721.6,10999.0,65.60596417856169
MT,R,2016,643.3,13284.0,48.42667871123155
MT,R,2017,861.1,14922.0,57.70674172362954
MT,R,2018,961.3,18278.0,52.59328154064996
MT,R,2019,779.7,20062.0,38.86451998803709
MT,R,2020,1179.3,19700.0,59.86294416243654
MT,R,2021,1081.8,20777.0,52.067189680897144
MT,R,2022,867.6,21067.0,41.1828926757488
MT,R,2023,911.6,21611.0,42.18222201656564
MT,R,2024,902.8,21423.0,42.141623488773746
NL,R,2008,7130.4,241131.0,29.570648319792976
NL,R,2009,6900.9,247451.0,27.887945492238867
NL,R,2010,6838.0,249807.0,27.373132057948737
NL,R,2011,6949.0,253771.0,27.382955499249324
NL,R,2012,6814.8,253862.0,26.84450607022713
NL,R,2013,6576.6,257708.0,25.519580300184707
NL,R,2014,6584.8,259628.0,25.362441647279955
NL,R,2015,6710.3,252468.0,26.57881394869845
NL,R,2016,6856.0,267408.0,25.638724346317236
NL,R,2017,7012.4,279574.0,25.08244686558836
NL,R,2018,7184.1,285636.0,25.151241440154607
NL,R,2019,7459.0,298236.0,25.010394452715296
NL,R,2020,4803.1,240897.0,19.938396908222188
NL,R,2021,4757.3,261445.0,18.196178928646564
NL,R,2022,7305.4,303522.0,24.06876602025553
NL,R,2023,7991.4,316367.0,25.259903845849916
NL,R,2024,8296.6,326072.0,25.44407370151378
NO,R,2008,3091.6,57300.0,53.95462478184991
NO,R,2009,2947.7,60910.0,48.39435232309965
NO,R,2010,2949.7,61180.0,48.213468453743054
NO,R,2011,2930.7,61110.0,47.95778105056455
NO,R,2012,2907.0,61250.0,47.46122448979592
NO,R,2013,2949.1,59620.0,49.464944649446494
NO,R,2014,3112.2,61070.0,50.96119207466841
NO,R,2015,3180.9,61750.0,51.51255060728745
NO,R,2016,2864.9,64642.0,44.31948268927323
NO,R,2017,2821.8,67078.0,42.067443871314
NO,R,2018,2909.1,70756.0,41.11453445644186
NO,R,2019,2972.0,72307.0,41.102521194351866
NO,R,2020,2206.0,66295.0,33.27551097367826
NO,R,2021,2504.9,70964.0,35.298179358548
NO,R,2022,2979.7,77714.0,38.34186890392979
NO,R,2023,3147.6,78263.0,40.21823850350741
NO,R,2024,3210.8,77672.0,41.33793387578535
PL,R,2008,2971.3,376574.0,7.890348244966461
PL,R,2009,3049.8,375517.0,8.121603016641059
PL,R,2010,2892.1,364078.0,7.9436274644444325
PL,R,2011,2933.0,355474.0,8.250955062817534
PL,R,2012,2765.5,357395.0,7.7379370164663746
PL,R,2013,2455.0,375120.0,6.544572403497547
PL,R,2014,2457.2,390294.0,6.295766780939497
PL,R,2015,2622.5,394434.0,6.6487676011702845
PL,R,2016,2827.3,405688.0,6.969148705409083
PL,R,2017,2710.5,413440.0,6.555969427244582
PL,R,2018,3020.7,426307.0,7.085738681278984
PL,R,2019,3019.0,412010.0,7.327492051163806
PL,R,2020,3068.1,393910.0,7.788835013074053
PL,R,2021,3148.4,439732.0,7.159815524000982
PL,R,2022,3276.3,432556.0,7.574279399661547
PL,R,2023,3754.1,446738.0,8.403359463488666
PL,R,2024,4071.6,435960.0,9.339388934764656
PT,R,2008,1200.2,81286.0,14.76515021036833
PT,R,2009,1198.7,79990.0,14.985623202900364
PT,R,2010,1258.8,88289.0,14.257721799997734
PT,R,2011,1234.2,83396.0,14.79927094824692
PT,R,2012,1167.4,81605.0,14.305495986765518
PT,R,2013,1120.4,80168.0,13.975651132621495
PT,R,2014,1203.1,86579.0,13.895979394541401
PT,R,2015,1325.5,90965.0,14.57153850382015
PT,R,2016,1349.2,99109.0,13.61329445358141
PT,R,2017,1517.9,109826.0,13.820953144064248
PT,R,2018,1532.7,116274.0,13.181794726250066
PT,R,2019,1619.3,121323.0,13.347015817281143
PT,R,2020,1173.8,106245.0,11.048049319967998
PT,R,2021,1323.5,111938.0,11.823509442727223
PT,R,2022,1880.0,127711.0,14.720736663247488
PT,R,2023,2025.7,140537.0,14.41399773725069
PT,R,2024,2261.7,142066.0,15.920065321751862
RO,R,2008,1801.2,87857.0,20.50149675040122
RO,R,2009,3011.0,84689.0,35.553613810530294
RO,R,2010,1997.8,85701.0,23.3112799150535
RO,R,2011,2607.9,97329.0,26.794686064790557
RO,R,2012,2089.8,102192.0,20.44974166275247
RO,R,2013,2056.1,98493.0,20.875595219964868
RO,R,2014,2007.4,99559.0,20.162918470454706
RO,R,2015,1933.4,101488.0,19.05052814125808
RO,R,2016,1901.2,106772.0,17.806166410669466
RO,R,2017,2175.0,112432.0,19.345026327024335
RO,R,2018,2322.0,111012.0,20.916657658631497
RO,R,2019,2630.9,124334.0,21.15994016117876
RO,R,2020,1822.6,108496.0,16.798775991741632
RO,R,2021,1931.5,113590.0,17.004137688176776
RO,R,2022,2202.7,118801.0,18.54108972146699
RO,R,2023,2452.8,117392.0,20.894098405342785
RO,R,2024,2650.9,102568.0,25.845292878870605
RS,R,2008,375.6,53023.0,7.083718386360636
RS,R,2009,425.6,56735.0,7.501542257865515
RS,R,2010,423.7,57596.0,7.3564136398360995
RS,R,2011,432.4,59120.0,7.313937753721245
RS,R,2012,425.8,59943.0,7.103414910831957
RS,R,2013,405.9,61583.0,6.591104687982073
RS,R,2014,392.1,60317.0,6.500654873418771
RS,R,2015,388.8,65553.0,5.93107866916846
RS,R,2016,407.3,67165.0,6.064170326807117
RS,R,2017,416.8,70309.0,5.928117310728356
RS,R,2018,445.0,73427.0,6.060440982200008
RS,R,2019,476.3,75306.0,6.324861232836692
RS,R,2020,401.7,71995.0,5.579554135703868
RS,R,2021,497.4,74105.0,6.712097699210579
RS,R,2022,616.8,83519.0,7.38514589494606
RS,R,2023,623.4,84733.0,7.357227998536579
RS,R,2024,692.2,88111.0,7.8559998184108695
SE,R,2008,4178.0,152370.0,27.42009581938702
SE,R,2009,4151.9,149890.0,27.6996464073654
SE,R,2010,4209.2,154790.0,27.192971122165513
SE,R,2011,4303.8,158720.0,27.115675403225808
SE,R,2012,4299.1,160650.0,26.76065981948335
SE,R,2013,4428.1,156520.0,28.2909532328137
SE,R,2014,4374.1,178380.0,24.52124677654446
SE,R,2015,4490.0,165530.0,27.124992448498762
SE,R,2016,4681.2,175020.0,26.746657524854303
SE,R,2017,4819.2,179040.0,26.916890080428953
SE,R,2018,4775.5,181360.0,26.331605646228496
SE,R,2019,5137.7,183160.0,28.050338501856302
SE,R,2020,4095.0,168000.0,24.375
SE,R,2021,4193.2,171130.0,24.503009408052357
SE,R,2022,5511.2,168650.0,32.678327898013634
SE,R,2023,5678.6,182580.0,31.101982692518348
SE,R,2024,5799.0,182050.0,31.85388629497391
SI,R,2008,519.8,22405.0,23.20017853157777
SI,R,2009,495.2,23089.0,21.447442505089004
SI,R,2010,502.7,23404.0,21.479234318919843
SI,R,2011,500.5,22528.0,22.216796875
SI,R,2012,488.1,22275.0,21.912457912457914
SI,R,2013,488.9,25258.0,19.356243566394806
SI,R,2014,479.4,26977.0,17.770693553768027
SI,R,2015,467.7,28185.0,16.593932943054817
SI,R,2016,497.1,28480.0,17.45435393258427
SI,R,2017,502.1,29050.0,17.28399311531842
SI,R,2018,502.4,29895.0,16.80548586720187
SI,R,2019,512.6,30674.0,16.71122122970594
SI,R,2020,406.2,26198.0,15.505000381708527
SI,R,2021,430.0,27837.0,15.447066853468407
SI,R,2022,536.8,30848.0,17.401452282157674
SI,R,2023,537.3,31327.0,17.151339100456475
SI,R,2024,524.0,33218.0,15.77458004696249
SK,R,2008,866.0,42394.0,20.427418974383166
SK,R,2009,1328.2,43955.0,30.21726766010693
SK,R,2010,1379.2,43392.0,31.784660766961654
SK,R,2011,1523.7,45224.0,33.69228728108969
SK,R,2012,1702.9,46032.0,36.993830378866875
SK,R,2013,1691.2,44605.0,37.91503194709114
SK,R,2014,1757.6,49657.0,35.3948083855247
SK,R,2015,2061.9,50478.0,40.847497919885896
SK,R,2016,1876.0,50537.0,37.12131705483111
SK,R,2017,1840.1,50788.0,36.230999448688664
SK,R,2018,1980.5,51080.0,38.77251370399373
SK,R,2019,2562.4,50936.0,50.30626668760798
SK,R,2020,1694.6,43001.0,39.40838585149183
SK,R,2021,2533.0,39754.0,63.71685868088746
SK,R,2022,1479.2,45757.0,32.32729418449636
SK,R,2023,1582.5,48332.0,32.7422825457254
SK,R,2024,1729.7,48948.0,35.337501021492194
UK,R,2008,24520.4,1105392.0,22.182537959384547
UK,R,2009,22980.2,1048851.0,21.90988043106218
UK,R,2010,23415.8,1050891.0,22.281854159946178
UK,R,2011,23950.7,1071838.0,22.345447726242213
UK,R,2012,25134.3,1124066.0,22.360163904966434
UK,R,2013,24793.8,1109536.0,22.34609782828137
UK,R,2014,25777.0,1182518.0,21.798399686093575
UK,R,2015,26185.4,1225967.0,21.358976220403974
UK,R,2016,25659.8,1222872.0,20.98322637201604
UK,R,2017,26336.5,1319434.0,19.96045273958379
UK,R,2018,26075.0,1316682.0,19.803566844538015
AT,S,2008,3997.9,161507.0,24.75372584470023
AT,S,2009,3922.1,167789.0,23.375191460703622
AT,S,2010,3926.1,164740.0,23.83209906519364
AT,S,2011,3980.0,162968.0,24.421972411761818
AT,S,2012,3961.5,167026.0,23.7178642846024
AT,S,2013,3989.3,163062.0,24.464927450908245
AT,S,2014,3930.5,172308.0,22.810896766255773
AT,S,2015,3941.1,169911.0,23.195084485407065
AT,S,2016,4003.0,170684.0,23.452696210541117
AT,S,2017,4088.7,185319.0,22.063037249283667
AT,S,2018,4156.8,194779.0,21.34110966788001
AT,S,2019,4165.9,196595.0,21.19026424883644
AT,S,2020,3830.0,167231.0,22.90245229652397
AT,S,2021,3893.8,155722.0,25.00481627515701
AT,S,2022,4377.1,170085.0,25.734779668989038
AT,S,2023,4492.0,183280.0,24.50894805761676
AT,S,2024,4477.9,185475.0,24.142876398436446
BE,S,2008,4320.0,162594.0,26.56924609764198
BE,S,2009,4016.5,163400.0,24.58078335373317
BE,S,2010,4173.5,158960.0,26.255032712632108
BE,S,2011,4267.5,159565.0,26.744586845486165
BE,S,2012,4110.6,155549.0,26.426399398260358
BE,S,2013,4125.3,156256.0,26.40090620520172
BE,S,2014,4179.3,157304.0,26.568300869653665
BE,S,2015,4075.3,154347.0,26.40349342714792
BE,S,2016,4076.3,152076.0,26.804360977406034
BE,S,2017,4074.8,152800.0,26.66753926701571
BE,S,2018,4213.6,154251.0,27.316516586602358
BE,S,2019,4284.8,158167.0,27.090353866482896
BE,S,2020,3802.5,124689.0,30.495873733849816
BE,S,2021,4224.2,149801.0,28.198743666597686
BE,S,2022,4688.4,176022.0,26.635306950267577
BE,S,2023,4973.0,180728.0,27.516488867248018
BE,S,2024,4919.2,183859.0,26.755285300148483
BG,S,2008,372.6,85878.0,4.338713058059107
BG,S,2009,462.5,87715.0,5.272758365159892
BG,S,2010,385.0,91803.0,4.1937627310654335
BG,S,2011,451.6,89695.0,5.034840292101009
BG,S,2012,417.9,90828.0,4.601004095653322
BG,S,2013,417.4,87098.0,4.792302923144045
BG,S,2014,447.2,86115.0,5.193055797480113
BG,S,2015,449.8,89907.0,5.002947490184302
BG,S,2016,414.3,95931.0,4.3187290865309444
BG,S,2017,428.9,104685.0,4.097053063953766
BG,S,2018,446.3,107324.0,4.158436137303865
BG,S,2019,432.7,103564.0,4.178092773550654
BG,S,2020,406.1,100074.0,4.057997082159202
BG,S,2021,434.8,105060.0,4.138587473824481
BG,S,2022,364.0,113978.0,3.1935987646738844
BG,S,2023,312.7,126869.0,2.4647471013407527
BG,S,2024,290.0,124741.0,2.324817020867237
CH,S,2008,5697.3,177281.0,32.1371156525516
CH,S,2009,5728.9,181021.0,31.647709381784434
CH,S,2010,5670.1,202321.0,28.025266779029366
CH,S,2011,5838.0,200885.0,29.061403290439802
CH,S,2012,5782.6,203153.0,28.46426092649383
CH,S,2013,5919.0,198854.0,29.765556639544588
CH,S,2014,5847.0,200115.0,29.21819953526722
CH,S,2015,5795.3,207908.0,27.874348269426864
CH,S,2016,5748.4,212128.0,27.0987328405491
CH,S,2017,5840.0,210717.0,27.714897231832268
CH,S,2018,6055.8,222906.0,27.16750558531399
CH,S,2019,6222.5,227367.0,27.367647899651224
CH,S,2020,5676.8,200656.0,28.29120484809824
CH,S,2021,6323.2,218190.0,28.980246574086802
CH,S,2022,6589.4,233938.0,28.16729218852858
CH,S,2023,6731.8,235122.0,28.631093645001318
CY,S,2008,360.5,18440.0,19.54989154013015
CY,S,2009,329.3,17909.0,18.387402981741026
CY,S,2010,328.3,17455.0,18.808364365511316
CY,S,2011,291.5,16936.0,17.21185640056684
CY,S,2012,283.5,16604.0,17.074198988195615
CY,S,2013,250.9,14136.0,17.749009620826257
CY,S,2014,252.0,14334.0,17.580577647551276
CY,S,2015,267.1,15171.0,17.605958737064135
CY,S,2016,283.4,16257.0,17.43249061942548
CY,S,2017,297.2,16830.0,17.658942364824718
CY,S,2018,303.1,17888.0,16.94432021466905
CY,S,2019,312.3,19607.0,15.927984903350845
CY,S,2020,249.0,17844.0,13.954270342972428
CY,S,2021,291.3,19506.0,14.933866502614581
CY,S,2022,344.2,20702.0,16.62641290696551
CY,S,2023,356.2,21337.0,16.694005717767258
CY,S,2024,364.5,21618.0,16.86094920899251
CZ,S,2008,1459.5,161483.0,9.038103082058173
CZ,S,2009,1463.8,157005.0,9.323269959555429
CZ,S,2010,1653.6,162289.0,10.189230323681826
CZ,S,2011,1833.0,162435.0,11.28451380552221
CZ,S,2012,1559.0,178589.0,8.729541013164305
CZ,S,2013,1517.4,168039.0,9.030046596325853
CZ,S,2014,1509.2,180354.0,8.367987402552757
CZ,S,2015,1536.9,177867.0,8.640725935671036
CZ,S,2016,1520.8,193218.0,7.870902296887453
CZ,S,2017,1517.3,195225.0,7.772057881931105
CZ,S,2018,1515.6,197829.0,7.661161912560848
CZ,S,2019,1534.6,188814.0,8.12757528573093
CZ,S,2020,1307.4,152224.0,8.588658818583141
CZ,S,2021,1285.4,169441.0,7.586121422796136
CZ,S,2022,1314.5,177090.0,7.422779377717545
CZ,S,2023,1292.7,183156.0,7.057917840529385
CZ,S,2024,1239.0,186921.0,6.6284687113807434
DE,S,2008,64643.3,2022101.0,31.96838337946522
DE,S,2009,62321.6,1999370.0,31.170618744904644
DE,S,2010,61465.0,2018030.0,30.457921834660535
DE,S,2011,60730.1,1990845.0,30.504685196486918
DE,S,2012,59887.5,1976657.0,30.297365703812044
DE,S,2013,57598.6,1939328.0,29.70028793478978
DE,S,2014,57420.7,1915235.0,29.981020605826437
DE,S,2015,57158.6,1907668.0,29.962551135732213
DE,S,2016,55805.8,1904849.0,29.296705408145215
DE,S,2017,55028.7,1907600.0,28.84708534283917
DE,S,2018,54846.2,1889697.0,29.023806462094186
DE,S,2019,55529.6,1901774.0,29.19884276470285
DE,S,2020,46809.1,1799451.0,26.012989517358346
DE,S,2021,48040.2,1783740.0,26.932288337986478
DE,S,2022,53713.4,1817283.0,29.556981493801462
DE,S,2023,53016.0,1819910.0,29.131110879109404
DE,S,2024,53577.7,1831967.0,29.245996243382113
DK,S,2008,3515.5,97190.0,36.171416812429264
DK,S,2009,3527.2,95886.0,36.78534926892351
DK,S,2010,3489.7,96978.0,35.98445008146177
DK,S,2011,3508.6,96959.0,36.18642931548386
DK,S,2012,3482.7,95047.0,36.64187191599945
DK,S,2013,3361.7,93468.0,35.966320023965416
DK,S,2014,3317.7,92451.0,35.88603692766979
DK,S,2015,3299.2,91254.0,36.154031604094065
DK,S,2016,3332.5,92791.0,35.91404338782856
DK,S,2017,3369.0,93589.0,35.997820256654094
DK,S,2018,3299.4,92168.0,35.797673813037065
DK,S,2019,3398.1,92869.0,36.590250783361505
DK,S,2020,3427.4,87728.0,39.0684844063469
DK,S,2021,3238.5,91759.0,35.29354068810689
DK,S,2022,3459.1,97186.0,35.59257506225176
DK,S,2023,3381.4,96482.0,35.04695176302316
DK,S,2024,3336.3,97088.0,34.36367007251154
EA,S,2008,155492.2,6546727.0,23.75113549106294
EA,S,2009,153796.2,6663103.0,23.081768359276452
EA,S,2010,154067.0,6630995.0,23.234371312299285
EA,S,2011,155061.6,6689189.0,23.18092671622823
EA,S,2012,153612.7,6734029.0,22.811410524071103
EA,S,2013,150226.8,6651153.0,22.586580101224552
EA,S,2014,150236.0,6700292.0,22.422306371125316
EA,S,2015,150872.1,6801252.0,22.18298924962639
EA,S,2016,150147.2,6943785.0,21.623250143833662
EA,S,2017,151783.0,6987665.0,21.721562209980014
EA,S,2018,151714.1,7052521.0,21.512038035760547
EA,S,2019,153204.8,7151810.0,21.421821888445024
EA,S,2020,131900.8,6412851.0,20.56819969776313
EA,S,2021,138919.0,6821626.0,20.364499607571567
EA,S,2022,154137.7,7148330.0,21.562756615880915
EA,S,2023,158312.0,7406179.0,21.375664833377645
EA,S,2024,159888.2,7529900.0,21.233774684922775
EA12,S,2008,154693.0,6490737.0,23.83288677387483
EA12,S,2009,152461.4,6545338.0,23.29312863598488
EA12,S,2010,152591.7,6514590.0,23.42307036973931
EA12,S,2011,153596.4,6557406.0,23.423347585920407
EA12,S,2012,152188.3,6600731.0,23.056279675690465
EA12,S,2013,148834.3,6517142.0,22.83735723419867
EA12,S,2014,148714.0,6534933.0,22.7567750120774
EA12,S,2015,149037.1,6583899.0,22.636601806923224
EA12,S,2016,148266.9,6710174.0,22.095835368799676
EA12,S,2017,149923.8,6752288.0,22.20340720064073
EA12,S,2018,149844.9,6818824.0,21.975182230836282
EA12,S,2019,151398.6,6895296.0,21.956794893214155
EA12,S,2020,130356.0,6177963.0,21.100158741643483
EA12,S,2021,137151.2,6583970.0,20.831079120955902
EA12,S,2022,152342.4,6886891.0,22.12063469568489
EA12,S,2023,155693.2,7050341.0,22.083073712321152
EA12,S,2024,157446.4,7172131.0,21.95252708016627
EA19,S,2008,156662.8,6716319.0,23.325693731938582
EA19,S,2009,154284.0,6767685.0,22.79716032882736
EA19,S,2010,154541.1,6725836.0,22.977232867408603
EA19,S,2011,155453.5,6769732.0,22.963021283560412
EA19,S,2012,154044.4,6812981.0,22.610425597840358
EA19,S,2013,150683.3,6729423.0,22.39171174111064
EA19,S,2014,150521.2,6746404.0,22.311323187879058
EA19,S,2015,150872.1,6801252.0,22.18298924962639
EA19,S,2016,150147.2,6943785.0,21.623250143833662
EA19,S,2017,151783.0,6987665.0,21.721562209980014
EA19,S,2018,151714.1,7052521.0,21.512038035760547
EA19,S,2019,153204.8,7151810.0,21.421821888445024
EA19,S,2020,131900.8,6412851.0,20.56819969776313
EA19,S,2021,138919.0,6821626.0,20.364499607571567
EA19,S,2022,154137.7,7148330.0,21.562756615880915
EA19,S,2023,157410.6,7309779.0,21.534248846647756
EA19,S,2024,158997.0,7438978.0,21.37350049966541
EA20,S,2008,157249.7,6780984.0,23.189805491356417
EA20,S,2009,154853.5,6837028.0,22.649241746560055
EA20,S,2010,155091.2,6792488.0,22.8327528881906
EA20,S,2011,156027.7,6832448.0,22.836280642018792
EA20,S,2012,154631.9,6902135.0,22.40348819604369
EA20,S,2013,151275.2,6814746.0,22.19821545806696
EA20,S,2014,151136.6,6823819.0,22.1483893403386
EA20,S,2015,151488.0,6889602.0,21.98791744428778
EA20,S,2016,150790.8,7048007.0,21.394814165195918
EA20,S,2017,152457.7,7073085.0,21.554625739687847
EA20,S,2018,152405.7,7136828.0,21.354823179149058
EA20,S,2019,153964.8,7237307.0,21.273769373055472
EA20,S,2020,132573.3,6489777.0,20.428020870362726
EA20,S,2021,139681.4,6910819.0,20.211989345980555
EA20,S,2022,154963.5,7241388.0,21.39969574893653
EA20,S,2023,158312.0,7406179.0,21.375664833377645
EA20,S,2024,159888.2,7529900.0,21.233774684922775
EE,S,2008,124.9,25594.0,4.880050011721497
EE,S,2009,108.9,22021.0,4.945279505926162
EE,S,2010,109.2,19148.0,5.702945477334447
EE,S,2011,116.9,18603.0,6.283932699027039
EE,S,2012,120.5,18427.0,6.539317306126879
EE,S,2013,133.9,19037.0,7.033671271733992
EE,S,2014,137.0,21933.0,6.246295536406328
EE,S,2015,141.2,23752.0,5.944762546311889
EE,S,2016,140.8,26126.0,5.389267396463294
EE,S,2017,144.2,24194.0,5.960155410432338
EE,S,2018,155.6,23525.0,6.614240170031881
EE,S,2019,154.9,23708.0,6.533659524211236
EE,S,2020,145.6,26945.0,5.403599925774726
EE,S,2021,165.2,29013.0,5.693999241719228
EE,S,2022,185.5,28743.0,6.453745259715409
EE,S,2023,179.4,27420.0,6.542669584245077
EE,S,2024,168.1,28709.0,5.8553066982479365
EL,S,2008,3097.7,264600.0,11.70710506424792
EL,S,2009,2973.0,258860.0,11.484972572046667
EL,S,2010,2436.5,259867.0,9.375950005194966
EL,S,2011,2066.2,260514.0,7.931243618385191
EL,S,2012,2107.8,240602.0,8.760525681415784
EL,S,2013,2234.2,224720.0,9.942150231399074
EL,S,2014,2292.2,224233.0,10.22240259016291
EL,S,2015,2219.2,213456.0,10.396521999850085
EL,S,2016,2235.0,214782.0,10.405899935748806
EL,S,2017,2273.8,224214.0,10.141204385096383
EL,S,2018,2443.4,248421.0,9.835722422822547
EL,S,2019,2591.5,243693.0,10.634281657659432
EL,S,2020,2344.6,208571.0,11.241255975183511
EL,S,2021,2762.8,236978.0,11.658466186734634
EL,S,2022,2810.0,264117.0,10.639224283177532
EL,S,2023,2934.5,273563.0,10.726962345053973
EL,S,2024,3103.0,262562.0,11.818161043867734
ES,S,2008,14881.5,943116.0,15.779077017037142
ES,S,2009,15098.9,962898.0,15.680684766195382
ES,S,2010,15197.0,899394.0,16.896932823656815
ES,S,2011,15788.5,918887.0,17.182199769939068
ES,S,2012,16451.2,987156.0,16.665248451106006
ES,S,2013,16673.3,980879.0,16.998324971785507
ES,S,2014,16921.5,983161.0,17.21132144175776
ES,S,2015,18005.4,1011234.0,17.805374423723887
ES,S,2016,18849.8,1044120.0,18.053288893996857
ES,S,2017,19574.0,1081191.0,18.104109264690514
ES,S,2018,19615.4,1117135.0,17.558665693940306
ES,S,2019,20513.7,1145315.0,17.910967725036343
ES,S,2020,17515.8,1051969.0,16.650490651340487
ES,S,2021,16997.4,1126254.0,15.091977475773671
ES,S,2022,19780.8,1166938.0,16.951029103517065
ES,S,2023,20180.9,1205472.0,16.741077353932734
ES,S,2024,20826.3,1230285.0,16.928028871359075
EU27_2020,S,2008,174708.1,8202990.0,21.298099839204973
EU27_2020,S,2009,171620.8,8233989.0,20.842971735813588
EU27_2020,S,2010,171322.8,8240259.0,20.790948439848794
EU27_2020,S,2011,172886.4,8279695.0,20.880769158767322
EU27_2020,S,2012,171763.6,8372599.0,20.514967932896347
EU27_2020,S,2013,167832.0,8274788.0,20.282332308694794
EU27_2020,S,2014,168038.4,8314705.0,20.209784953284572
EU27_2020,S,2015,168956.6,8440642.0,20.01703187980251
EU27_2020,S,2016,167680.4,8615083.0,19.463584970684554
EU27_2020,S,2017,170217.2,8655832.0,19.665030467319607
EU27_2020,S,2018,170461.2,8738214.0,19.507556120735885
EU27_2020,S,2019,171752.0,9027777.0,19.024838562139937
EU27_2020,S,2020,149662.1,8250430.0,18.139915131696167
EU27_2020,S,2021,156387.2,8758102.0,17.856288953930886
EU27_2020,S,2022,172772.0,9064441.0,19.06041420535475
EU27_2020,S,2023,176969.6,9251764.0,19.128200849048895
EU27_2020,S,2024,178673.5,9400849.0,19.00610253393071
FI,S,2008,2670.6,106800.0,25.00561797752809
FI,S,2009,2807.1,109500.0,25.635616438356163
FI,S,2010,2854.0,110800.0,25.75812274368231
FI,S,2011,2845.1,116700.0,24.379605826906598
FI,S,2012,2805.3,122100.0,22.97542997542998
FI,S,2013,2730.9,121400.0,22.49505766062603
FI,S,2014,2691.9,121500.0,22.15555555555556
FI,S,2015,2684.8,120300.0,22.317539484621783
FI,S,2016,2662.7,120900.0,22.02398676592225
FI,S,2017,2701.6,116900.0,23.110350727117194
FI,S,2018,2707.8,118100.0,22.928027095681625
FI,S,2019,2788.5,121000.0,23.045454545454547
FI,S,2020,2655.6,114900.0,23.112271540469976
FI,S,2021,2728.2,116600.0,23.397941680960546
FI,S,2022,2736.2,114900.0,23.813751087902524
FI,S,2023,2738.0,120000.0,22.816666666666666
FI,S,2024,2659.1,120200.0,22.122296173044926
FR,S,2008,26494.7,1067901.0,24.810071345564804
FR,S,2009,26361.4,1088069.0,24.227691442362573
FR,S,2010,27299.8,1106550.0,24.671094844335997
FR,S,2011,27184.7,1133473.0,23.983544380854244
FR,S,2012,27357.3,1140823.0,23.98031947111866
FR,S,2013,26662.5,1135804.0,23.47456075167899
FR,S,2014,26704.6,1134587.0,23.536846447209424
FR,S,2015,26086.4,1143944.0,22.803913478282155
FR,S,2016,26283.9,1175520.0,22.359381380155167
FR,S,2017,26801.9,1147799.0,23.35069119244746
FR,S,2018,26534.3,1146209.0,23.149617565382925
FR,S,2019,26833.3,1182515.0,22.69172061242352
FR,S,2020,23588.6,1059554.0,22.262763389124103
FR,S,2021,26311.1,1216636.0,21.62610674022468
FR,S,2022,28907.5,1304189.0,22.165115638914298
FR,S,2023,30441.3,1340720.0,22.70518825705591
FR,S,2024,30975.5,1355868.0,22.845512985039843
HR,S,2008,588.4,64382.0,9.139200397626666
HR,S,2009,570.3,69039.0,8.260548385695042
HR,S,2010,550.1,66361.0,8.289507391389522
HR,S,2011,574.1,62442.0,9.194132154639505
HR,S,2012,588.4,89154.0,6.599816048634946
HR,S,2013,593.8,85323.0,6.9594364942629765
HR,S,2014,619.1,77415.0,7.997158173480591
HR,S,2015,619.5,88350.0,7.01188455008489
HR,S,2016,650.4,104222.0,6.240525033102416
HR,S,2017,683.2,85420.0,7.9981269023647865
HR,S,2018,701.0,84307.0,8.314849300769806
HR,S,2019,772.9,85497.0,9.040083277775828
HR,S,2020,684.7,76925.0,8.900877478063048
HR,S,2021,781.9,89193.0,8.766383012119785
HR,S,2022,845.4,93058.0,9.084656880655075
HR,S,2023,927.8,96400.0,9.62448132780083
HR,S,2024,915.3,90923.0,10.066759785752778
HU,S,2008,1532.0,174707.0,8.768967471251868
HU,S,2009,1537.2,154017.0,9.980716414421785
HU,S,2010,1444.9,148213.0,9.74880745953459
HU,S,2011,1469.6,154908.0,9.48692126939861
HU,S,2012,1383.8,158890.0,8.709169865944993
HU,S,2013,1354.4,166295.0,8.14456237409423
HU,S,2014,1353.8,173870.0,7.786277103583136
HU,S,2015,1318.0,180353.0,7.307890636695813
HU,S,2016,1332.7,172605.0,7.721097303090873
HU,S,2017,1392.4,176765.0,7.877124996464233
HU,S,2018,1483.7,180667.0,8.212346471685478
HU,S,2019,1575.9,187065.0,8.424344479191724
HU,S,2020,1376.4,175699.0,7.833852213160007
HU,S,2021,1512.5,196392.0,7.701433866959958
HU,S,2022,2002.1,209489.0,9.55706504876151
HU,S,2023,1778.9,213820.0,8.319614629127303
HU,S,2024,1617.3,206796.0,7.820750884930075
IE,S,2008,1338.6,74075.0,18.070874114073575
IE,S,2009,1317.9,77722.0,16.956588868016777
IE,S,2010,1219.8,67277.0,18.131010597975532
IE,S,2011,1250.2,66617.0,18.766981401143852
IE,S,2012,1226.3,71348.0,17.187587598811458
IE,S,2013,1202.7,72658.0,16.55289162927689
IE,S,2014,1210.0,72328.0,16.729344099104082
IE,S,2015,1351.6,75910.0,17.805295744961136
IE,S,2016,1304.1,77896.0,16.74155283968368
IE,S,2017,1489.6,84941.0,17.53687853922134
IE,S,2018,1511.7,86504.0,17.475492462776288
IE,S,2019,1569.3,88687.0,17.694814347085817
IE,S,2020,1231.5,66643.0,18.479060066323544
IE,S,2021,1314.8,73370.0,17.920130843669074
IE,S,2022,1656.3,83437.0,19.850905473590853
IE,S,2023,1829.2,86294.0,21.197302245810835
IE,S,2024,1845.0,85317.0,21.625232954745247
IS,S,2008,153.5,5521.0,27.802934251041478
IS,S,2009,131.5,5108.0,25.743931088488644
IS,S,2010,127.4,5061.0,25.172890733056708
IS,S,2011,129.8,5047.0,25.71824846443432
IS,S,2012,127.2,4914.0,25.885225885225886
IS,S,2013,130.3,4978.0,26.175170751305746
IS,S,2014,136.5,5043.0,27.067221891731112
IS,S,2015,149.0,5262.0,28.316229570505513
IS,S,2016,156.5,5117.0,30.5843267539574
IS,S,2017,165.3,5251.0,31.479718148924015
IS,S,2018,185.9,5378.0,34.5667534399405
IS,S,2019,196.3,5470.0,35.88665447897624
IS,S,2020,192.7,6295.0,30.611596505162826
IS,S,2021,206.5,6421.0,32.16009967294814
IS,S,2022,234.6,7203.0,32.56976259891712
IS,S,2023,257.4,7496.0,34.338313767342584
IT,S,2008,23975.0,1144829.0,20.941992210190342
IT,S,2009,24470.3,1172768.0,20.865422658189853
IT,S,2010,24731.8,1181990.0,20.923865684142843
IT,S,2011,26147.6,1190456.0,21.9643565154865
IT,S,2012,24891.9,1199486.0,20.75213883280005
IT,S,2013,24331.2,1181976.0,20.585189546995878
IT,S,2014,24112.2,1205559.0,20.00084608053194
IT,S,2015,24063.5,1230300.0,19.55905063805576
IT,S,2016,23636.6,1273408.0,18.561686435140977
IT,S,2017,24318.0,1260214.0,19.296722620126424
IT,S,2018,24066.0,1261929.0,19.070803507962808
IT,S,2019,23135.3,1241940.0,18.628355637148335
IT,S,2020,19547.9,1032831.0,18.926523313107374
IT,S,2021,21137.8,1140026.0,18.54150694808715
IT,S,2022,23054.9,1193866.0,19.311128719638553
IT,S,2023,24348.3,1223904.0,19.89396227155071
IT,S,2024,24324.0,1290945.0,18.84201108490292
LT,S,2008,289.1,53381.0,5.415784642475788
LT,S,2009,238.1,51591.0,4.615146052606074
LT,S,2010,225.7,46815.0,4.8211043468973624
LT,S,2011,237.9,49504.0,4.805672268907563
LT,S,2012,254.4,47139.0,5.396805193152167
LT,S,2013,280.2,46401.0,6.038662959850003
LT,S,2014,286.4,46112.0,6.210964607911172
LT,S,2015,289.4,46539.0,6.218440447796471
LT,S,2016,290.5,51242.0,5.6691776277272545
LT,S,2017,291.7,52135.0,5.595089671046322
LT,S,2018,294.3,54677.0,5.382519157964043
LT,S,2019,299.7,57167.0,5.242535028950268
LT,S,2020,275.8,51789.0,5.325455212496863
LT,S,2021,279.4,51271.0,5.449474361724952
LT,S,2022,275.2,62155.0,4.427640575979406
LT,S,2023,267.8,57795.0,4.633618825157885
LT,S,2024,285.7,56727.0,5.036402418601371
LU,S,2008,300.6,9156.0,32.83093053735256
LU,S,2009,316.2,9432.0,33.524173027989825
LU,S,2010,328.6,9847.0,33.370569716664974
LU,S,2011,332.0,10123.0,32.796601797886005
LU,S,2012,334.1,10245.0,32.611029770619815
LU,S,2013,332.6,10243.0,32.47095577467539
LU,S,2014,334.0,10523.0,31.739998099401312
LU,S,2015,338.4,10798.0,31.339136877199476
LU,S,2016,350.6,10950.0,32.01826484018265
LU,S,2017,350.4,11195.0,31.299687360428763
LU,S,2018,346.3,11868.0,29.179305695989218
LU,S,2019,353.0,12063.0,29.263035729088948
LU,S,2020,323.7,10654.0,30.382954758776044
LU,S,2021,415.8,13121.0,31.689657800472524
LU,S,2022,422.6,13805.0,30.612097066280334
LU,S,2023,458.0,14110.0,32.45924875974486
LU,S,2024,460.2,14507.0,31.722616667815533
LV,S,2008,163.7,34634.0,4.726569267194086
LV,S,2009,140.6,31832.0,4.41693892937924
LV,S,2010,139.1,29116.0,4.77744195631268
LV,S,2011,154.0,31039.0,4.961500048326299
LV,S,2012,180.0,31813.0,5.658064313331027
LV,S,2013,180.0,31869.0,5.648121999435189
LV,S,2014,189.0,31052.0,6.086564472497746
LV,S,2015,191.3,31095.0,6.152114487859785
LV,S,2016,203.7,32244.0,6.317454410122814
LV,S,2017,211.8,28991.0,7.305715566900073
LV,S,2018,220.5,25780.0,8.553141970519782
LV,S,2019,202.7,39593.0,5.11959184704367
LV,S,2020,176.0,33423.0,5.265834904107949
LV,S,2021,162.4,30695.0,5.2907639680729766
LV,S,2022,184.7,35804.0,5.158641492570663
LV,S,2023,189.3,34528.0,5.482506950880445
LV,S,2024,180.5,37382.0,4.828527098603606
MT,S,2008,75.0,10688.0,7.017215568862275
MT,S,2009,70.7,10487.0,6.7416801754553255
MT,S,2010,74.9,10343.0,7.241612684907667
MT,S,2011,72.9,10580.0,6.890359168241967
MT,S,2012,75.3,10631.0,7.083058978459223
MT,S,2013,77.8,11004.0,7.070156306797528
MT,S,2014,81.6,11184.0,7.296137339055793
MT,S,2015,84.6,11988.0,7.057057057057056
MT,S,2016,85.4,12845.0,6.648501362397821
MT,S,2017,90.8,12375.0,7.337373737373737
MT,S,2018,93.4,13801.0,6.767625534381567
MT,S,2019,108.8,14900.0,7.302013422818792
MT,S,2020,89.1,14559.0,6.11992581908098
MT,S,2021,105.2,14864.0,7.077502691065662
MT,S,2022,120.0,16106.0,7.4506395132248855
MT,S,2023,128.2,16746.0,7.655559536605756
MT,S,2024,138.9,16697.0,8.31885967539079
NL,S,2008,7235.5,313643.0,23.06922201356319
NL,S,2009,7004.3,321830.0,21.763974769288136
NL,S,2010,6961.0,320815.0,21.697863254523636
NL,S,2011,6996.0,325081.0,21.520790203057082
NL,S,2012,6900.7,317970.0,21.702361858036923
NL,S,2013,6814.3,319503.0,21.32781225841385
NL,S,2014,6751.4,317982.0,21.23201942248303
NL,S,2015,6843.2,320825.0,21.33000857165121
NL,S,2016,6908.8,334409.0,20.6597310479084
NL,S,2017,7043.0,342648.0,20.554621652541385
NL,S,2018,7297.8,345903.0,21.097822221836758
NL,S,2019,7560.3,356267.0,21.22088209124056
NL,S,2020,6940.5,328999.0,21.095808801850463
NL,S,2021,7574.4,354453.0,21.36926475442442
NL,S,2022,8275.9,346917.0,23.855561993214515
NL,S,2023,8506.7,352952.0,24.10157755162175
NL,S,2024,8573.3,359537.0,23.845390043305695
NO,S,2008,2604.7,60780.0,42.85455742020401
NO,S,2009,2636.0,61380.0,42.945584881068754
NO,S,2010,2627.8,61590.0,42.66601721058614
NO,S,2011,2693.9,62850.0,42.86237072394591
NO,S,2012,2795.9,63430.0,44.07851174523097
NO,S,2013,2879.1,64910.0,44.355261130796485
NO,S,2014,2908.8,65530.0,44.38882954372043
NO,S,2015,2916.8,65570.0,44.48375781607443
NO,S,2016,2956.5,67102.0,44.05978957408125
NO,S,2017,3029.7,67901.0,44.61937232146801
NO,S,2018,3083.3,70176.0,43.936673506611946
NO,S,2019,3087.7,69275.0,44.57163478888488
NO,S,2020,2885.7,66874.0,43.15129945868349
NO,S,2021,3029.9,69574.0,43.54931439905712
NO,S,2022,3130.3,71999.0,43.476992736010224
NO,S,2023,3199.1,72291.0,44.253088212917234
NO,S,2024,3239.7,73099.0,44.31934773389513
PL,S,2008,3169.3,471983.0,6.714860492856735
PL,S,2009,3180.5,476165.0,6.679407348293134
PL,S,2010,2667.5,501327.0,5.320878388756241
PL,S,2011,2759.2,476031.0,5.796261167865117
PL,S,2012,3519.2,469291.0,7.498971853285061
PL,S,2013,3802.7,461865.0,8.233358232383921
PL,S,2014,3982.1,467415.0,8.519409946193425
PL,S,2015,4023.6,483275.0,8.32569448036832
PL,S,2016,3765.2,480938.0,7.828867754263544
PL,S,2017,4162.9,498031.0,8.358716626073477
PL,S,2018,4322.7,508942.0,8.493502206538269
PL,S,2019,4174.1,688123.0,6.065921354176507
PL,S,2020,4139.6,752554.0,5.500734830988874
PL,S,2021,3697.8,819508.0,4.512219526838055
PL,S,2022,4051.6,763529.0,5.306412723026892
PL,S,2023,4330.6,782103.0,5.537122348335195
PL,S,2024,4413.9,808773.0,5.457526401103894
PT,S,2008,1936.4,220415.0,8.785246013202368
PT,S,2009,1937.4,213702.0,9.065895499340204
PT,S,2010,2003.3,216321.0,9.260774497159312
PT,S,2011,2020.9,222176.0,9.095941955926834
PT,S,2012,2109.5,211769.0,9.961325784227153
PT,S,2013,2128.2,211313.0,10.071316009900004
PT,S,2014,2162.5,220215.0,9.819948686510909
PT,S,2015,2240.0,225207.0,9.94640486308152
PT,S,2016,2247.7,230579.0,9.748068991538691
PT,S,2017,2307.3,237469.0,9.716215590245463
PT,S,2018,2310.6,244027.0,9.468624373532435
PT,S,2019,2369.7,247281.0,9.583024979678989
PT,S,2020,2034.3,212471.0,9.574483105929751
PT,S,2021,2045.9,217268.0,9.416481028039104
PT,S,2022,2282.2,235331.0,9.697829865168634
PT,S,2023,2445.6,249408.0,9.805619707467283
PT,S,2024,2498.0,251610.0,9.92806327252494
RO,S,2008,2380.0,273771.0,8.693397036209095
RO,S,2009,1761.7,257203.0,6.8494535444765425
RO,S,2010,1545.0,280132.0,5.5152570930846885
RO,S,2011,1715.2,304282.0,5.636876318678068
RO,S,2012,1714.7,305223.0,5.617859728788459
RO,S,2013,1140.4,299079.0,3.8130393641813702
RO,S,2014,1210.8,319484.0,3.789861151106159
RO,S,2015,1493.3,339850.0,4.393997351772841
RO,S,2016,1218.0,348110.0,3.498894027749849
RO,S,2017,1429.1,334503.0,4.272308469580243
RO,S,2018,1500.0,329384.0,4.553955261943507
RO,S,2019,1315.1,346460.0,3.7958205853489577
RO,S,2020,1250.9,311588.0,4.014596197542909
RO,S,2021,1230.6,294653.0,4.176438047466002
RO,S,2022,1335.6,280304.0,4.764826759518237
RO,S,2023,1696.2,266219.0,6.371446065081757
RO,S,2024,1791.3,268897.0,6.661658553275045
RS,S,2008,486.0,161627.0,3.006923348202961
RS,S,2009,480.5,160704.0,2.989969135802469
RS,S,2010,435.7,144735.0,3.0103292223719214
RS,S,2011,416.8,132221.0,3.1522980464525303
RS,S,2012,413.1,126242.0,3.2722865607325615
RS,S,2013,365.2,124285.0,2.9384076919982296
RS,S,2014,365.7,128486.0,2.8462244913842754
RS,S,2015,380.9,133161.0,2.860447127912827
RS,S,2016,399.0,136589.0,2.9211722759519434
RS,S,2017,392.6,141824.0,2.7682197653429608
RS,S,2018,390.9,143869.0,2.7170550987356554
RS,S,2019,418.7,145644.0,2.874818049490538
RS,S,2020,432.3,135189.0,3.1977453786920536
RS,S,2021,462.6,135219.0,3.421116854879862
RS,S,2022,463.9,137660.0,3.369896847304954
RS,S,2023,478.2,133240.0,3.5890123086160313
RS,S,2024,507.0,131176.0,3.8650362871256934
SE,S,2008,5099.2,179970.0,28.333611157415124
SE,S,2009,4894.6,189190.0,25.871346265658865
SE,S,2010,5089.9,188920.0,26.942091890747403
SE,S,2011,5171.8,185330.0,27.905897588086116
SE,S,2012,5107.0,192210.0,26.56989750793403
SE,S,2013,5095.3,207060.0,24.607843137254903
SE,S,2014,5199.2,194360.0,26.750360156410785
SE,S,2015,5356.8,206170.0,25.982441674346415
SE,S,2016,5427.4,203700.0,26.64408443789887
SE,S,2017,5513.7,201700.0,27.336142786316312
SE,S,2018,5505.7,206900.0,26.6104398260029
SE,S,2019,5508.6,205460.0,26.81105811350141
SE,S,2020,5277.8,201120.0,26.242044550517107
SE,S,2021,5452.4,192440.0,28.332986905009353
SE,S,2022,5537.2,201250.0,27.514037267080745
SE,S,2023,5733.0,198430.0,28.89180063498463
SE,S,2024,5898.8,198000.0,29.79191919191919
SI,S,2008,363.8,26862.0,13.54329536147718
SI,S,2009,358.7,27681.0,12.95834688053177
SI,S,2010,338.7,27991.0,12.100317959344075
SI,S,2011,353.4,27159.0,13.012261128907543
SI,S,2012,337.3,28465.0,11.849639908659757
SI,S,2013,337.0,28469.0,11.837437212406478
SI,S,2014,336.8,29803.0,11.300875750763346
SI,S,2015,339.9,30648.0,11.090446358653091
SI,S,2016,353.6,30000.0,11.786666666666667
SI,S,2017,366.2,30389.0,12.050412978380335
SI,S,2018,382.1,29491.0,12.956495201926012
SI,S,2019,408.0,31172.0,13.088669318619274
SI,S,2020,362.9,28665.0,12.660038374324088
SI,S,2021,392.6,31109.0,12.620142081069787
SI,S,2022,426.3,33900.0,12.575221238938052
SI,S,2023,432.1,33446.0,12.919332655623991
SI,S,2024,463.8,37131.0,12.49091055990951
SK,S,2008,592.3,55790.0,10.61659795662305
SK,S,2009,566.6,61688.0,9.18493061859681
SK,S,2010,733.4,60616.0,12.099115745017818
SK,S,2011,630.4,59188.0,10.650807596134351
SK,S,2012,609.4,59476.0,10.246149707445019
SK,S,2013,593.2,60738.0,9.76653824623794
SK,S,2014,538.5,57429.0,9.37679569555451
SK,S,2015,538.2,58308.0,9.230294299238528
SK,S,2016,540.3,64892.0,8.326141897306293
SK,S,2017,498.2,69824.0,7.135082493125573
SK,S,2018,473.4,69662.0,6.7956705233843415
SK,S,2019,415.9,69957.0,5.945080549480394
SK,S,2020,337.4,61828.0,5.45707446464385
SK,S,2021,421.1,60979.0,6.905656045523869
SK,S,2022,391.8,64906.0,6.036421902443534
SK,S,2023,356.1,67358.0,5.286677157872859
SK,S,2024,266.9,68993.0,3.8685083994028377
UK,S,2008,28974.7,1151383.0,25.1651275031853
UK,S,2009,29449.6,1136039.0,25.92305369798044
UK,S,2010,28623.1,1139650.0,25.115693414644845
UK,S,2011,30297.6,1162667.0,26.058708125370377
UK,S,2012,29158.2,1127369.0,25.863936297698448
UK,S,2013,29743.9,1193625.0,24.91896533668447
UK,S,2014,32821.0,1270890.0,25.82520910543005
UK,S,2015,34285.7,1255038.0,27.318455696162186
UK,S,2016,32132.3,1269603.0,25.308935155320206
UK,S,2017,32174.1,1319337.0,24.38656688927848
UK,S,2018,33019.1,1337858.0,24.68057148068031
AT,T,2008,155.4,10959.0,14.180125923898167
AT,T,2009,157.8,10888.0,14.493019838354153
AT,T,2010,151.9,12380.0,12.26978998384491
AT,T,2011,145.1,11434.0,12.690222144481371
AT,T,2012,137.3,11195.0,12.264403751674855
AT,T,2013,130.6,11448.0,11.408106219426974
AT,T,2014,126.5,10787.0,11.727078891257996
AT,T,2015,117.6,9519.0,12.354238890639772
AT,T,2016,123.8,11250.0,11.004444444444443
AT,T,2017,121.6,9979.0,12.185589738450744
AT,T,2018,115.7,10691.0,10.822186886165936
AT,T,2019,109.4,11611.0,9.4220997330118
AT,T,2020,107.4,8903.0,12.06334943277547
AT,T,2021,102.8,8910.0,11.53759820426487
AT,T,2022,101.0,8586.0,11.763335662706732
AT,T,2023,93.5,7731.0,12.094166343293235
AT,T,2024,89.4,7957.0,11.235390222445647
BE,T,2008,544.3,70916.0,7.675277793445766
BE,T,2009,523.1,68105.0,7.680787020042582
BE,T,2010,485.0,63069.0,7.689990328053402
BE,T,2011,421.7,54820.0,7.692448011674571
BE,T,2012,356.1,46214.0,7.705457220755616
BE,T,2013,313.5,40582.0,7.725099797939974
BE,T,2014,285.1,37166.0,7.670989614163483
BE,T,2015,261.4,34744.0,7.523601197329034
BE,T,2016,258.3,34646.0,7.455406107487156
BE,T,2017,260.6,34953.0,7.45572626097903
BE,T,2018,263.0,35367.0,7.436310685101931
BE,T,2019,241.8,32740.0,7.385461209529628
BE,T,2020,162.7,21565.0,7.544632506376072
BE,T,2021,196.3,26126.0,7.513587996631708
BE,T,2022,204.9,27612.0,7.420686657974794
BE,T,2023,196.6,26733.0,7.354206411551266
BE,T,2024,172.7,22952.0,7.524398745207389
CH,T,2008,1434.7,49185.0,29.16946223442106
CH,T,2009,1421.3,49157.0,28.913481294627417
CH,T,2010,1403.9,50391.0,27.86013375404338
CH,T,2011,1396.9,44991.0,31.048431908603945
CH,T,2012,1440.1,47392.0,30.38698514517218
CH,T,2013,1409.8,44965.0,31.353274769264985
CH,T,2014,1471.0,47888.0,30.717507517540927
CH,T,2015,1513.9,50531.0,29.959826641071817
CH,T,2016,1564.5,52083.0,30.038592246990383
CH,T,2017,1578.1,58205.0,27.112790997336994
CH,T,2018,1668.7,53848.0,30.989080374387164
CH,T,2019,1669.4,57990.0,28.78772202103811
CH,T,2020,1415.7,43469.0,32.568036991879275
CH,T,2021,1477.9,62748.0,23.552941926435903
CH,T,2022,1650.2,75083.0,21.97834396601095
CH,T,2023,1677.0,84376.0,19.875319996207452
CY,T,2008,166.9,43295.0,3.85494860838434
CY,T,2009,191.0,48940.0,3.9027380465876584
CY,T,2010,210.8,54734.0,3.8513538202945155
CY,T,2011,210.3,57105.0,3.682689781980562
CY,T,2012,194.5,55034.0,3.5341788712432316
CY,T,2013,161.8,48929.0,3.3068323489137326
CY,T,2014,152.5,43875.0,3.4757834757834756
CY,T,2015,144.6,42671.0,3.3887183332942747
CY,T,2016,148.6,43362.0,3.426963700936304
CY,T,2017,150.7,43795.0,3.441032081287818
CY,T,2018,156.2,44489.0,3.5109802423070873
CY,T,2019,170.7,46321.0,3.6851536020379525
CY,T,2020,165.2,45755.0,3.6105343678286523
CY,T,2021,178.7,47634.0,3.751522022085065
CY,T,2022,186.5,49235.0,3.787955722555093
CY,T,2023,201.0,52895.0,3.79998109462142
CY,T,2024,200.8,52916.0,3.7946934764532467
CZ,T,2008,86.9,10346.0,8.399381403440945
CZ,T,2009,111.2,11085.0,10.031574199368515
CZ,T,2010,103.7,10323.0,10.04552940036811
CZ,T,2011,99.7,12264.0,8.129484670580561
CZ,T,2012,107.7,11977.0,8.992235117308175
CZ,T,2013,116.7,12798.0,9.118612283169245
CZ,T,2014,123.0,13397.0,9.181159961185339
CZ,T,2015,127.4,14895.0,8.553205773749582
CZ,T,2016,153.2,15457.0,9.911367018179465
CZ,T,2017,288.3,16793.0,17.167867563865897
CZ,T,2018,322.2,18320.0,17.587336244541483
CZ,T,2019,205.7,19908.0,10.332529636327104
CZ,T,2020,163.8,12776.0,12.820914214151534
CZ,T,2021,192.4,16996.0,11.320310661332078
CZ,T,2022,214.5,20297.0,10.568064245947678
CZ,T,2023,211.0,21093.0,10.003318636514484
CZ,T,2024,242.6,24207.0,10.021894493328377
DE,T,2008,6366.9,549773.0,11.580961596877257
DE,T,2009,6271.8,542884.0,11.552744232653755
DE,T,2010,6164.0,538083.0,11.455481775116478
DE,T,2011,6142.7,528314.0,11.626986981227072
DE,T,2012,6010.1,527628.0,11.390790481172342
DE,T,2013,5816.4,514933.0,11.295450087681308
DE,T,2014,5779.5,515405.0,11.21351170438781
DE,T,2015,5688.4,520540.0,10.92788258347101
DE,T,2016,5788.7,514983.0,11.240565222541326
DE,T,2017,5774.3,528085.0,10.934413967448423
DE,T,2018,5732.8,520875.0,11.006095512359012
DE,T,2019,5887.3,540150.0,10.899379801906878
DE,T,2020,5765.1,536795.0,10.73985413425982
DE,T,2021,5754.1,559157.0,10.290669704573135
DE,T,2022,6028.5,550401.0,10.95292341401996
DE,T,2023,6444.8,559171.0,11.525633482423087
DE,T,2024,6677.1,567947.0,11.756554748946645
DK,T,2008,532.3,34166.0,15.579816191535443
DK,T,2009,566.6,35192.0,16.100250056831097
DK,T,2010,586.0,36488.0,16.060074545055908
DK,T,2011,617.8,39311.0,15.715702983897636
DK,T,2012,603.2,36591.0,16.484927987756553
DK,T,2013,634.1,38090.0,16.64741401942767
DK,T,2014,642.0,38025.0,16.883629191321496
DK,T,2015,639.0,36363.0,17.572807524131672
DK,T,2016,640.7,35398.0,18.099892649302223
DK,T,2017,641.4,33841.0,18.953340622322035
DK,T,2018,609.5,32168.0,18.947401143994032
DK,T,2019,555.9,32625.0,17.039080459770116
DK,T,2020,562.4,30939.0,18.17770451533663
DK,T,2021,554.1,31474.0,17.605007307618987
DK,T,2022,516.7,30472.0,16.956550275662906
DK,T,2023,493.8,29249.0,16.882628465930463
DK,T,2024,457.0,28369.0,16.109133208784236
EA,T,2008,41386.4,4336001.0,9.544831747040648
EA,T,2009,41374.4,4353025.0,9.504746699134511
EA,T,2010,41291.8,4442349.0,9.295037377747674
EA,T,2011,40364.8,4380345.0,9.214981924939703
EA,T,2012,39332.9,4254519.0,9.244969877910993
EA,T,2013,38382.9,4173300.0,9.19725397167709
EA,T,2014,38588.3,4174403.0,9.244028427538021
EA,T,2015,38431.9,4158314.0,9.242183250230743
EA,T,2016,38268.7,4103405.0,9.32608406920594
EA,T,2017,38181.3,4096948.0,9.319449502410087
EA,T,2018,38173.0,4116407.0,9.273378458446894
EA,T,2019,37798.9,4025783.0,9.389204534869366
EA,T,2020,35499.5,3711870.0,9.563777826270854
EA,T,2021,36960.8,3874699.0,9.539011933572132
EA,T,2022,36212.1,3698304.0,9.791542285328626
EA,T,2023,37664.4,3823659.0,9.85035537949383
EA,T,2024,38036.0,3783677.0,10.052655128860101
EA12,T,2008,41192.0,4289965.0,9.601943139396242
EA12,T,2009,41124.5,4293970.0,9.577267656737238
EA12,T,2010,41015.8,4377134.0,9.37046935277741
EA12,T,2011,40087.6,4312795.0,9.295039527730857
EA12,T,2012,39068.2,4188650.0,9.327157914841298
EA12,T,2013,38153.5,4113351.0,9.275527422775252
EA12,T,2014,38339.2,4104512.0,9.340745014267226
EA12,T,2015,38167.0,4089688.0,9.332496757698875
EA12,T,2016,37990.9,4032835.0,9.420395329836207
EA12,T,2017,37893.4,4021929.0,9.421697896705785
EA12,T,2018,37872.4,4036807.0,9.38177128606842
EA12,T,2019,37473.3,3944063.0,9.501192044853239
EA12,T,2020,35178.7,3635765.0,9.675735367934946
EA12,T,2021,36632.6,3803577.0,9.63109199577135
EA12,T,2022,35868.3,3632223.0,9.875026946308088
EA12,T,2023,37286.6,3747278.0,9.950315935994073
EA12,T,2024,37650.4,3710338.0,10.14743131218773
EA19,T,2008,41479.4,4367082.0,9.498195820458605
EA19,T,2009,41431.7,4374931.0,9.470252216549245
EA19,T,2010,41349.6,4463712.0,9.263500871023936
EA19,T,2011,40420.8,4400641.0,9.185207336840248
EA19,T,2012,39387.2,4274553.0,9.214343581656374
EA19,T,2013,38434.3,4190939.0,9.170808737612264
EA19,T,2014,38612.3,4176359.0,9.245445614230004
EA19,T,2015,38431.9,4158314.0,9.242183250230743
EA19,T,2016,38268.7,4103405.0,9.32608406920594
EA19,T,2017,38181.3,4096948.0,9.319449502410087
EA19,T,2018,38173.0,4116407.0,9.273378458446894
EA19,T,2019,37798.9,4025783.0,9.389204534869366
EA19,T,2020,35499.5,3711870.0,9.563777826270854
EA19,T,2021,36960.8,3874699.0,9.539011933572132
EA19,T,2022,36212.1,3698304.0,9.791542285328626
EA19,T,2023,37642.3,3823579.0,9.844781551525418
EA19,T,2024,38013.7,3783585.0,10.047005683762887
EA20,T,2008,41562.7,4369985.0,9.510947978082303
EA20,T,2009,41505.2,4378043.0,9.480308896006731
EA20,T,2010,41417.6,4466704.0,9.272519513269739
EA20,T,2011,40473.9,4403456.0,9.191394213999187
EA20,T,2012,39433.3,4274557.0,9.225119702462736
EA20,T,2013,38475.2,4190943.0,9.180559124760226
EA20,T,2014,38644.0,4176365.0,9.253022664446236
EA20,T,2015,38458.9,4158322.0,9.248658473297642
EA20,T,2016,38293.3,4103415.0,9.332056348188035
EA20,T,2017,38207.7,4096960.0,9.325866007966884
EA20,T,2018,38198.3,4116422.0,9.279490781071523
EA20,T,2019,37823.4,4025829.0,9.3951829548647
EA20,T,2020,35521.3,3711916.0,9.569532284674546
EA20,T,2021,36982.9,3874762.0,9.544560414291253
EA20,T,2022,36233.6,3698373.0,9.797172973088436
EA20,T,2023,37664.4,3823659.0,9.85035537949383
EA20,T,2024,38036.0,3783677.0,10.052655128860101
EL,T,2008,1399.5,139060.0,10.064001150582481
EL,T,2009,1478.7,146344.0,10.104274859235773
EL,T,2010,1292.6,152036.0,8.501933752532295
EL,T,2011,999.8,134956.0,7.408340496161712
EL,T,2012,999.1,98813.0,10.111017781061197
EL,T,2013,854.2,86214.0,9.907903588744288
EL,T,2014,703.8,83586.0,8.420070346708778
EL,T,2015,659.3,86982.0,7.579729139362167
EL,T,2016,627.9,78899.0,7.958275770288596
EL,T,2017,616.6,69597.0,8.859577280629912
EL,T,2018,688.4,62703.0,10.978741049072612
EL,T,2019,806.4,53016.0,15.210502489814395
EL,T,2020,691.9,46101.0,15.00835122882367
EL,T,2021,787.3,47279.0,16.652213456291374
EL,T,2022,766.9,40131.0,19.109915028282373
EL,T,2023,743.5,45971.0,16.17323965108438
EL,T,2024,732.2,45876.0,15.960415031824919
ES,T,2008,10293.1,963616.0,10.681744595357488
ES,T,2009,10326.7,966556.0,10.684016239100476
ES,T,2010,10622.0,1002600.0,10.59445441851187
ES,T,2011,10295.7,1007956.0,10.214433963387291
ES,T,2012,9410.0,926567.0,10.155768552085277
ES,T,2013,8972.8,895989.0,10.014408659034876
ES,T,2014,8976.4,855704.0,10.490076007591409
ES,T,2015,9110.3,834398.0,10.918410638568165
ES,T,2016,9094.3,833918.0,10.905508695099517
ES,T,2017,9168.8,848857.0,10.801348165827694
ES,T,2018,9337.3,895896.0,10.42230348165412
ES,T,2019,8928.5,832315.0,10.727308771318553
ES,T,2020,8238.7,684774.0,12.03126871055268
ES,T,2021,8724.6,750219.0,11.629404213969522
ES,T,2022,8739.7,710060.0,12.308396473537448
ES,T,2023,9415.3,764306.0,12.318757147006565
ES,T,2024,9361.2,687859.0,13.609184440415843
EU27_2020,T,2008,42438.4,4485424.0,9.46140208818609
EU27_2020,T,2009,42440.5,4499239.0,9.432817416456428
EU27_2020,T,2010,42366.2,4594744.0,9.220578991996073
EU27_2020,T,2011,41465.3,4540397.0,9.132527397934586
EU27_2020,T,2012,40418.3,4414212.0,9.15640209396377
EU27_2020,T,2013,39527.6,4330765.0,9.127163445719175
EU27_2020,T,2014,39737.7,4308964.0,9.222100718409344
EU27_2020,T,2015,39545.1,4295333.0,9.206527177287535
EU27_2020,T,2016,39442.4,4247460.0,9.286114524916067
EU27_2020,T,2017,39479.4,4243429.0,9.303655133619532
EU27_2020,T,2018,39537.9,4267536.0,9.264807607949882
EU27_2020,T,2019,38987.6,4168729.0,9.35239493860119
EU27_2020,T,2020,36641.9,3837219.0,9.54907707899914
EU27_2020,T,2021,38112.8,4112542.0,9.267455505621585
EU27_2020,T,2022,37311.1,4031685.0,9.254468044998555
EU27_2020,T,2023,38729.9,4118047.0,9.404919370759973
EU27_2020,T,2024,39132.4,4100794.0,9.542639791220921
FI,T,2008,151.0,11900.0,12.689075630252102
FI,T,2009,162.8,13600.0,11.970588235294118
FI,T,2010,181.0,13600.0,13.308823529411764
FI,T,2011,197.1,13700.0,14.386861313868613
FI,T,2012,231.3,13500.0,17.133333333333333
FI,T,2013,275.2,15100.0,18.225165562913908
FI,T,2014,339.5,17800.0,19.073033707865168
FI,T,2015,343.8,18300.0,18.78688524590164
FI,T,2016,325.6,18200.0,17.89010989010989
FI,T,2017,325.6,18300.0,17.792349726775956
FI,T,2018,311.7,18500.0,16.84864864864865
FI,T,2019,305.2,15200.0,20.07894736842105
FI,T,2020,325.6,14400.0,22.611111111111114
FI,T,2021,335.2,14400.0,23.277777777777775
FI,T,2022,324.5,13300.0,24.398496240601503
FI,T,2023,281.7,13200.0,21.34090909090909
FI,T,2024,269.9,12900.0,20.92248062015504
FR,T,2008,3972.1,359381.0,11.052615469376512
FR,T,2009,3939.8,357650.0,11.015797567454216
FR,T,2010,3957.4,354619.0,11.159582537878682
FR,T,2011,3878.0,344546.0,11.255391152415061
FR,T,2012,3744.9,333147.0,11.24098370989383
FR,T,2013,3594.2,316490.0,11.356440961799741
FR,T,2014,3481.5,303245.0,11.480815841975959
FR,T,2015,3241.2,295344.0,10.974321469202014
FR,T,2016,3290.3,294449.0,11.174430886163648
FR,T,2017,3144.3,286490.0,10.975252190303326
FR,T,2018,3034.4,281711.0,10.771322383577496
FR,T,2019,2998.4,274917.0,10.906564526748072
FR,T,2020,2621.9,265858.0,9.862031610859932
FR,T,2021,2931.0,271449.0,10.797608390526397
FR,T,2022,2799.1,270345.0,10.353807172316856
FR,T,2023,2758.5,270904.0,10.182573900717598
FR,T,2024,2696.8,271426.0,9.93567307479755
HR,T,2008,83.0,2890.0,28.719723183391004
HR,T,2009,73.5,3099.0,23.71732817037754
HR,T,2010,68.1,2978.0,22.867696440564135
HR,T,2011,53.1,2803.0,18.943988583660364
HR,T,2012,46.1,4.0,11525.0
HR,T,2013,40.7,5.0,8140.000000000001
HR,T,2014,31.0,6.0,5166.666666666667
HR,T,2015,25.0,8.0,3125.0
HR,T,2016,21.9,10.0,2190.0
HR,T,2017,24.3,12.0,2025.0
HR,T,2018,22.9,15.0,1526.6666666666665
HR,T,2019,21.8,46.0,473.91304347826093
HR,T,2020,19.0,45.0,422.22222222222223
HR,T,2021,18.9,63.0,300.0
HR,T,2022,18.3,69.0,265.21739130434787
HR,T,2023,18.7,79.0,236.70886075949366
HR,T,2024,18.7,92.0,203.26086956521738
HU,T,2008,13.0,8281.0,1.5698587127158556
HU,T,2009,8.7,9380.0,0.9275053304904051
HU,T,2010,12.8,8671.0,1.4761849844308617
HU,T,2011,12.7,9216.0,1.3780381944444444
HU,T,2012,12.5,9377.0,1.3330489495574278
HU,T,2013,12.4,8856.0,1.4001806684733515
HU,T,2014,12.0,9090.0,1.3201320132013201
HU,T,2015,17.0,12492.0,1.360870957412744
HU,T,2016,18.5,12960.0,1.4274691358024691
HU,T,2017,17.6,10736.0,1.6393442622950822
HU,T,2018,30.5,16016.0,1.9043456543456543
HU,T,2019,21.2,14670.0,1.4451261077027948
HU,T,2020,20.0,13267.0,1.5074998115625236
HU,T,2021,18.1,11644.0,1.55444864307798
HU,T,2022,15.8,10230.0,1.544477028347996
HU,T,2023,14.4,6659.0,2.1624868598888725
HU,T,2024,14.0,10394.0,1.3469309216855878
IE,T,2008,232.6,14343.0,16.216969950498502
IE,T,2009,191.4,11079.0,17.27592743027349
IE,T,2010,35.0,10072.0,3.4749801429706113
IE,T,2011,55.4,10984.0,5.043699927166788
IE,T,2012,64.3,11571.0,5.556995938121164
IE,T,2013,56.4,10825.0,5.210161662817552
IE,T,2014,62.1,9121.0,6.808463984212257
IE,T,2015,60.5,11395.0,5.309346204475647
IE,T,2016,68.6,10319.0,6.647931001065994
IE,T,2017,151.6,9284.0,16.329168461869884
IE,T,2018,167.7,11213.0,14.955854811379647
IE,T,2019,166.5,10590.0,15.722379603399432
IE,T,2020,150.6,6668.0,22.585482903419315
IE,T,2021,168.9,5450.0,30.990825688073397
IE,T,2022,28.1,7093.0,3.961652333286339
IE,T,2023,66.3,6852.0,9.67600700525394
IE,T,2024,61.9,5385.0,11.49489322191272
IS,T,2008,6.4,1.0,6400.0
IS,T,2009,6.1,1.0,6100.0
IS,T,2011,6.1,2.0,3050.0
IS,T,2012,6.0,2.0,3000.0
IS,T,2013,6.0,3.0,2000.0
IS,T,2014,6.2,4.0,1550.0
IS,T,2015,6.5,6.0,1083.3333333333333
IS,T,2016,6.7,5.0,1340.0
IS,T,2017,7.0,3.0,2333.3333333333335
IS,T,2018,7.0,5.0,1400.0
IS,T,2019,7.0,7.0,1000.0
IS,T,2023,6.7,2.0,3350.0
IT,T,2008,16346.3,1942163.0,8.416543822531889
IT,T,2009,16281.9,1947343.0,8.36108482172889
IT,T,2010,16333.4,2004747.0,8.147362235733487
IT,T,2011,16198.6,1988395.0,8.146570475182244
IT,T,2012,16361.7,2008093.0,8.14787960517765
IT,T,2013,16434.1,2016756.0,8.148779525138389
IT,T,2014,16873.5,2070644.0,8.148914057655494
IT,T,2015,16976.6,2083210.0,8.14925043562579
IT,T,2016,16636.4,2041445.0,8.149325600248844
IT,T,2017,16485.5,2022651.0,8.15044216723498
IT,T,2018,16361.1,2007856.0,8.148542524961949
IT,T,2019,16090.7,1974452.0,8.149451088200676
IT,T,2020,15122.1,1856507.0,8.145458110311461
IT,T,2021,15771.0,1935622.0,8.14776852091989
IT,T,2022,14782.7,1813281.0,8.152459547086194
IT,T,2023,15056.6,1846971.0,8.152050032187837
IT,T,2024,15294.0,1876115.0,8.151952305695545
LT,T,2008,29.5,5903.0,4.9974589191936305
LT,T,2009,24.0,2543.0,9.43767204089658
LT,T,2010,23.9,2509.0,9.525707453168593
LT,T,2011,24.4,3693.0,6.607094503113999
LT,T,2012,24.6,4313.0,5.703686529098076
LT,T,2013,24.7,3453.0,7.153200115841297
LT,T,2014,24.1,1956.0,12.321063394683028
LT,T,2015,23.7,2195.0,10.797266514806378
LT,T,2016,24.3,3071.0,7.912732009117551
LT,T,2017,24.9,3536.0,7.0418552036199085
LT,T,2018,26.1,3652.0,7.146768893756846
LT,T,2019,27.5,3929.0,6.999236446933062
LT,T,2020,26.6,3045.0,8.735632183908047
LT,T,2021,25.2,1535.0,16.416938110749186
LT,T,2022,25.3,730.0,34.65753424657534
LT,T,2023,25.6,1897.0,13.494992092778071
LT,T,2024,25.8,981.0,26.299694189602448
LU,T,2008,107.3,6892.0,15.56877539175856
LU,T,2009,110.9,7123.0,15.56928260564369
LU,T,2010,113.8,7309.0,15.569845396087016
LU,T,2011,116.7,7497.0,15.56622649059624
LU,T,2012,120.3,7729.0,15.56475611333937
LU,T,2013,125.1,8035.0,15.569383945239577
LU,T,2014,129.4,8315.0,15.562236921226699
LU,T,2015,129.4,8316.0,15.560365560365561
LU,T,2016,132.5,8513.0,15.564430870433455
LU,T,2017,136.6,8776.0,15.565177757520509
LU,T,2018,133.5,8576.0,15.56669776119403
LU,T,2019,134.6,8650.0,15.560693641618496
LU,T,2020,122.1,8301.0,14.709071196241416
LU,T,2021,122.5,8331.0,14.704117152802786
LU,T,2022,118.6,8067.0,14.701871823478367
LU,T,2023,117.1,7964.0,14.703666499246609
LU,T,2024,115.8,7875.0,14.704761904761904
LV,T,2008,26.7,17735.0,1.5054976036086833
LV,T,2009,28.7,19363.0,1.4822083354852036
LV,T,2010,29.5,18855.0,1.5645717316361707
LV,T,2011,31.7,16603.0,1.9092935011744865
LV,T,2012,29.7,15721.0,1.889192799440239
LV,T,2013,26.9,14185.0,1.8963694043003172
LV,T,2014,25.9,14953.0,1.7320938942018322
LV,T,2015,25.9,12901.0,2.007596310363538
LV,T,2016,26.9,13377.0,2.010914255812215
LV,T,2017,28.0,16957.0,1.6512354779736982
LV,T,2018,28.7,20451.0,1.4033543592000393
LV,T,2019,28.7,20604.0,1.3929334109881577
LV,T,2020,29.6,18170.0,1.6290588882773802
LV,T,2021,25.4,13287.0,1.91164295928351
LV,T,2022,24.0,6228.0,3.8535645472061657
LV,T,2023,21.6,10819.0,1.9964876605970978
LV,T,2024,23.2,8554.0,2.712181435585691
MT,T,2008,3.6,532.0,6.7669172932330826
MT,T,2009,4.3,589.0,7.30050933786078
MT,T,2010,5.2,703.0,7.396870554765291
MT,T,2011,5.8,782.0,7.41687979539642
MT,T,2012,7.1,989.0,7.17896865520728
MT,T,2013,8.4,1197.0,7.017543859649123
MT,T,2014,7.3,1184.0,6.16554054054054
MT,T,2015,8.6,1153.0,7.458803122289679
MT,T,2016,8.6,1198.0,7.178631051752921
MT,T,2017,9.3,1252.0,7.428115015974441
MT,T,2018,11.2,1704.0,6.572769953051643
MT,T,2019,10.9,1534.0,7.105606258148631
MT,T,2020,12.0,1582.0,7.585335018963337
MT,T,2021,11.1,1360.0,8.161764705882353
MT,T,2022,16.4,2090.0,7.846889952153109
MT,T,2023,22.5,2807.0,8.015675097969362
MT,T,2024,28.5,2851.0,9.99649245878639
NL,T,2008,356.1,17655.0,20.169923534409516
NL,T,2009,402.2,20695.0,19.434646049770475
NL,T,2010,449.0,22924.0,19.586459605653463
NL,T,2011,464.0,24234.0,19.146653462078074
NL,T,2012,497.6,25707.0,19.3565954798304
NL,T,2013,490.8,26222.0,18.717107772099762
NL,T,2014,490.8,26732.0,18.360017956007784
NL,T,2015,528.5,25419.0,20.791533891970573
NL,T,2016,581.6,26926.0,21.599940577880115
NL,T,2017,645.3,29584.0,21.812466197944833
NL,T,2018,691.7,31528.0,21.939228622177115
NL,T,2019,745.3,34198.0,21.793672144569857
NL,T,2020,816.5,37725.0,21.64347249834327
NL,T,2021,868.0,39181.0,22.153594854648937
NL,T,2022,864.5,39860.0,21.688409433015554
NL,T,2023,888.5,43083.0,20.622983543392984
NL,T,2024,883.0,44712.0,19.74861334764716
NO,T,2008,45.5,2130.0,21.361502347417844
NO,T,2009,46.9,2200.0,21.318181818181817
NO,T,2010,46.2,2090.0,22.10526315789474
NO,T,2011,46.8,2270.0,20.616740088105725
NO,T,2012,56.6,2470.0,22.91497975708502
NO,T,2013,57.4,2440.0,23.524590163934427
NO,T,2014,60.3,2590.0,23.28185328185328
NO,T,2015,59.8,2580.0,23.17829457364341
NO,T,2016,63.2,2507.0,25.209413641802954
NO,T,2017,25.6,2733.0,9.366995975118918
NO,T,2018,26.8,2774.0,9.661139149242972
NO,T,2019,29.1,2810.0,10.355871886120998
NO,T,2020,28.3,2557.0,11.06765741102855
NO,T,2021,30.4,2458.0,12.367778681855166
NO,T,2022,32.5,2346.0,13.853367433930094
NO,T,2023,31.0,2211.0,14.020805065581186
NO,T,2024,30.5,2053.0,14.856307842182172
PL,T,2008,32.7,24343.0,1.3433019759273714
PL,T,2009,33.8,25721.0,1.3141013179891916
PL,T,2010,47.8,29851.0,1.6012863890656928
PL,T,2011,48.4,34605.0,1.3986418147666522
PL,T,2012,48.4,40441.0,1.1968052224227888
PL,T,2013,53.3,38537.0,1.3830863845135843
PL,T,2014,52.6,30220.0,1.7405691594970218
PL,T,2015,53.9,32391.0,1.6640424809360623
PL,T,2016,55.4,37063.0,1.4947521787227152
PL,T,2017,56.6,39279.0,1.4409735482064208
PL,T,2018,65.8,37489.0,1.7551815199125076
PL,T,2019,72.1,29318.0,2.459240057302681
PL,T,2020,70.9,22674.0,3.1269295228014466
PL,T,2021,53.1,130112.0,0.408109936055091
PL,T,2022,56.0,223447.0,0.2506187149525391
PL,T,2023,52.4,184151.0,0.28454909286400837
PL,T,2024,81.8,202794.0,0.4033649910746866
PT,T,2008,1288.7,203306.0,6.338720942815264
PT,T,2009,1277.4,201703.0,6.333073875946318
PT,T,2010,1232.0,195696.0,6.295478701659717
PT,T,2011,1175.8,185958.0,6.322933135439185
PT,T,2012,1126.9,178486.0,6.31366045516175
PT,T,2013,1083.3,170759.0,6.34402871883766
PT,T,2014,1076.3,166005.0,6.483539652420108
PT,T,2015,1020.5,161521.0,6.318063905003064
PT,T,2016,998.6,159287.0,6.269187064857773
PT,T,2017,962.6,155371.0,6.195493367488141
PT,T,2018,946.5,151892.0,6.231401258789139
PT,T,2019,955.4,156225.0,6.115538486157785
PT,T,2020,881.6,148168.0,5.950002699638248
PT,T,2021,796.3,137454.0,5.793210819619654
PT,T,2022,880.0,143489.0,6.132874296984438
PT,T,2023,912.4,154394.0,5.909556070831768
PT,T,2024,946.7,159334.0,5.941606938883101
RS,T,2008,40.4,13537.0,2.984413090049494
RS,T,2009,41.2,13809.0,2.9835614454341375
RS,T,2010,37.2,12492.0,2.9779058597502406
RS,T,2011,38.4,12878.0,2.9818294766268054
RS,T,2012,39.1,13107.0,2.9831387808041505
RS,T,2013,39.8,13518.0,2.9442225181239827
RS,T,2014,47.4,16088.0,2.9462953754351067
RS,T,2015,28.9,15978.0,1.808737013393416
RS,T,2016,29.9,28469.0,1.0502652007446698
RS,T,2017,41.0,26953.0,1.5211664749749565
RS,T,2018,36.8,19414.0,1.8955393015349746
RS,T,2019,35.9,21307.0,1.6848922889191345
RS,T,2020,23.6,16562.0,1.4249486776959306
RS,T,2021,25.1,13766.0,1.8233328490483802
RS,T,2022,30.0,15421.0,1.945399131055055
RS,T,2023,38.8,18634.0,2.0822153053558012
RS,T,2024,31.6,13920.0,2.270114942528736
SE,T,2008,114.5,3250.0,35.23076923076923
SE,T,2009,112.4,3290.0,34.16413373860183
SE,T,2010,112.9,3510.0,32.16524216524216
SE,T,2011,116.5,3700.0,31.486486486486484
SE,T,2012,124.1,4010.0,30.947630922693264
SE,T,2013,145.4,4870.0,29.85626283367557
SE,T,2014,169.7,5730.0,29.616055846422338
SE,T,2015,154.5,5230.0,29.54110898661568
SE,T,2016,189.4,6280.0,30.15923566878981
SE,T,2017,182.0,7040.0,25.852272727272727
SE,T,2018,218.2,8530.0,25.580304806565064
SE,T,2019,220.4,8700.0,25.333333333333332
SE,T,2020,224.3,10610.0,21.14043355325165
SE,T,2021,235.7,11830.0,19.923922231614537
SE,T,2022,212.0,12220.0,17.34860883797054
SE,T,2023,242.0,12020.0,20.133111480865225
SE,T,2024,235.2,13130.0,17.913175932977914
SI,T,2008,24.8,2209.0,11.226799456767768
SI,T,2009,25.4,2281.0,11.135466900482244
SI,T,2010,26.0,2418.0,10.752688172043012
SI,T,2011,26.0,2388.0,10.887772194304857
SI,T,2012,26.3,2714.0,9.690493736182757
SI,T,2013,26.2,2691.0,9.736157562244518
SI,T,2014,26.4,2728.0,9.677419354838708
SI,T,2015,26.4,2735.0,9.652650822669104
SI,T,2016,26.2,2520.0,10.396825396825397
SI,T,2017,26.2,2475.0,10.585858585858587
SI,T,2018,26.4,2292.0,11.518324607329843
SI,T,2019,26.5,2312.0,11.461937716262977
SI,T,2020,26.4,2326.0,11.349957007738606
SI,T,2021,26.3,2332.0,11.277873070325901
SI,T,2022,27.5,2476.0,11.106623586429725
SI,T,2023,27.1,2423.0,11.184482047049114
SI,T,2024,25.5,2377.0,10.72780816154817
SK,T,2008,30.8,7376.0,4.175704989154013
SK,T,2009,29.2,7245.0,4.030365769496204
SK,T,2010,33.9,7359.0,4.606604158173664
SK,T,2011,30.0,7276.0,4.123144584936778
SK,T,2012,30.7,7133.0,4.3039394364222625
SK,T,2013,28.5,7132.0,3.996074032529445
SK,T,2014,31.8,7111.0,4.471944874138658
SK,T,2015,30.9,6935.0,4.455659697188176
SK,T,2016,36.6,6949.0,5.266944884155994
SK,T,2017,40.9,6943.0,5.890825291660665
SK,T,2018,42.7,6930.0,6.161616161616163
SK,T,2019,50.9,6932.0,7.342758222735141
SK,T,2020,48.9,5146.0,9.50252623396813
SK,T,2021,52.9,4919.0,10.754218337060378
SK,T,2022,55.5,5247.0,10.577472841623786
SK,T,2023,51.9,5188.0,10.003855050115652
SK,T,2024,52.3,5303.0,9.862342070526118
UK,T,2008,3490.2,89410.0,39.035902024382054
UK,T,2009,3255.1,87470.0,37.213901909226024
UK,T,2010,4117.3,75687.0,54.399038143934895
UK,T,2011,4066.5,84471.0,48.14078204354157
UK,T,2012,4296.0,71041.0,60.47212173252066
UK,T,2013,4492.5,81179.0,55.34066692124811
UK,T,2014,4311.0,93286.0,46.21272216624145
UK,T,2015,4387.2,78508.0,55.882203087583434
UK,T,2016,5217.4,100915.0,51.70093643165039
UK,T,2017,5206.1,87781.0,59.30782287738805
UK,T,2018,5452.5,75391.0,72.32295632104628
